protein_a	protein_b	combined_score
AIF1	ALB	0.729
AIF1	APOE	0.594
AIF1	ARG1	0.654
AIF1	ATF3	0.442
AIF1	BDNF	0.72
AIF1	C1QA	0.847
AIF1	C1QB	0.513
AIF1	C1QC	0.728
AIF1	C3	0.416
AIF1	C3AR1	0.565
AIF1	CASP1	0.67
AIF1	CCL2	0.698
AIF1	CCL3	0.554
AIF1	CCL4	0.65
AIF1	CCL5	0.563
AIF1	CCR1	0.69
AIF1	CCR2	0.648
AIF1	CCR3	0.454
AIF1	CCR5	0.464
AIF1	CD14	0.423
AIF1	CD163	0.735
AIF1	CD33	0.498
AIF1	CD36	0.416
AIF1	CD4	0.631
AIF1	CD68	0.871
AIF1	CD69	0.553
AIF1	CD86	0.818
AIF1	CD8A	0.532
AIF1	CLDN5	0.582
AIF1	CLEC7A	0.539
AIF1	CSF1	0.574
AIF1	CSF1R	0.857
AIF1	CSF2	0.436
AIF1	CX3CL1	0.633
AIF1	CX3CR1	0.804
AIF1	CXCL1	0.449
AIF1	CXCL10	0.537
AIF1	CXCL9	0.403
AIF1	CXCR4	0.431
AIF1	CYBB	0.744
AIF1	FCER1G	0.782
AIF1	FCGR1A	0.574
AIF1	FCGR2A	0.635
AIF1	FCGR2B	0.601
AIF1	FCGR3A	0.717
AIF1	FCGR3B	0.681
AIF1	FOXP3	0.523
AIF1	GAP43	0.448
AIF1	GDNF	0.515
AIF1	GFAP	0.913
AIF1	HMOX1	0.528
AIF1	ICAM1	0.478
AIF1	IFNG	0.626
AIF1	IGF1	0.488
AIF1	IL10	0.705
AIF1	IL10RA	0.451
AIF1	IL13	0.424
AIF1	IL17A	0.455
AIF1	IL18	0.52
AIF1	IL1A	0.558
AIF1	IL1B	0.851
AIF1	IL1R1	0.404
AIF1	IL2	0.402
AIF1	IL4	0.589
AIF1	IL6	0.777
AIF1	IRF8	0.539
AIF1	ITGAM	0.843
AIF1	ITGAX	0.611
AIF1	ITGB2	0.72
AIF1	JUN	0.416
AIF1	LGALS3	0.52
AIF1	MBP	0.782
AIF1	MMP9	0.535
AIF1	MOG	0.604
AIF1	MPO	0.541
AIF1	MRC1	0.758
AIF1	MSR1	0.552
AIF1	MYD88	0.471
AIF1	NEFL	0.516
AIF1	NFKB1	0.805
AIF1	NFKBIA	0.499
AIF1	NGF	0.518
AIF1	NLRP3	0.561
AIF1	NOS2	0.501
AIF1	OCLN	0.486
AIF1	PECAM1	0.724
AIF1	PTGS2	0.59
AIF1	PTPRC	0.813
AIF1	SIGLEC1	0.419
AIF1	SPI1	0.655
AIF1	STAT3	0.453
AIF1	TGFB1	0.485
AIF1	TLR1	0.4
AIF1	TLR2	0.627
AIF1	TLR3	0.42
AIF1	TLR4	0.722
AIF1	TLR7	0.42
AIF1	TLR8	0.464
AIF1	TNF	0.846
AIF1	TREM2	0.752
AIF1	TRPV1	0.448
AIF1	TYROBP	0.943
ALB	ANK3	0.613
ALB	APOE	0.953
ALB	ARG1	0.591
ALB	BDNF	0.684
ALB	C1S	0.63
ALB	C3	0.959
ALB	C4A	0.584
ALB	C5	0.445
ALB	CASP1	0.611
ALB	CCL11	0.445
ALB	CCL2	0.739
ALB	CCL20	0.4
ALB	CCL3	0.543
ALB	CCL4	0.51
ALB	CCL5	0.598
ALB	CCR2	0.522
ALB	CCR5	0.497
ALB	CCR7	0.497
ALB	CD163	0.597
ALB	CD19	0.684
ALB	CD209	0.746
ALB	CD28	0.542
ALB	CD33	0.418
ALB	CD34	0.746
ALB	CD36	0.64
ALB	CD38	0.554
ALB	CD4	0.817
ALB	CD40	0.541
ALB	CD40LG	0.557
ALB	CD44	0.739
ALB	CD55	0.465
ALB	CD59	0.436
ALB	CD68	0.727
ALB	CD69	0.504
ALB	CD80	0.595
ALB	CD86	0.736
ALB	CD8A	0.771
ALB	CLDN5	0.613
ALB	COL18A1	0.459
ALB	CR1	0.575
ALB	CRP	0.928
ALB	CSF1	0.533
ALB	CSF1R	0.435
ALB	CSF2	0.672
ALB	CSF3	0.75
ALB	CTLA4	0.522
ALB	CX3CL1	0.403
ALB	CX3CR1	0.461
ALB	CXCL1	0.518
ALB	CXCL10	0.583
ALB	CXCL12	0.592
ALB	CXCL8	0.782
ALB	CXCL9	0.647
ALB	CXCR4	0.615
ALB	CYBB	0.553
ALB	F3	0.799
ALB	FCGR1A	0.475
ALB	FCGR2A	0.6
ALB	FCGR2B	0.601
ALB	FCGR3A	0.852
ALB	FCGR3B	0.824
ALB	FCGRT	0.999
ALB	FN1	0.998
ALB	FOXP3	0.677
ALB	GAP43	0.46
ALB	GDNF	0.584
ALB	GFAP	0.771
ALB	GJB1	0.446
ALB	GZMB	0.479
ALB	HMOX1	0.683
ALB	ICAM1	0.709
ALB	IDO1	0.453
ALB	IFNA1	0.758
ALB	IFNB1	0.572
ALB	IFNG	0.866
ALB	IGF1	0.83
ALB	IL10	0.847
ALB	IL13	0.61
ALB	IL15	0.66
ALB	IL17A	0.8
ALB	IL17F	0.56
ALB	IL18	0.63
ALB	IL1A	0.725
ALB	IL1B	0.836
ALB	IL1RN	0.403
ALB	IL2	0.718
ALB	IL3	0.591
ALB	IL33	0.438
ALB	IL4	0.725
ALB	IL5	0.619
ALB	IL6	0.926
ALB	IL6R	0.584
ALB	ITGAM	0.727
ALB	ITGAX	0.631
ALB	ITGB2	0.684
ALB	JUN	0.697
ALB	LBP	0.467
ALB	LGALS3	0.77
ALB	LY96	0.431
ALB	MBL2	0.555
ALB	MBP	0.649
ALB	MMP3	0.54
ALB	MMP9	0.745
ALB	MOG	0.469
ALB	MPO	0.887
ALB	MRC1	0.721
ALB	MYD88	0.563
ALB	NEFL	0.534
ALB	NFE2L2	0.59
ALB	NFKB1	0.621
ALB	NFKBIA	0.624
ALB	NGF	0.763
ALB	NLRP3	0.481
ALB	NOS2	0.499
ALB	OCLN	0.674
ALB	PECAM1	0.781
ALB	PRF1	0.447
ALB	PTGS2	0.772
ALB	PTPRC	0.773
ALB	PTX3	0.448
ALB	RETNLB	0.471
ALB	SCARB1	0.899
ALB	SCARB2	0.596
ALB	SELE	0.591
ALB	SELL	0.543
ALB	SELP	0.72
ALB	SOCS3	0.415
ALB	SOD2	0.521
ALB	SOX10	0.407
ALB	SRC	0.655
ALB	STAT1	0.545
ALB	STAT3	0.694
ALB	TGFB1	0.784
ALB	THBD	0.685
ALB	TLR2	0.733
ALB	TLR3	0.504
ALB	TLR4	0.821
ALB	TLR7	0.472
ALB	TLR9	0.494
ALB	TNF	0.87
ALB	TNFRSF1A	0.6
ALB	TNFSF13B	0.406
ALB	TRPV1	0.543
ALB	VCAM1	0.65
ANK3	CD44	0.98
ANK3	CD8A	0.437
ANK3	CNTN1	0.401
ANK3	CNTNAP1	0.558
ANK3	FN1	0.474
ANK3	KCNA1	0.455
ANK3	NFASC	0.996
ANK3	NFKB1	0.531
ANK3	SCN10A	0.806
ANK3	SCN8A	0.959
ANK3	SCN9A	0.662
ANK3	SRC	0.708
ANK3	TNF	0.418
ANK3	TRPA1	0.659
ANK3	TRPV1	0.447
APOE	ARG1	0.477
APOE	BDNF	0.831
APOE	C1QA	0.546
APOE	C1QB	0.705
APOE	C1QC	0.685
APOE	C3	0.732
APOE	C4A	0.52
APOE	C5	0.536
APOE	CASP1	0.517
APOE	CCL2	0.746
APOE	CCL3	0.692
APOE	CCL5	0.693
APOE	CCR2	0.82
APOE	CCR3	0.431
APOE	CCR5	0.783
APOE	CD14	0.485
APOE	CD163	0.493
APOE	CD33	0.813
APOE	CD34	0.447
APOE	CD36	0.795
APOE	CD4	0.701
APOE	CD40	0.44
APOE	CD40LG	0.4
APOE	CD44	0.937
APOE	CD59	0.596
APOE	CD68	0.843
APOE	CD8A	0.51
APOE	CLDN5	0.488
APOE	CLEC7A	0.585
APOE	CRP	0.803
APOE	CSF1	0.495
APOE	CSF1R	0.584
APOE	CSF2	0.513
APOE	CX3CL1	0.641
APOE	CX3CR1	0.764
APOE	CXCL1	0.427
APOE	CXCL10	0.476
APOE	CXCL12	0.5
APOE	CXCL13	0.557
APOE	CXCL2	0.48
APOE	CXCL8	0.683
APOE	CXCR4	0.558
APOE	CYBB	0.594
APOE	F3	0.534
APOE	FCGR3A	0.436
APOE	FCGR3B	0.421
APOE	FN1	0.712
APOE	FOXP3	0.471
APOE	GFAP	0.644
APOE	HMOX1	0.572
APOE	ICAM1	0.789
APOE	IFNG	0.838
APOE	IGF1	0.579
APOE	IL10	0.734
APOE	IL13	0.636
APOE	IL17A	0.686
APOE	IL18	0.549
APOE	IL1A	0.602
APOE	IL1B	0.846
APOE	IL1RN	0.509
APOE	IL2	0.431
APOE	IL4	0.542
APOE	IL5	0.59
APOE	IL6	0.835
APOE	ITGAM	0.699
APOE	ITGAX	0.529
APOE	JUN	0.545
APOE	LGALS3	0.581
APOE	MMP3	0.821
APOE	MMP9	0.769
APOE	MPO	0.63
APOE	MRC1	0.533
APOE	MSR1	0.878
APOE	MYD88	0.643
APOE	NEFL	0.613
APOE	NFE2L2	0.49
APOE	NFKB1	0.554
APOE	NFKBIA	0.478
APOE	NGF	0.609
APOE	NLRP3	0.505
APOE	NOS2	0.42
APOE	OCLN	0.58
APOE	PECAM1	0.595
APOE	PTGS2	0.521
APOE	PTPRC	0.58
APOE	RETNLB	0.448
APOE	SCARB1	0.968
APOE	SCARB2	0.797
APOE	SELE	0.616
APOE	SELP	0.593
APOE	SOD2	0.448
APOE	SRC	0.592
APOE	STAT1	0.733
APOE	STAT3	0.487
APOE	TGFB1	0.694
APOE	TLR2	0.543
APOE	TLR4	0.777
APOE	TNF	0.806
APOE	TREM1	0.48
APOE	TREM2	0.997
APOE	TYROBP	0.652
APOE	VCAM1	0.799
ARG1	BDNF	0.405
ARG1	CASP1	0.446
ARG1	CCL17	0.588
ARG1	CCL18	0.511
ARG1	CCL2	0.726
ARG1	CCL22	0.612
ARG1	CCL3	0.581
ARG1	CCL4	0.46
ARG1	CCL5	0.588
ARG1	CCR1	0.441
ARG1	CCR2	0.732
ARG1	CCR5	0.548
ARG1	CCR7	0.489
ARG1	CD163	0.78
ARG1	CD19	0.448
ARG1	CD1D	0.422
ARG1	CD209	0.416
ARG1	CD276	0.471
ARG1	CD28	0.516
ARG1	CD33	0.671
ARG1	CD34	0.429
ARG1	CD36	0.533
ARG1	CD4	0.761
ARG1	CD40	0.581
ARG1	CD40LG	0.406
ARG1	CD44	0.407
ARG1	CD68	0.742
ARG1	CD69	0.423
ARG1	CD80	0.693
ARG1	CD86	0.747
ARG1	CD8A	0.72
ARG1	CEACAM8	0.666
ARG1	CLEC7A	0.547
ARG1	CRP	0.436
ARG1	CSF1	0.674
ARG1	CSF1R	0.609
ARG1	CSF2	0.673
ARG1	CSF3	0.594
ARG1	CTLA4	0.612
ARG1	CX3CL1	0.45
ARG1	CX3CR1	0.612
ARG1	CXCL1	0.566
ARG1	CXCL10	0.61
ARG1	CXCL12	0.533
ARG1	CXCL2	0.451
ARG1	CXCL5	0.457
ARG1	CXCL8	0.561
ARG1	CXCL9	0.517
ARG1	CXCR1	0.449
ARG1	CXCR2	0.571
ARG1	CXCR4	0.49
ARG1	CYBB	0.534
ARG1	FCGR1A	0.521
ARG1	FCGR2A	0.52
ARG1	FCGR2B	0.547
ARG1	FCGR3A	0.65
ARG1	FCGR3B	0.665
ARG1	FN1	0.477
ARG1	FOXP3	0.687
ARG1	GFAP	0.423
ARG1	GZMB	0.522
ARG1	HMOX1	0.476
ARG1	ICAM1	0.506
ARG1	IDO1	0.775
ARG1	IDO2	0.72
ARG1	IFNA1	0.443
ARG1	IFNB1	0.461
ARG1	IFNG	0.801
ARG1	IGF1	0.543
ARG1	IL10	0.893
ARG1	IL13	0.807
ARG1	IL15	0.405
ARG1	IL17A	0.616
ARG1	IL18	0.513
ARG1	IL1A	0.608
ARG1	IL1B	0.8
ARG1	IL1R1	0.469
ARG1	IL2	0.632
ARG1	IL33	0.53
ARG1	IL4	0.88
ARG1	IL4R	0.769
ARG1	IL5	0.529
ARG1	IL6	0.804
ARG1	IRF8	0.418
ARG1	ITGAM	0.795
ARG1	ITGAX	0.666
ARG1	ITGB2	0.575
ARG1	JUN	0.415
ARG1	LGALS3	0.447
ARG1	MMP9	0.627
ARG1	MPO	0.557
ARG1	MRC1	0.881
ARG1	MSR1	0.616
ARG1	MYD88	0.53
ARG1	NFKB1	0.498
ARG1	NLRP3	0.421
ARG1	NOS2	0.98
ARG1	PDCD1LG2	0.584
ARG1	PECAM1	0.521
ARG1	PRF1	0.498
ARG1	PTGS2	0.612
ARG1	PTPRC	0.631
ARG1	RETNLB	0.836
ARG1	SCARB1	0.517
ARG1	SCARB2	0.528
ARG1	SELL	0.503
ARG1	SIGLEC1	0.408
ARG1	SIRPA	0.488
ARG1	SOCS3	0.489
ARG1	STAT1	0.599
ARG1	STAT3	0.684
ARG1	STAT6	0.732
ARG1	TGFB1	0.631
ARG1	TLR2	0.584
ARG1	TLR3	0.428
ARG1	TLR4	0.653
ARG1	TLR9	0.465
ARG1	TNF	0.777
ARG1	TREM2	0.445
ARG1	VCAM1	0.511
ATF3	BDNF	0.554
ATF3	CCL2	0.704
ATF3	CCL4	0.403
ATF3	CXCL10	0.404
ATF3	CXCL2	0.541
ATF3	CXCL8	0.453
ATF3	EGR2	0.803
ATF3	GAP43	0.532
ATF3	GFAP	0.538
ATF3	HMOX1	0.465
ATF3	IFNG	0.457
ATF3	IL1B	0.709
ATF3	IL6	0.779
ATF3	JUN	0.999
ATF3	LBP	0.401
ATF3	MMP9	0.598
ATF3	MYD88	0.619
ATF3	NFE2L2	0.633
ATF3	NFKB1	0.634
ATF3	NFKBIA	0.676
ATF3	NGF	0.572
ATF3	PTGS2	0.567
ATF3	SOCS3	0.527
ATF3	SPI1	0.587
ATF3	SRC	0.622
ATF3	STAT1	0.597
ATF3	STAT3	0.729
ATF3	TLR1	0.457
ATF3	TLR4	0.451
ATF3	TNF	0.57
ATF3	TRPV1	0.506
B4GALNT1	ST3GAL2	0.595
B4GALNT1	THBD	0.422
BDNF	CASP1	0.457
BDNF	CCL11	0.569
BDNF	CCL2	0.597
BDNF	CCL3	0.432
BDNF	CCL5	0.448
BDNF	CD34	0.446
BDNF	CD4	0.446
BDNF	CD40	0.428
BDNF	CD44	0.429
BDNF	CD68	0.434
BDNF	CLDN5	0.406
BDNF	CRP	0.72
BDNF	CSF1R	0.76
BDNF	CSF2	0.506
BDNF	CSF3	0.464
BDNF	CX3CL1	0.628
BDNF	CX3CR1	0.517
BDNF	CXCL12	0.699
BDNF	CXCL8	0.713
BDNF	CXCR4	0.492
BDNF	EGR2	0.485
BDNF	FN1	0.695
BDNF	GAP43	0.748
BDNF	GDNF	0.963
BDNF	GFAP	0.804
BDNF	HMOX1	0.627
BDNF	ICAM1	0.621
BDNF	IDO1	0.447
BDNF	IDO2	0.403
BDNF	IFNG	0.604
BDNF	IGF1	0.859
BDNF	IL10	0.695
BDNF	IL10RA	0.456
BDNF	IL13	0.448
BDNF	IL15	0.413
BDNF	IL17A	0.474
BDNF	IL18	0.482
BDNF	IL1A	0.645
BDNF	IL1B	0.844
BDNF	IL1R1	0.468
BDNF	IL2	0.479
BDNF	IL4	0.589
BDNF	IL6	0.846
BDNF	IL6R	0.41
BDNF	ITGAM	0.476
BDNF	JUN	0.644
BDNF	MBP	0.683
BDNF	MMP3	0.409
BDNF	MMP9	0.74
BDNF	MOG	0.463
BDNF	MPO	0.473
BDNF	NEFL	0.535
BDNF	NFE2L2	0.494
BDNF	NFKB1	0.54
BDNF	NFKBIA	0.4
BDNF	NGF	0.698
BDNF	NRG1	0.737
BDNF	P2RX3	0.476
BDNF	PECAM1	0.554
BDNF	PTGS2	0.654
BDNF	PTPRC	0.424
BDNF	SCN10A	0.406
BDNF	SELE	0.434
BDNF	SOX10	0.474
BDNF	SRC	0.688
BDNF	STAT3	0.685
BDNF	STMN2	0.414
BDNF	TGFB1	0.57
BDNF	TLR2	0.615
BDNF	TLR4	0.593
BDNF	TNF	0.739
BDNF	TNFRSF1B	0.513
BDNF	TREM2	0.471
BDNF	TRPA1	0.508
BDNF	TRPV1	0.653
BDNF	VCAM1	0.553
C1QA	C1QB	0.999
C1QA	C1QC	0.999
C1QA	C1S	0.99
C1QA	C3	0.605
C1QA	C3AR1	0.837
C1QA	C4A	0.983
C1QA	C5AR1	0.81
C1QA	CCL18	0.555
C1QA	CCL19	0.468
C1QA	CCL2	0.47
C1QA	CCL3	0.466
C1QA	CCL4	0.661
C1QA	CCL5	0.617
C1QA	CCL8	0.423
C1QA	CCR1	0.595
C1QA	CCR2	0.499
C1QA	CCR5	0.574
C1QA	CD14	0.472
C1QA	CD163	0.727
C1QA	CD33	0.555
C1QA	CD36	0.604
C1QA	CD4	0.498
C1QA	CD55	0.476
C1QA	CD59	0.414
C1QA	CD68	0.746
C1QA	CD86	0.491
C1QA	CLDN5	0.489
C1QA	CLEC7A	0.437
C1QA	CRP	0.698
C1QA	CSF1	0.4
C1QA	CSF1R	0.906
C1QA	CSF3	0.445
C1QA	CX3CR1	0.611
C1QA	CXCL10	0.479
C1QA	CXCL9	0.519
C1QA	CYBB	0.697
C1QA	FCER1G	0.792
C1QA	FCGR1A	0.554
C1QA	FCGR2A	0.403
C1QA	FCGR2B	0.506
C1QA	FCGR3A	0.702
C1QA	FCGR3B	0.479
C1QA	FN1	0.459
C1QA	GFAP	0.454
C1QA	GZMB	0.519
C1QA	IL10RA	0.433
C1QA	IL1B	0.474
C1QA	IL6	0.608
C1QA	IRF8	0.496
C1QA	ITGAM	0.703
C1QA	ITGAX	0.494
C1QA	ITGB2	0.736
C1QA	MBL2	0.852
C1QA	MRC1	0.703
C1QA	MSR1	0.678
C1QA	PECAM1	0.449
C1QA	PTPRC	0.522
C1QA	PTX3	0.642
C1QA	SCARB1	0.527
C1QA	SCARB2	0.562
C1QA	SIGLEC1	0.633
C1QA	SPI1	0.536
C1QA	THBD	0.52
C1QA	TLR2	0.506
C1QA	TLR4	0.457
C1QA	TLR7	0.428
C1QA	TLR8	0.472
C1QA	TLR9	0.495
C1QA	TNF	0.452
C1QA	TREM2	0.854
C1QA	TYROBP	0.89
C1QA	VSIG4	0.971
C1QB	C1QC	0.999
C1QB	C1S	0.995
C1QB	C3	0.483
C1QB	C3AR1	0.74
C1QB	C4A	0.973
C1QB	C5AR1	0.543
C1QB	CCL18	0.547
C1QB	CCL19	0.663
C1QB	CCL4	0.412
C1QB	CCL8	0.419
C1QB	CCR5	0.564
C1QB	CD14	0.583
C1QB	CD163	0.783
C1QB	CD33	0.525
C1QB	CD36	0.535
C1QB	CD4	0.409
C1QB	CD68	0.478
C1QB	CR1	0.489
C1QB	CRP	0.736
C1QB	CSF1R	0.779
C1QB	CX3CR1	0.434
C1QB	CXCL10	0.458
C1QB	CXCL9	0.503
C1QB	CYBB	0.431
C1QB	FCER1G	0.718
C1QB	FCGR1A	0.511
C1QB	FCGR3A	0.639
C1QB	FCGR3B	0.424
C1QB	FN1	0.698
C1QB	GZMB	0.546
C1QB	IL1B	0.53
C1QB	IRF8	0.475
C1QB	ITGAM	0.406
C1QB	ITGB2	0.708
C1QB	LGALS3	0.511
C1QB	MBL2	0.605
C1QB	MRC1	0.531
C1QB	MSR1	0.521
C1QB	PTPRC	0.533
C1QB	PTX3	0.914
C1QB	SCARB1	0.456
C1QB	SCARB2	0.558
C1QB	SIGLEC1	0.571
C1QB	SPI1	0.428
C1QB	TLR2	0.44
C1QB	TREM2	0.691
C1QB	TYROBP	0.852
C1QB	VSIG4	0.961
C1QC	C1S	0.992
C1QC	C3	0.608
C1QC	C3AR1	0.665
C1QC	C4A	0.972
C1QC	C5AR1	0.45
C1QC	CCL18	0.496
C1QC	CCL19	0.593
C1QC	CCL8	0.413
C1QC	CCR1	0.578
C1QC	CD163	0.678
C1QC	CD33	0.506
C1QC	CD4	0.401
C1QC	CD68	0.538
C1QC	CRP	0.544
C1QC	CSF1R	0.809
C1QC	CX3CR1	0.425
C1QC	FCER1G	0.645
C1QC	FCGR1A	0.447
C1QC	FCGR2B	0.403
C1QC	FCGR3A	0.623
C1QC	FCGR3B	0.427
C1QC	IL10RA	0.424
C1QC	IRF8	0.464
C1QC	ITGB2	0.554
C1QC	LY96	0.418
C1QC	MBL2	0.455
C1QC	MRC1	0.617
C1QC	MSR1	0.647
C1QC	PRF1	0.429
C1QC	PTX3	0.547
C1QC	SIGLEC1	0.604
C1QC	SIRPA	0.416
C1QC	SPI1	0.439
C1QC	TNFSF13B	0.478
C1QC	TREM2	0.682
C1QC	TYROBP	0.724
C1QC	VSIG4	0.943
C1S	C3	0.908
C1S	C3AR1	0.606
C1S	C4A	0.993
C1S	C5	0.571
C1S	C5AR1	0.659
C1S	CD163	0.703
C1S	CD55	0.644
C1S	CD59	0.657
C1S	CR1	0.546
C1S	CRP	0.835
C1S	CXCL12	0.59
C1S	FN1	0.468
C1S	IL6	0.444
C1S	MBL2	0.897
C1S	PTX3	0.811
C1S	VCAM1	0.434
C1S	VSIG4	0.471
C3	C3AR1	0.998
C3	C4A	0.998
C3	C5	0.974
C3	C5AR1	0.977
C3	CCL2	0.737
C3	CCL3	0.401
C3	CCL5	0.426
C3	CD19	0.706
C3	CD36	0.545
C3	CD4	0.59
C3	CD40	0.402
C3	CD40LG	0.554
C3	CD55	0.999
C3	CD59	0.841
C3	CD68	0.426
C3	CD86	0.559
C3	CD8A	0.548
C3	CLEC7A	0.4
C3	CR1	0.999
C3	CR2	0.999
C3	CRP	0.985
C3	CSF2	0.446
C3	CXCL1	0.413
C3	CXCL10	0.46
C3	CXCL8	0.783
C3	F3	0.803
C3	FCGR1A	0.436
C3	FCGR2A	0.459
C3	FCGR2B	0.428
C3	FCGR3A	0.653
C3	FCGR3B	0.646
C3	FCGRT	0.573
C3	FN1	0.623
C3	ICAM1	0.705
C3	IFNA1	0.418
C3	IFNG	0.603
C3	IL10	0.729
C3	IL13	0.404
C3	IL17A	0.447
C3	IL18	0.43
C3	IL1A	0.53
C3	IL1B	0.664
C3	IL2	0.684
C3	IL4	0.493
C3	IL6	0.666
C3	ITGAM	0.999
C3	ITGAX	0.969
C3	ITGB2	0.998
C3	MBL2	0.934
C3	MMP9	0.609
C3	MPO	0.786
C3	MRC1	0.52
C3	MYD88	0.419
C3	PTPRC	0.419
C3	PTX3	0.737
C3	SCARB1	0.562
C3	SCARB2	0.547
C3	SCN10A	0.438
C3	SELE	0.421
C3	SELP	0.991
C3	SRC	0.603
C3	THBD	0.933
C3	TLR2	0.533
C3	TLR3	0.426
C3	TLR4	0.51
C3	TLR9	0.613
C3	TNF	0.621
C3	TREM2	0.413
C3	VCAM1	0.453
C3	VSIG4	0.999
C3AR1	C4A	0.987
C3AR1	C5	0.88
C3AR1	C5AR1	0.987
C3AR1	CASP1	0.425
C3AR1	CCL19	0.493
C3AR1	CCL2	0.671
C3AR1	CCL3	0.446
C3AR1	CCL4	0.635
C3AR1	CCL5	0.405
C3AR1	CCL7	0.5
C3AR1	CCR1	0.733
C3AR1	CCR5	0.643
C3AR1	CCR7	0.45
C3AR1	CCRL2	0.434
C3AR1	CD163	0.633
C3AR1	CD1D	0.427
C3AR1	CD33	0.574
C3AR1	CD36	0.529
C3AR1	CD4	0.558
C3AR1	CD55	0.663
C3AR1	CD59	0.612
C3AR1	CD68	0.626
C3AR1	CD86	0.551
C3AR1	CD8A	0.425
C3AR1	CLEC7A	0.453
C3AR1	CR1	0.67
C3AR1	CR2	0.433
C3AR1	CSF1R	0.754
C3AR1	CXCL10	0.611
C3AR1	CXCL13	0.49
C3AR1	CXCL3	0.414
C3AR1	CXCL5	0.571
C3AR1	CXCL8	0.796
C3AR1	CYBB	0.699
C3AR1	FCER1G	0.844
C3AR1	FCGR1A	0.569
C3AR1	FCGR2A	0.676
C3AR1	FCGR2B	0.635
C3AR1	FCGR3A	0.544
C3AR1	FCGR3B	0.465
C3AR1	IDO1	0.44
C3AR1	IFNG	0.465
C3AR1	IL10	0.438
C3AR1	IL10RA	0.419
C3AR1	IL1B	0.739
C3AR1	IL1RN	0.408
C3AR1	IL33	0.503
C3AR1	IL4	0.574
C3AR1	IL6	0.5
C3AR1	ITGAM	0.739
C3AR1	ITGAX	0.661
C3AR1	ITGB2	0.786
C3AR1	MBL2	0.588
C3AR1	MSR1	0.508
C3AR1	NLRP3	0.404
C3AR1	PTPRC	0.435
C3AR1	SCARB1	0.497
C3AR1	SCARB2	0.507
C3AR1	SELP	0.605
C3AR1	SPI1	0.451
C3AR1	SRC	0.558
C3AR1	TLR1	0.453
C3AR1	TLR2	0.753
C3AR1	TLR4	0.605
C3AR1	TLR7	0.406
C3AR1	TLR8	0.489
C3AR1	TNF	0.507
C3AR1	TNFSF13B	0.402
C3AR1	TREM2	0.538
C3AR1	TYROBP	0.738
C3AR1	VSIG4	0.783
C4A	C5	0.766
C4A	C5AR1	0.98
C4A	CCL2	0.404
C4A	CCL5	0.504
C4A	CD4	0.456
C4A	CD55	0.995
C4A	CD59	0.712
C4A	CR1	0.999
C4A	CR2	0.588
C4A	CRP	0.787
C4A	CX3CR1	0.56
C4A	FCGR3A	0.569
C4A	FCGR3B	0.571
C4A	FN1	0.461
C4A	IFNG	0.432
C4A	IL10	0.46
C4A	IL1A	0.405
C4A	IL1B	0.49
C4A	IL6	0.48
C4A	ITGAM	0.505
C4A	ITGB2	0.633
C4A	MBL2	0.981
C4A	PTX3	0.608
C4A	THBD	0.596
C4A	TNF	0.506
C4A	TREM2	0.437
C4A	VSIG4	0.665
C5	C5AR1	0.999
C5	CD34	0.776
C5	CD55	0.501
C5	CD59	0.746
C5	CRP	0.439
C5	CXCL8	0.754
C5	FN1	0.51
C5	IL1B	0.411
C5	IL6	0.427
C5	MBL2	0.592
C5	SRC	0.542
C5	TNF	0.417
C5AR1	CCL2	0.547
C5AR1	CCL3	0.598
C5AR1	CCL4	0.419
C5AR1	CCL5	0.453
C5AR1	CCR1	0.638
C5AR1	CCR3	0.418
C5AR1	CCR5	0.874
C5AR1	CCR6	0.416
C5AR1	CCRL2	0.461
C5AR1	CD14	0.426
C5AR1	CD163	0.577
C5AR1	CD1D	0.427
C5AR1	CD4	0.597
C5AR1	CD55	0.71
C5AR1	CD59	0.652
C5AR1	CD68	0.58
C5AR1	CD80	0.449
C5AR1	CD86	0.571
C5AR1	CD8A	0.5
C5AR1	CLEC7A	0.582
C5AR1	CR1	0.765
C5AR1	CR2	0.501
C5AR1	CSF1R	0.485
C5AR1	CSF2	0.418
C5AR1	CX3CL1	0.622
C5AR1	CX3CR1	0.504
C5AR1	CXCL1	0.416
C5AR1	CXCL10	0.412
C5AR1	CXCL12	0.573
C5AR1	CXCL2	0.59
C5AR1	CXCL8	0.789
C5AR1	CXCR1	0.645
C5AR1	CXCR2	0.783
C5AR1	F3	0.45
C5AR1	FCER1G	0.776
C5AR1	FCGR1A	0.572
C5AR1	FCGR2A	0.719
C5AR1	FCGR2B	0.526
C5AR1	FCGR3A	0.61
C5AR1	FCGR3B	0.657
C5AR1	ICAM1	0.466
C5AR1	IFNG	0.696
C5AR1	IL10	0.682
C5AR1	IL17A	0.472
C5AR1	IL1A	0.423
C5AR1	IL1B	0.622
C5AR1	IL4	0.606
C5AR1	IL6	0.6
C5AR1	ITGAM	0.822
C5AR1	ITGAX	0.664
C5AR1	ITGB2	0.608
C5AR1	MBL2	0.772
C5AR1	MMP9	0.462
C5AR1	MPO	0.53
C5AR1	MRC1	0.59
C5AR1	MSR1	0.492
C5AR1	MYD88	0.438
C5AR1	NLRP3	0.465
C5AR1	PTGS2	0.558
C5AR1	PTPRC	0.518
C5AR1	S1PR1	0.43
C5AR1	SELL	0.451
C5AR1	SELP	0.628
C5AR1	SIRPA	0.427
C5AR1	SPI1	0.52
C5AR1	SRC	0.587
C5AR1	THBD	0.45
C5AR1	TLR1	0.41
C5AR1	TLR2	0.922
C5AR1	TLR4	0.691
C5AR1	TLR8	0.528
C5AR1	TNF	0.713
C5AR1	TREM1	0.485
C5AR1	TYROBP	0.605
C5AR1	VSIG4	0.556
CACNA2D1	SCN10A	0.71
CACNA2D1	SCN8A	0.487
CACNA2D1	SCN9A	0.538
CASP1	CCL2	0.707
CASP1	CCL20	0.433
CASP1	CCL3	0.57
CASP1	CCL4	0.486
CASP1	CCL5	0.64
CASP1	CCR1	0.4
CASP1	CCR2	0.515
CASP1	CCR5	0.503
CASP1	CCRL2	0.409
CASP1	CD163	0.473
CASP1	CD36	0.553
CASP1	CD4	0.715
CASP1	CD40	0.487
CASP1	CD40LG	0.423
CASP1	CD44	0.456
CASP1	CD68	0.615
CASP1	CD80	0.485
CASP1	CD86	0.586
CASP1	CD8A	0.644
CASP1	CLEC7A	0.616
CASP1	CRP	0.507
CASP1	CSF1	0.529
CASP1	CSF1R	0.435
CASP1	CSF2	0.589
CASP1	CSF3	0.436
CASP1	CX3CR1	0.448
CASP1	CXCL1	0.578
CASP1	CXCL10	0.657
CASP1	CXCL12	0.406
CASP1	CXCL2	0.457
CASP1	CXCL8	0.668
CASP1	CXCL9	0.674
CASP1	CXCR2	0.448
CASP1	CXCR4	0.435
CASP1	CYBB	0.651
CASP1	FCER1G	0.466
CASP1	FCGR1A	0.402
CASP1	FCGR2A	0.457
CASP1	FCGR2B	0.401
CASP1	FCGR3A	0.556
CASP1	FCGR3B	0.545
CASP1	FN1	0.402
CASP1	FOXP3	0.438
CASP1	GFAP	0.483
CASP1	GZMB	0.661
CASP1	HMOX1	0.598
CASP1	ICAM1	0.65
CASP1	IDO1	0.436
CASP1	IFNA1	0.579
CASP1	IFNB1	0.791
CASP1	IFNG	0.893
CASP1	IL10	0.724
CASP1	IL10RA	0.427
CASP1	IL13	0.547
CASP1	IL15	0.563
CASP1	IL17A	0.635
CASP1	IL18	0.998
CASP1	IL1A	0.968
CASP1	IL1B	0.999
CASP1	IL1R1	0.876
CASP1	IL1RN	0.794
CASP1	IL2	0.529
CASP1	IL33	0.987
CASP1	IL4	0.616
CASP1	IL4R	0.484
CASP1	IL5	0.453
CASP1	IL6	0.881
CASP1	IRF8	0.463
CASP1	ITGAM	0.661
CASP1	ITGAX	0.582
CASP1	ITGB2	0.507
CASP1	JUN	0.592
CASP1	LGALS3	0.433
CASP1	LY96	0.651
CASP1	MMP9	0.568
CASP1	MPO	0.581
CASP1	MRC1	0.474
CASP1	MYD88	0.921
CASP1	NFE2L2	0.644
CASP1	NFKB1	0.826
CASP1	NFKBIA	0.681
CASP1	NLRP3	0.999
CASP1	NOS2	0.428
CASP1	OCLN	0.428
CASP1	PECAM1	0.434
CASP1	PRF1	0.487
CASP1	PTGS2	0.631
CASP1	PTPRC	0.614
CASP1	SCARB1	0.489
CASP1	SCARB2	0.499
CASP1	SELE	0.44
CASP1	SELL	0.459
CASP1	SELP	0.431
CASP1	SOCS3	0.44
CASP1	SOD2	0.452
CASP1	SPI1	0.499
CASP1	SRC	0.456
CASP1	STAT1	0.702
CASP1	STAT3	0.609
CASP1	STAT6	0.447
CASP1	TGFB1	0.57
CASP1	TIRAP	0.746
CASP1	TLR1	0.726
CASP1	TLR2	0.809
CASP1	TLR3	0.726
CASP1	TLR4	0.916
CASP1	TLR5	0.658
CASP1	TLR6	0.555
CASP1	TLR7	0.67
CASP1	TLR8	0.643
CASP1	TLR9	0.771
CASP1	TNF	0.904
CASP1	TNFRSF1A	0.74
CASP1	TNFRSF1B	0.439
CASP1	TNFSF13B	0.506
CASP1	TREM1	0.445
CASP1	TYROBP	0.437
CASP1	VCAM1	0.506
CCL11	CCL17	0.616
CCL11	CCL18	0.998
CCL11	CCL19	0.634
CCL11	CCL2	0.998
CCL11	CCL20	0.686
CCL11	CCL22	0.866
CCL11	CCL3	0.507
CCL11	CCL5	0.995
CCL11	CCL8	0.997
CCL11	CCR1	0.996
CCL11	CCR2	0.998
CCL11	CCR3	0.999
CCL11	CCR5	0.998
CCL11	CCR6	0.78
CCL11	CCR7	0.806
CCL11	CCRL2	0.455
CCL11	CD163	0.444
CCL11	CD4	0.674
CCL11	CD40	0.451
CCL11	CD40LG	0.731
CCL11	CD68	0.453
CCL11	CD69	0.652
CCL11	CD80	0.423
CCL11	CD86	0.482
CCL11	CD8A	0.603
CCL11	CRP	0.523
CCL11	CSF1	0.62
CCL11	CSF2	0.996
CCL11	CSF3	0.995
CCL11	CX3CL1	0.992
CCL11	CX3CR1	0.874
CCL11	CXCL1	0.999
CCL11	CXCL10	0.999
CCL11	CXCL12	0.998
CCL11	CXCL13	0.767
CCL11	CXCL2	0.997
CCL11	CXCL3	0.996
CCL11	CXCL5	0.998
CCL11	CXCL8	0.929
CCL11	CXCL9	0.999
CCL11	CXCR1	0.804
CCL11	CXCR2	0.907
CCL11	CXCR3	0.989
CCL11	CXCR4	0.876
CCL11	FCGR3A	0.569
CCL11	FCGR3B	0.475
CCL11	FOXP3	0.448
CCL11	ICAM1	0.618
CCL11	IFNA1	0.697
CCL11	IFNB1	0.641
CCL11	IFNG	0.979
CCL11	IL10	0.843
CCL11	IL13	0.944
CCL11	IL15	0.806
CCL11	IL17A	0.818
CCL11	IL17F	0.686
CCL11	IL18	0.664
CCL11	IL1A	0.974
CCL11	IL1B	0.957
CCL11	IL1R1	0.674
CCL11	IL1RN	0.507
CCL11	IL2	0.861
CCL11	IL3	0.788
CCL11	IL31	0.575
CCL11	IL33	0.844
CCL11	IL4	0.955
CCL11	IL4R	0.726
CCL11	IL5	0.934
CCL11	IL6	0.814
CCL11	ITGAM	0.54
CCL11	ITGAX	0.488
CCL11	MMP3	0.434
CCL11	MMP9	0.485
CCL11	NGF	0.636
CCL11	PTGS2	0.612
CCL11	PTPRC	0.487
CCL11	RETNLB	0.438
CCL11	SELE	0.674
CCL11	SELL	0.411
CCL11	STAT1	0.401
CCL11	STAT3	0.695
CCL11	STAT6	0.895
CCL11	TGFB1	0.55
CCL11	TLR2	0.466
CCL11	TLR4	0.499
CCL11	TNF	0.861
CCL11	TNFRSF1B	0.402
CCL11	TNFSF13B	0.408
CCL11	VCAM1	0.723
CCL17	CCL18	0.543
CCL17	CCL19	0.854
CCL17	CCL2	0.75
CCL17	CCL20	0.741
CCL17	CCL22	0.964
CCL17	CCL3	0.51
CCL17	CCL4	0.943
CCL17	CCL5	0.999
CCL17	CCL7	0.459
CCL17	CCR1	0.942
CCL17	CCR2	0.946
CCL17	CCR3	0.986
CCL17	CCR5	0.981
CCL17	CCR6	0.964
CCL17	CCR7	0.932
CCL17	CCRL2	0.901
CCL17	CD163	0.634
CCL17	CD1C	0.503
CCL17	CD1D	0.427
CCL17	CD209	0.415
CCL17	CD276	0.434
CCL17	CD28	0.402
CCL17	CD4	0.718
CCL17	CD40	0.561
CCL17	CD40LG	0.524
CCL17	CD68	0.455
CCL17	CD80	0.587
CCL17	CD86	0.627
CCL17	CD8A	0.742
CCL17	CSF1	0.57
CCL17	CSF1R	0.418
CCL17	CSF2	0.698
CCL17	CSF3	0.516
CCL17	CTLA4	0.499
CCL17	CX3CL1	0.856
CCL17	CX3CR1	0.799
CCL17	CXCL1	0.812
CCL17	CXCL10	0.883
CCL17	CXCL12	0.632
CCL17	CXCL13	0.797
CCL17	CXCL2	0.743
CCL17	CXCL3	0.714
CCL17	CXCL5	0.875
CCL17	CXCL8	0.857
CCL17	CXCL9	0.791
CCL17	CXCR1	0.874
CCL17	CXCR2	0.821
CCL17	CXCR3	0.956
CCL17	CXCR4	0.912
CCL17	FCGR1A	0.407
CCL17	FCGR3A	0.446
CCL17	FCGR3B	0.433
CCL17	FOXP3	0.753
CCL17	GZMB	0.415
CCL17	ICAM1	0.524
CCL17	IDO1	0.47
CCL17	IFNA1	0.434
CCL17	IFNB1	0.412
CCL17	IFNG	0.764
CCL17	IL10	0.768
CCL17	IL13	0.913
CCL17	IL15	0.722
CCL17	IL17A	0.682
CCL17	IL17F	0.438
CCL17	IL18	0.53
CCL17	IL1A	0.633
CCL17	IL1B	0.684
CCL17	IL2	0.741
CCL17	IL3	0.552
CCL17	IL31	0.586
CCL17	IL33	0.779
CCL17	IL3RA	0.543
CCL17	IL4	0.794
CCL17	IL4R	0.533
CCL17	IL5	0.776
CCL17	IL6	0.806
CCL17	ITGAE	0.453
CCL17	ITGAM	0.555
CCL17	ITGAX	0.542
CCL17	MMP9	0.455
CCL17	MRC1	0.62
CCL17	MSR1	0.436
CCL17	PDCD1LG2	0.426
CCL17	PTPRC	0.428
CCL17	RETNLB	0.418
CCL17	SELE	0.45
CCL17	SELL	0.449
CCL17	STAT1	0.448
CCL17	STAT3	0.445
CCL17	STAT6	0.573
CCL17	TBX21	0.412
CCL17	TGFB1	0.472
CCL17	TLR2	0.454
CCL17	TLR4	0.454
CCL17	TNF	0.709
CCL17	TNFSF13B	0.411
CCL17	TREM1	0.525
CCL17	VCAM1	0.623
CCL18	CCL19	0.837
CCL18	CCL2	0.676
CCL18	CCL20	0.631
CCL18	CCL22	0.496
CCL18	CCL3	0.47
CCL18	CCR1	0.956
CCL18	CCR2	0.839
CCL18	CCR3	0.811
CCL18	CCR5	0.903
CCL18	CCR6	0.865
CCL18	CCR7	0.87
CCL18	CCRL2	0.686
CCL18	CD163	0.78
CCL18	CD209	0.503
CCL18	CD4	0.57
CCL18	CD40	0.408
CCL18	CD44	0.489
CCL18	CD68	0.529
CCL18	CD80	0.534
CCL18	CD86	0.552
CCL18	CD8A	0.624
CCL18	COL18A1	0.469
CCL18	CSF1	0.522
CCL18	CSF1R	0.503
CCL18	CSF2	0.513
CCL18	CTLA4	0.585
CCL18	CX3CL1	0.426
CCL18	CX3CR1	0.787
CCL18	CXCL1	0.753
CCL18	CXCL10	0.717
CCL18	CXCL12	0.582
CCL18	CXCL13	0.795
CCL18	CXCL2	0.704
CCL18	CXCL3	0.734
CCL18	CXCL5	0.75
CCL18	CXCL8	0.855
CCL18	CXCL9	0.776
CCL18	CXCR1	0.776
CCL18	CXCR2	0.785
CCL18	CXCR3	0.787
CCL18	CXCR4	0.798
CCL18	FCGR3A	0.411
CCL18	FOXP3	0.401
CCL18	ICAM1	0.424
CCL18	IDO1	0.476
CCL18	IFNG	0.647
CCL18	IL10	0.696
CCL18	IL13	0.747
CCL18	IL17A	0.47
CCL18	IL18	0.406
CCL18	IL1A	0.479
CCL18	IL1B	0.745
CCL18	IL1RN	0.457
CCL18	IL31	0.418
CCL18	IL33	0.447
CCL18	IL4	0.625
CCL18	IL5	0.46
CCL18	IL6	0.609
CCL18	ITGAM	0.44
CCL18	MMP9	0.594
CCL18	MRC1	0.771
CCL18	MSR1	0.593
CCL18	NOS2	0.514
CCL18	SIGLEC1	0.418
CCL18	STAT3	0.63
CCL18	STAT6	0.629
CCL18	TGFB1	0.456
CCL18	TLR4	0.432
CCL18	TNF	0.569
CCL18	VCAM1	0.466
CCL18	VSIG4	0.417
CCL19	CCL2	0.892
CCL19	CCL20	0.961
CCL19	CCL22	0.947
CCL19	CCL3	0.831
CCL19	CCL4	0.782
CCL19	CCL5	0.756
CCL19	CCL7	0.805
CCL19	CCL8	0.771
CCL19	CCR1	0.912
CCL19	CCR2	0.974
CCL19	CCR3	0.909
CCL19	CCR5	0.994
CCL19	CCR6	0.989
CCL19	CCR7	0.999
CCL19	CCRL2	0.998
CCL19	CD163	0.465
CCL19	CD19	0.732
CCL19	CD1C	0.512
CCL19	CD1D	0.441
CCL19	CD209	0.462
CCL19	CD276	0.42
CCL19	CD28	0.464
CCL19	CD34	0.427
CCL19	CD38	0.419
CCL19	CD4	0.888
CCL19	CD40	0.648
CCL19	CD40LG	0.617
CCL19	CD44	0.587
CCL19	CD68	0.409
CCL19	CD69	0.549
CCL19	CD80	0.671
CCL19	CD83	0.606
CCL19	CD86	0.657
CCL19	CD8A	0.865
CCL19	CR2	0.485
CCL19	CSF1	0.415
CCL19	CSF1R	0.422
CCL19	CSF2	0.743
CCL19	CSF3	0.632
CCL19	CTLA4	0.481
CCL19	CX3CL1	0.801
CCL19	CX3CR1	0.969
CCL19	CXCL1	0.888
CCL19	CXCL10	0.935
CCL19	CXCL12	0.966
CCL19	CXCL13	0.998
CCL19	CXCL2	0.863
CCL19	CXCL3	0.84
CCL19	CXCL5	0.88
CCL19	CXCL8	0.925
CCL19	CXCL9	0.962
CCL19	CXCR1	0.922
CCL19	CXCR2	0.939
CCL19	CXCR3	0.987
CCL19	CXCR4	0.998
CCL19	FCGR3A	0.493
CCL19	FCGR3B	0.45
CCL19	FOXP3	0.51
CCL19	GDNF	0.473
CCL19	GZMB	0.474
CCL19	ICAM1	0.597
CCL19	IDO1	0.47
CCL19	IFNA1	0.479
CCL19	IFNG	0.797
CCL19	IL10	0.853
CCL19	IL13	0.502
CCL19	IL15	0.571
CCL19	IL17A	0.587
CCL19	IL18	0.839
CCL19	IL1A	0.688
CCL19	IL1B	0.756
CCL19	IL2	0.586
CCL19	IL33	0.521
CCL19	IL4	0.582
CCL19	IL5	0.476
CCL19	IL6	0.84
CCL19	ITGAE	0.469
CCL19	ITGAM	0.525
CCL19	ITGAX	0.614
CCL19	ITGB2	0.643
CCL19	MMP9	0.477
CCL19	MS4A1	0.446
CCL19	NFKB1	0.521
CCL19	PECAM1	0.685
CCL19	PTPRC	0.603
CCL19	S1PR1	0.639
CCL19	SELE	0.455
CCL19	SELL	0.937
CCL19	SELP	0.463
CCL19	SIGLEC1	0.43
CCL19	SRC	0.618
CCL19	STAT3	0.673
CCL19	TBX21	0.452
CCL19	TLR2	0.438
CCL19	TLR3	0.426
CCL19	TLR4	0.446
CCL19	TLR7	0.455
CCL19	TLR8	0.516
CCL19	TLR9	0.523
CCL19	TNF	0.836
CCL19	TNFSF13B	0.617
CCL19	VCAM1	0.778
CCL2	CCL20	0.979
CCL2	CCL22	0.914
CCL2	CCL3	0.576
CCL2	CCL4	0.787
CCL2	CCL5	0.999
CCL2	CCL7	0.883
CCL2	CCL8	0.999
CCL2	CCR1	0.999
CCL2	CCR2	0.999
CCL2	CCR3	0.998
CCL2	CCR5	0.999
CCL2	CCR6	0.996
CCL2	CCR7	0.965
CCL2	CCRL2	0.99
CCL2	CD163	0.784
CCL2	CD19	0.594
CCL2	CD1C	0.487
CCL2	CD1D	0.46
CCL2	CD209	0.537
CCL2	CD276	0.523
CCL2	CD28	0.547
CCL2	CD33	0.466
CCL2	CD34	0.614
CCL2	CD36	0.67
CCL2	CD38	0.486
CCL2	CD4	0.839
CCL2	CD40	0.811
CCL2	CD40LG	0.714
CCL2	CD44	0.815
CCL2	CD68	0.815
CCL2	CD69	0.565
CCL2	CD80	0.7
CCL2	CD83	0.533
CCL2	CD86	0.737
CCL2	CD8A	0.8
CCL2	CEACAM8	0.415
CCL2	CLDN5	0.458
CCL2	CLEC7A	0.548
CCL2	COL18A1	0.418
CCL2	CRP	0.816
CCL2	CSF1	0.833
CCL2	CSF1R	0.86
CCL2	CSF2	0.931
CCL2	CSF3	0.93
CCL2	CTLA4	0.609
CCL2	CX3CL1	0.831
CCL2	CX3CR1	0.998
CCL2	CXCL1	0.98
CCL2	CXCL10	0.965
CCL2	CXCL12	0.841
CCL2	CXCL13	0.998
CCL2	CXCL2	0.929
CCL2	CXCL3	0.856
CCL2	CXCL5	0.891
CCL2	CXCL8	0.999
CCL2	CXCL9	0.999
CCL2	CXCR1	0.996
CCL2	CXCR2	0.997
CCL2	CXCR3	0.998
CCL2	CXCR4	0.998
CCL2	CYBB	0.639
CCL2	EGR2	0.624
CCL2	F3	0.664
CCL2	FCER1G	0.609
CCL2	FCGR1A	0.588
CCL2	FCGR2A	0.682
CCL2	FCGR2B	0.693
CCL2	FCGR3A	0.725
CCL2	FCGR3B	0.725
CCL2	FN1	0.723
CCL2	FOXP3	0.669
CCL2	GDNF	0.447
CCL2	GFAP	0.584
CCL2	GZMB	0.599
CCL2	HMOX1	0.697
CCL2	ICAM1	0.928
CCL2	IDO1	0.689
CCL2	IDO2	0.566
CCL2	IFNA1	0.766
CCL2	IFNB1	0.729
CCL2	IFNG	0.938
CCL2	IGF1	0.76
CCL2	IL10	0.963
CCL2	IL10RA	0.468
CCL2	IL13	0.932
CCL2	IL15	0.796
CCL2	IL17A	0.874
CCL2	IL17F	0.602
CCL2	IL18	0.881
CCL2	IL1A	0.934
CCL2	IL1B	0.97
CCL2	IL1R1	0.682
CCL2	IL1RN	0.761
CCL2	IL2	0.853
CCL2	IL3	0.686
CCL2	IL31	0.479
CCL2	IL33	0.706
CCL2	IL4	0.921
CCL2	IL4R	0.665
CCL2	IL5	0.862
CCL2	IL6	0.985
CCL2	IL6R	0.732
CCL2	IRF8	0.428
CCL2	ITGAE	0.472
CCL2	ITGAM	0.796
CCL2	ITGAX	0.724
CCL2	ITGB2	0.786
CCL2	JUN	0.98
CCL2	LBP	0.403
CCL2	LGALS3	0.761
CCL2	LY96	0.549
CCL2	MBL2	0.41
CCL2	MBP	0.403
CCL2	MMP3	0.806
CCL2	MMP9	0.809
CCL2	MOG	0.486
CCL2	MPO	0.692
CCL2	MRC1	0.827
CCL2	MSR1	0.586
CCL2	MYD88	0.728
CCL2	NEFL	0.419
CCL2	NFE2L2	0.581
CCL2	NFKB1	0.982
CCL2	NFKBIA	0.754
CCL2	NGF	0.623
CCL2	NLRP3	0.664
CCL2	NOS2	0.633
CCL2	OCLN	0.546
CCL2	PDCD1LG2	0.566
CCL2	PECAM1	0.67
CCL2	PRF1	0.58
CCL2	PTGS2	0.867
CCL2	PTPRC	0.735
CCL2	PTX3	0.617
CCL2	RETNLB	0.719
CCL2	SCARB1	0.675
CCL2	SCARB2	0.672
CCL2	SELE	0.81
CCL2	SELL	0.598
CCL2	SELP	0.71
CCL2	SIGLEC1	0.552
CCL2	SIRPA	0.508
CCL2	SOCS3	0.749
CCL2	SOD2	0.526
CCL2	SPI1	0.43
CCL2	SRC	0.733
CCL2	STAT1	0.831
CCL2	STAT3	0.867
CCL2	STAT6	0.709
CCL2	TBX21	0.488
CCL2	TGFB1	0.851
CCL2	THBD	0.672
CCL2	TLR1	0.61
CCL2	TLR2	0.79
CCL2	TLR3	0.707
CCL2	TLR4	0.847
CCL2	TLR5	0.514
CCL2	TLR6	0.516
CCL2	TLR7	0.681
CCL2	TLR8	0.577
CCL2	TLR9	0.654
CCL2	TNF	0.978
CCL2	TNFRSF1A	0.768
CCL2	TNFRSF1B	0.609
CCL2	TNFSF13B	0.57
CCL2	TREM1	0.673
CCL2	TREM2	0.526
CCL2	TRPV1	0.452
CCL2	TYROBP	0.436
CCL2	VCAM1	0.907
CCL20	CCL22	0.831
CCL20	CCL3	0.97
CCL20	CCL4	0.94
CCL20	CCL5	0.999
CCL20	CCL7	0.814
CCL20	CCL8	0.779
CCL20	CCR1	0.973
CCL20	CCR2	0.995
CCL20	CCR3	0.912
CCL20	CCR5	0.994
CCL20	CCR6	0.999
CCL20	CCR7	0.994
CCL20	CCRL2	0.999
CCL20	CD163	0.463
CCL20	CD1C	0.456
CCL20	CD1D	0.44
CCL20	CD28	0.449
CCL20	CD4	0.731
CCL20	CD40	0.52
CCL20	CD40LG	0.654
CCL20	CD68	0.439
CCL20	CD69	0.457
CCL20	CD80	0.5
CCL20	CD83	0.494
CCL20	CD86	0.531
CCL20	CD8A	0.658
CCL20	CRP	0.635
CCL20	CSF1	0.529
CCL20	CSF2	0.869
CCL20	CSF3	0.799
CCL20	CTLA4	0.471
CCL20	CX3CL1	0.92
CCL20	CX3CR1	0.933
CCL20	CXCL1	0.981
CCL20	CXCL10	0.936
CCL20	CXCL12	0.999
CCL20	CXCL13	0.9
CCL20	CXCL2	0.951
CCL20	CXCL3	0.951
CCL20	CXCL5	0.999
CCL20	CXCL8	0.941
CCL20	CXCL9	0.866
CCL20	CXCR1	0.89
CCL20	CXCR2	0.949
CCL20	CXCR3	0.993
CCL20	CXCR4	0.958
CCL20	FCGR1A	0.511
CCL20	FCGR3A	0.418
CCL20	FCGR3B	0.42
CCL20	FCGRT	0.416
CCL20	FOXP3	0.604
CCL20	GFAP	0.427
CCL20	GZMB	0.503
CCL20	ICAM1	0.674
CCL20	IDO1	0.483
CCL20	IFNA1	0.51
CCL20	IFNB1	0.522
CCL20	IFNG	0.82
CCL20	IL10	0.835
CCL20	IL13	0.689
CCL20	IL15	0.589
CCL20	IL17A	0.806
CCL20	IL17F	0.715
CCL20	IL18	0.752
CCL20	IL1A	0.895
CCL20	IL1B	0.958
CCL20	IL1R1	0.54
CCL20	IL1RN	0.67
CCL20	IL2	0.648
CCL20	IL3	0.466
CCL20	IL31	0.506
CCL20	IL33	0.619
CCL20	IL4	0.689
CCL20	IL5	0.639
CCL20	IL6	0.935
CCL20	ITGAE	0.467
CCL20	ITGAM	0.519
CCL20	ITGAX	0.532
CCL20	ITGB2	0.546
CCL20	JUN	0.461
CCL20	MMP3	0.678
CCL20	MMP9	0.553
CCL20	MYD88	0.639
CCL20	NFKB1	0.729
CCL20	NFKBIA	0.554
CCL20	NLRP3	0.43
CCL20	PECAM1	0.582
CCL20	PRF1	0.408
CCL20	PTGS2	0.601
CCL20	PTPRC	0.481
CCL20	RETNLB	0.535
CCL20	SELE	0.481
CCL20	SELL	0.465
CCL20	SELP	0.526
CCL20	SOCS3	0.431
CCL20	SOD2	0.413
CCL20	SRC	0.625
CCL20	STAT1	0.504
CCL20	STAT3	0.782
CCL20	TBX21	0.482
CCL20	TGFB1	0.691
CCL20	TLR1	0.593
CCL20	TLR2	0.608
CCL20	TLR3	0.553
CCL20	TLR4	0.602
CCL20	TLR5	0.658
CCL20	TLR7	0.502
CCL20	TLR9	0.477
CCL20	TNF	0.931
CCL20	TNFRSF1A	0.406
CCL20	TNFSF13B	0.435
CCL20	VCAM1	0.687
CCL22	CCL3	0.524
CCL22	CCL4	0.772
CCL22	CCL5	0.926
CCL22	CCL7	0.484
CCL22	CCR1	0.95
CCL22	CCR2	0.986
CCL22	CCR3	0.995
CCL22	CCR5	0.972
CCL22	CCR6	0.937
CCL22	CCR7	0.984
CCL22	CCRL2	0.835
CCL22	CD163	0.677
CCL22	CD19	0.614
CCL22	CD1C	0.457
CCL22	CD209	0.427
CCL22	CD276	0.422
CCL22	CD28	0.426
CCL22	CD4	0.72
CCL22	CD40	0.611
CCL22	CD40LG	0.74
CCL22	CD68	0.539
CCL22	CD80	0.67
CCL22	CD83	0.469
CCL22	CD86	0.64
CCL22	CD8A	0.768
CCL22	CSF1	0.608
CCL22	CSF1R	0.484
CCL22	CSF2	0.8
CCL22	CSF3	0.733
CCL22	CTLA4	0.705
CCL22	CX3CL1	0.878
CCL22	CX3CR1	0.877
CCL22	CXCL1	0.92
CCL22	CXCL10	0.959
CCL22	CXCL12	0.683
CCL22	CXCL13	0.778
CCL22	CXCL2	0.849
CCL22	CXCL3	0.713
CCL22	CXCL5	0.874
CCL22	CXCL8	0.901
CCL22	CXCL9	0.843
CCL22	CXCR1	0.887
CCL22	CXCR2	0.833
CCL22	CXCR3	0.941
CCL22	CXCR4	0.973
CCL22	FCGR3A	0.496
CCL22	FCGR3B	0.494
CCL22	FN1	0.577
CCL22	FOXP3	0.872
CCL22	GZMB	0.448
CCL22	ICAM1	0.507
CCL22	IDO1	0.611
CCL22	IDO2	0.488
CCL22	IFNA1	0.448
CCL22	IFNB1	0.436
CCL22	IFNG	0.765
CCL22	IL10	0.912
CCL22	IL13	0.835
CCL22	IL15	0.641
CCL22	IL17A	0.653
CCL22	IL17F	0.445
CCL22	IL18	0.706
CCL22	IL1A	0.771
CCL22	IL1B	0.816
CCL22	IL1R1	0.429
CCL22	IL1RN	0.468
CCL22	IL2	0.736
CCL22	IL3	0.544
CCL22	IL31	0.448
CCL22	IL33	0.571
CCL22	IL4	0.832
CCL22	IL4R	0.462
CCL22	IL5	0.691
CCL22	IL6	0.825
CCL22	ITGAE	0.427
CCL22	ITGAM	0.576
CCL22	ITGAX	0.548
CCL22	MMP9	0.674
CCL22	MRC1	0.636
CCL22	MSR1	0.503
CCL22	MYD88	0.401
CCL22	NFKB1	0.409
CCL22	PDCD1LG2	0.454
CCL22	PRF1	0.412
CCL22	PTPRC	0.477
CCL22	SELL	0.423
CCL22	STAT1	0.666
CCL22	STAT3	0.744
CCL22	STAT6	0.527
CCL22	TGFB1	0.5
CCL22	TLR2	0.472
CCL22	TLR4	0.507
CCL22	TLR7	0.414
CCL22	TLR9	0.412
CCL22	TNF	0.811
CCL22	VCAM1	0.597
CCL3	CCL4	0.997
CCL3	CCL5	0.913
CCL3	CCL7	0.536
CCL3	CCL8	0.655
CCL3	CCR1	0.999
CCL3	CCR2	0.999
CCL3	CCR3	0.998
CCL3	CCR5	0.999
CCL3	CCR6	0.973
CCL3	CCR7	0.953
CCL3	CCRL2	0.951
CCL3	CD163	0.643
CCL3	CD19	0.584
CCL3	CD1C	0.47
CCL3	CD1D	0.429
CCL3	CD209	0.498
CCL3	CD276	0.46
CCL3	CD28	0.517
CCL3	CD33	0.427
CCL3	CD34	0.632
CCL3	CD36	0.451
CCL3	CD38	0.66
CCL3	CD4	0.88
CCL3	CD40	0.842
CCL3	CD40LG	0.799
CCL3	CD44	0.669
CCL3	CD68	0.653
CCL3	CD69	0.698
CCL3	CD80	0.706
CCL3	CD83	0.823
CCL3	CD86	0.748
CCL3	CD8A	0.873
CCL3	CLEC7A	0.533
CCL3	CRP	0.759
CCL3	CSF1	0.728
CCL3	CSF1R	0.712
CCL3	CSF2	0.935
CCL3	CSF3	0.929
CCL3	CTLA4	0.547
CCL3	CX3CL1	0.733
CCL3	CX3CR1	0.97
CCL3	CXCL1	0.948
CCL3	CXCL10	0.951
CCL3	CXCL12	0.823
CCL3	CXCL13	0.864
CCL3	CXCL2	0.939
CCL3	CXCL3	0.68
CCL3	CXCL5	0.823
CCL3	CXCL8	0.977
CCL3	CXCL9	0.884
CCL3	CXCR1	0.981
CCL3	CXCR2	0.984
CCL3	CXCR3	0.997
CCL3	CXCR4	0.993
CCL3	CYBB	0.453
CCL3	EGR2	0.563
CCL3	F3	0.447
CCL3	FCER1G	0.483
CCL3	FCGR1A	0.516
CCL3	FCGR2A	0.496
CCL3	FCGR2B	0.526
CCL3	FCGR3A	0.684
CCL3	FCGR3B	0.662
CCL3	FN1	0.621
CCL3	FOXP3	0.582
CCL3	GFAP	0.402
CCL3	GZMB	0.669
CCL3	HMOX1	0.407
CCL3	ICAM1	0.74
CCL3	IDO1	0.537
CCL3	IDO2	0.427
CCL3	IFNA1	0.727
CCL3	IFNB1	0.686
CCL3	IFNG	0.947
CCL3	IGF1	0.443
CCL3	IL10	0.972
CCL3	IL10RA	0.506
CCL3	IL13	0.895
CCL3	IL15	0.809
CCL3	IL17A	0.847
CCL3	IL17F	0.547
CCL3	IL18	0.86
CCL3	IL1A	0.923
CCL3	IL1B	0.972
CCL3	IL1R1	0.702
CCL3	IL1RN	0.782
CCL3	IL2	0.876
CCL3	IL3	0.754
CCL3	IL31	0.479
CCL3	IL33	0.618
CCL3	IL3RA	0.43
CCL3	IL4	0.827
CCL3	IL4R	0.419
CCL3	IL5	0.833
CCL3	IL6	0.962
CCL3	IL6R	0.488
CCL3	IRF8	0.473
CCL3	ITGAE	0.453
CCL3	ITGAM	0.711
CCL3	ITGAX	0.662
CCL3	ITGB2	0.525
CCL3	JUN	0.585
CCL3	LGALS3	0.42
CCL3	LY96	0.453
CCL3	MMP3	0.506
CCL3	MMP9	0.664
CCL3	MPO	0.587
CCL3	MRC1	0.602
CCL3	MSR1	0.427
CCL3	MYD88	0.635
CCL3	NFKB1	0.749
CCL3	NFKBIA	0.752
CCL3	NGF	0.487
CCL3	NLRP3	0.596
CCL3	NOS2	0.457
CCL3	PECAM1	0.528
CCL3	PRF1	0.628
CCL3	PTGS2	0.781
CCL3	PTPRC	0.668
CCL3	RETNLB	0.446
CCL3	SCARB1	0.433
CCL3	SCARB2	0.432
CCL3	SELE	0.591
CCL3	SELL	0.576
CCL3	SELP	0.54
CCL3	SIGLEC1	0.49
CCL3	SOCS3	0.502
CCL3	SPI1	0.437
CCL3	STAT1	0.593
CCL3	STAT3	0.858
CCL3	STAT6	0.413
CCL3	TBX21	0.533
CCL3	TGFB1	0.633
CCL3	TLR1	0.51
CCL3	TLR2	0.787
CCL3	TLR3	0.617
CCL3	TLR4	0.815
CCL3	TLR5	0.472
CCL3	TLR6	0.43
CCL3	TLR7	0.634
CCL3	TLR8	0.573
CCL3	TLR9	0.591
CCL3	TNF	0.988
CCL3	TNFRSF1A	0.691
CCL3	TNFRSF1B	0.541
CCL3	TNFSF13B	0.541
CCL3	TREM1	0.563
CCL3	TREM2	0.443
CCL3	TYROBP	0.511
CCL3	VCAM1	0.673
CCL4	CCL5	0.953
CCL4	CCL7	0.509
CCL4	CCR1	0.999
CCL4	CCR2	0.999
CCL4	CCR3	0.998
CCL4	CCR5	0.999
CCL4	CCR6	0.965
CCL4	CCR7	0.996
CCL4	CCRL2	0.925
CCL4	CD163	0.632
CCL4	CD19	0.563
CCL4	CD1C	0.472
CCL4	CD1D	0.408
CCL4	CD209	0.447
CCL4	CD276	0.421
CCL4	CD28	0.576
CCL4	CD34	0.441
CCL4	CD38	0.511
CCL4	CD4	0.939
CCL4	CD40	0.739
CCL4	CD40LG	0.852
CCL4	CD44	0.446
CCL4	CD68	0.548
CCL4	CD69	0.689
CCL4	CD80	0.662
CCL4	CD83	0.632
CCL4	CD86	0.727
CCL4	CD8A	0.889
CCL4	CLEC7A	0.45
CCL4	CRP	0.582
CCL4	CSF1	0.683
CCL4	CSF1R	0.711
CCL4	CSF2	0.924
CCL4	CSF3	0.909
CCL4	CTLA4	0.603
CCL4	CX3CL1	0.904
CCL4	CX3CR1	0.852
CCL4	CXCL1	0.941
CCL4	CXCL10	0.959
CCL4	CXCL12	0.948
CCL4	CXCL13	0.949
CCL4	CXCL2	0.874
CCL4	CXCL3	0.832
CCL4	CXCL5	0.899
CCL4	CXCL8	0.988
CCL4	CXCL9	0.959
CCL4	CXCR1	0.895
CCL4	CXCR2	0.977
CCL4	CXCR3	0.995
CCL4	CXCR4	0.995
CCL4	EGR2	0.406
CCL4	FCER1G	0.449
CCL4	FCGR1A	0.474
CCL4	FCGR2A	0.461
CCL4	FCGR2B	0.529
CCL4	FCGR3A	0.698
CCL4	FCGR3B	0.653
CCL4	FN1	0.433
CCL4	FOXP3	0.586
CCL4	GZMB	0.748
CCL4	ICAM1	0.763
CCL4	IDO1	0.532
CCL4	IFNA1	0.721
CCL4	IFNB1	0.635
CCL4	IFNG	0.942
CCL4	IL10	0.936
CCL4	IL10RA	0.7
CCL4	IL13	0.83
CCL4	IL15	0.808
CCL4	IL17A	0.822
CCL4	IL17F	0.488
CCL4	IL18	0.829
CCL4	IL1A	0.921
CCL4	IL1B	0.94
CCL4	IL1R1	0.587
CCL4	IL1RN	0.641
CCL4	IL2	0.824
CCL4	IL3	0.738
CCL4	IL31	0.506
CCL4	IL33	0.548
CCL4	IL3RA	0.425
CCL4	IL4	0.805
CCL4	IL5	0.826
CCL4	IL6	0.933
CCL4	IL6R	0.455
CCL4	IRF8	0.502
CCL4	ITGAE	0.507
CCL4	ITGAM	0.676
CCL4	ITGAX	0.647
CCL4	ITGB2	0.675
CCL4	JUN	0.64
CCL4	MMP3	0.42
CCL4	MMP9	0.618
CCL4	MPO	0.466
CCL4	MRC1	0.534
CCL4	MYD88	0.553
CCL4	NFKB1	0.677
CCL4	NFKBIA	0.51
CCL4	NGF	0.441
CCL4	NLRP3	0.524
CCL4	NOS2	0.542
CCL4	PDCD1LG2	0.406
CCL4	PECAM1	0.506
CCL4	PRF1	0.693
CCL4	PTGS2	0.673
CCL4	PTPRC	0.654
CCL4	SELE	0.54
CCL4	SELL	0.551
CCL4	SELP	0.459
CCL4	SIGLEC1	0.42
CCL4	SOCS3	0.421
CCL4	SPI1	0.4
CCL4	SRC	0.633
CCL4	STAT1	0.561
CCL4	STAT3	0.746
CCL4	TBX21	0.634
CCL4	TGFB1	0.587
CCL4	TLR1	0.667
CCL4	TLR2	0.763
CCL4	TLR3	0.573
CCL4	TLR4	0.749
CCL4	TLR5	0.437
CCL4	TLR7	0.579
CCL4	TLR8	0.538
CCL4	TLR9	0.709
CCL4	TNF	0.967
CCL4	TNFRSF1A	0.492
CCL4	TNFRSF1B	0.555
CCL4	TNFSF13B	0.52
CCL4	TREM1	0.492
CCL4	TREM2	0.402
CCL4	TYROBP	0.533
CCL4	VCAM1	0.625
CCL5	CCL7	0.493
CCL5	CCL8	0.995
CCL5	CCR1	0.999
CCL5	CCR2	0.999
CCL5	CCR3	0.999
CCL5	CCR5	0.999
CCL5	CCR6	0.965
CCL5	CCR7	0.994
CCL5	CCRL2	0.963
CCL5	CD163	0.773
CCL5	CD19	0.576
CCL5	CD1C	0.501
CCL5	CD1D	0.445
CCL5	CD209	0.513
CCL5	CD276	0.513
CCL5	CD28	0.618
CCL5	CD33	0.415
CCL5	CD34	0.53
CCL5	CD36	0.482
CCL5	CD38	0.491
CCL5	CD4	0.887
CCL5	CD40	0.689
CCL5	CD40LG	0.731
CCL5	CD44	0.818
CCL5	CD68	0.647
CCL5	CD69	0.647
CCL5	CD80	0.696
CCL5	CD83	0.516
CCL5	CD86	0.715
CCL5	CD8A	0.959
CCL5	CLEC7A	0.481
CCL5	COL18A1	0.526
CCL5	CRP	0.707
CCL5	CSF1	0.732
CCL5	CSF1R	0.844
CCL5	CSF2	0.922
CCL5	CSF3	0.934
CCL5	CTLA4	0.636
CCL5	CX3CL1	0.971
CCL5	CX3CR1	0.993
CCL5	CXCL1	0.958
CCL5	CXCL10	0.999
CCL5	CXCL12	0.999
CCL5	CXCL13	0.956
CCL5	CXCL2	0.999
CCL5	CXCL3	0.811
CCL5	CXCL5	0.924
CCL5	CXCL8	0.98
CCL5	CXCL9	0.999
CCL5	CXCR1	0.971
CCL5	CXCR2	0.997
CCL5	CXCR3	0.999
CCL5	CXCR4	0.998
CCL5	CYBB	0.63
CCL5	F3	0.447
CCL5	FCER1G	0.45
CCL5	FCGR1A	0.466
CCL5	FCGR2A	0.673
CCL5	FCGR2B	0.67
CCL5	FCGR3A	0.703
CCL5	FCGR3B	0.677
CCL5	FN1	0.696
CCL5	FOXP3	0.651
CCL5	GZMB	0.865
CCL5	HMOX1	0.433
CCL5	ICAM1	0.805
CCL5	IDO1	0.658
CCL5	IDO2	0.523
CCL5	IFNA1	0.769
CCL5	IFNB1	0.78
CCL5	IFNG	0.921
CCL5	IGF1	0.52
CCL5	IL10	0.945
CCL5	IL10RA	0.712
CCL5	IL13	0.834
CCL5	IL15	0.812
CCL5	IL17A	0.849
CCL5	IL17F	0.487
CCL5	IL18	0.858
CCL5	IL1A	0.9
CCL5	IL1B	0.938
CCL5	IL1R1	0.582
CCL5	IL1RN	0.747
CCL5	IL2	0.813
CCL5	IL3	0.734
CCL5	IL31	0.478
CCL5	IL33	0.649
CCL5	IL3RA	0.408
CCL5	IL4	0.828
CCL5	IL4R	0.473
CCL5	IL5	0.836
CCL5	IL6	0.95
CCL5	IL6R	0.503
CCL5	IRF8	0.506
CCL5	ITGAE	0.537
CCL5	ITGAM	0.833
CCL5	ITGAX	0.689
CCL5	ITGB2	0.747
CCL5	JUN	0.953
CCL5	LGALS3	0.753
CCL5	LY96	0.448
CCL5	MMP3	0.702
CCL5	MMP9	0.813
CCL5	MPO	0.56
CCL5	MRC1	0.6
CCL5	MSR1	0.439
CCL5	MYD88	0.671
CCL5	NFKB1	0.975
CCL5	NFKBIA	0.607
CCL5	NGF	0.512
CCL5	NLRP3	0.527
CCL5	NOS2	0.678
CCL5	PDCD1LG2	0.514
CCL5	PECAM1	0.594
CCL5	PRF1	0.805
CCL5	PTGS2	0.823
CCL5	PTPRC	0.721
CCL5	RETNLB	0.448
CCL5	SARM1	0.56
CCL5	SCARB1	0.454
CCL5	SCARB2	0.451
CCL5	SELE	0.752
CCL5	SELL	0.637
CCL5	SELP	0.775
CCL5	SIRPA	0.433
CCL5	SOCS3	0.461
CCL5	SOD2	0.536
CCL5	SRC	0.81
CCL5	STAT1	0.817
CCL5	STAT3	0.836
CCL5	STAT6	0.486
CCL5	TBX21	0.679
CCL5	TGFB1	0.694
CCL5	THBD	0.409
CCL5	TLR1	0.562
CCL5	TLR2	0.739
CCL5	TLR3	0.809
CCL5	TLR4	0.82
CCL5	TLR5	0.523
CCL5	TLR6	0.474
CCL5	TLR7	0.675
CCL5	TLR8	0.597
CCL5	TLR9	0.61
CCL5	TNF	0.96
CCL5	TNFRSF1A	0.718
CCL5	TNFRSF1B	0.527
CCL5	TNFSF13B	0.566
CCL5	TREM1	0.464
CCL5	TYROBP	0.653
CCL5	VCAM1	0.739
CCL7	CCL8	0.672
CCL7	CCR1	0.999
CCL7	CCR2	0.999
CCL7	CCR3	0.999
CCL7	CCR5	0.998
CCL7	CCR6	0.866
CCL7	CCR7	0.869
CCL7	CCRL2	0.787
CCL7	CD163	0.432
CCL7	CD4	0.562
CCL7	CD40	0.585
CCL7	CD40LG	0.559
CCL7	CD68	0.402
CCL7	CD80	0.448
CCL7	CD86	0.445
CCL7	CD8A	0.545
CCL7	CRP	0.565
CCL7	CSF1	0.603
CCL7	CSF2	0.688
CCL7	CSF3	0.676
CCL7	CX3CL1	0.87
CCL7	CX3CR1	0.915
CCL7	CXCL1	0.866
CCL7	CXCL10	0.833
CCL7	CXCL12	0.75
CCL7	CXCL13	0.564
CCL7	CXCL2	0.727
CCL7	CXCL3	0.662
CCL7	CXCL5	0.728
CCL7	CXCL8	0.907
CCL7	CXCL9	0.853
CCL7	CXCR1	0.873
CCL7	CXCR2	0.946
CCL7	CXCR3	0.901
CCL7	CXCR4	0.867
CCL7	FCGR3A	0.415
CCL7	FCGR3B	0.405
CCL7	ICAM1	0.481
CCL7	IFNA1	0.483
CCL7	IFNB1	0.459
CCL7	IFNG	0.724
CCL7	IL10	0.803
CCL7	IL13	0.635
CCL7	IL15	0.614
CCL7	IL17A	0.614
CCL7	IL17F	0.409
CCL7	IL18	0.596
CCL7	IL1A	0.693
CCL7	IL1B	0.717
CCL7	IL1R1	0.447
CCL7	IL1RN	0.503
CCL7	IL2	0.608
CCL7	IL3	0.611
CCL7	IL33	0.42
CCL7	IL4	0.611
CCL7	IL5	0.634
CCL7	IL6	0.755
CCL7	ITGAM	0.422
CCL7	MMP9	0.454
CCL7	MRC1	0.404
CCL7	NGF	0.427
CCL7	TLR4	0.42
CCL7	TNF	0.808
CCL7	VCAM1	0.455
CCL8	CCR1	0.999
CCL8	CCR2	0.999
CCL8	CCR3	0.996
CCL8	CCR5	0.999
CCL8	CCR6	0.863
CCL8	CCR7	0.886
CCL8	CCRL2	0.697
CCL8	CD163	0.679
CCL8	CD4	0.541
CCL8	CD40	0.411
CCL8	CD68	0.427
CCL8	CD80	0.483
CCL8	CD86	0.468
CCL8	CD8A	0.519
CCL8	CSF1	0.518
CCL8	CSF2	0.566
CCL8	CSF3	0.479
CCL8	CX3CR1	0.791
CCL8	CXCL1	0.689
CCL8	CXCL10	0.999
CCL8	CXCL12	0.635
CCL8	CXCL13	0.756
CCL8	CXCL2	0.998
CCL8	CXCL3	0.627
CCL8	CXCL5	0.67
CCL8	CXCL8	0.998
CCL8	CXCL9	0.846
CCL8	CXCR1	0.799
CCL8	CXCR2	0.942
CCL8	CXCR3	0.955
CCL8	CXCR4	0.934
CCL8	FCGR3A	0.416
CCL8	GZMB	0.402
CCL8	ICAM1	0.446
CCL8	IDO1	0.507
CCL8	IFNA1	0.459
CCL8	IFNB1	0.504
CCL8	IFNG	0.677
CCL8	IL10	0.668
CCL8	IL13	0.516
CCL8	IL15	0.524
CCL8	IL17A	0.461
CCL8	IL18	0.456
CCL8	IL1A	0.741
CCL8	IL1B	0.655
CCL8	IL1RN	0.441
CCL8	IL2	0.486
CCL8	IL33	0.412
CCL8	IL4	0.509
CCL8	IL5	0.476
CCL8	IL6	0.687
CCL8	ITGAM	0.411
CCL8	MMP9	0.402
CCL8	MRC1	0.405
CCL8	MSR1	0.419
CCL8	SELE	0.58
CCL8	SELP	0.489
CCL8	SIGLEC1	0.752
CCL8	STAT1	0.494
CCL8	TLR2	0.443
CCL8	TLR3	0.412
CCL8	TLR4	0.429
CCL8	TLR7	0.447
CCL8	TNF	0.637
CCL8	TNFSF13B	0.423
CCL8	VCAM1	0.434
CCR1	CCR2	0.992
CCR1	CCR3	0.997
CCR1	CCR5	0.998
CCR1	CCR6	0.927
CCR1	CCR7	0.947
CCR1	CCRL2	0.896
CCR1	CD14	0.422
CCR1	CD163	0.579
CCR1	CD19	0.48
CCR1	CD1C	0.427
CCR1	CD33	0.439
CCR1	CD34	0.435
CCR1	CD4	0.708
CCR1	CD40	0.498
CCR1	CD40LG	0.445
CCR1	CD44	0.639
CCR1	CD68	0.698
CCR1	CD69	0.438
CCR1	CD80	0.566
CCR1	CD83	0.43
CCR1	CD86	0.699
CCR1	CD8A	0.599
CCR1	CLEC7A	0.461
CCR1	CSF1	0.651
CCR1	CSF1R	0.711
CCR1	CSF2	0.668
CCR1	CTLA4	0.419
CCR1	CX3CL1	0.905
CCR1	CX3CR1	0.77
CCR1	CXCL1	0.98
CCR1	CXCL10	0.994
CCR1	CXCL12	0.946
CCR1	CXCL13	0.929
CCR1	CXCL2	0.936
CCR1	CXCL3	0.878
CCR1	CXCL5	0.853
CCR1	CXCL8	0.997
CCR1	CXCL9	0.957
CCR1	CXCR1	0.945
CCR1	CXCR2	0.866
CCR1	CXCR3	0.966
CCR1	CXCR4	0.939
CCR1	CYBB	0.579
CCR1	FCER1G	0.737
CCR1	FCGR1A	0.574
CCR1	FCGR2A	0.536
CCR1	FCGR2B	0.616
CCR1	FCGR3A	0.589
CCR1	FCGR3B	0.584
CCR1	FOXP3	0.475
CCR1	GZMB	0.448
CCR1	ICAM1	0.532
CCR1	IFNG	0.646
CCR1	IGF1	0.522
CCR1	IL10	0.781
CCR1	IL10RA	0.708
CCR1	IL13	0.484
CCR1	IL15	0.415
CCR1	IL17A	0.467
CCR1	IL18	0.437
CCR1	IL1A	0.51
CCR1	IL1B	0.764
CCR1	IL1R1	0.415
CCR1	IL1RN	0.741
CCR1	IL2	0.467
CCR1	IL4	0.688
CCR1	IL4R	0.518
CCR1	IL5	0.723
CCR1	IL6	0.753
CCR1	IL6R	0.577
CCR1	IRF8	0.469
CCR1	ITGAM	0.711
CCR1	ITGAX	0.607
CCR1	ITGB2	0.743
CCR1	MBP	0.434
CCR1	MMP9	0.571
CCR1	MRC1	0.42
CCR1	MSR1	0.41
CCR1	MYD88	0.475
CCR1	NFKB1	0.614
CCR1	PECAM1	0.423
CCR1	PRF1	0.404
CCR1	PTGS2	0.418
CCR1	PTPRC	0.602
CCR1	SELE	0.53
CCR1	SELL	0.508
CCR1	SELP	0.57
CCR1	SIGLEC1	0.475
CCR1	SPI1	0.694
CCR1	SRC	0.614
CCR1	STAT1	0.415
CCR1	STAT3	0.716
CCR1	TGFB1	0.472
CCR1	TLR1	0.69
CCR1	TLR2	0.59
CCR1	TLR4	0.725
CCR1	TLR6	0.473
CCR1	TLR7	0.517
CCR1	TLR8	0.592
CCR1	TNF	0.644
CCR1	TNFRSF1A	0.609
CCR1	TNFRSF1B	0.864
CCR1	TNFSF13B	0.556
CCR1	TREM1	0.458
CCR1	TYROBP	0.731
CCR1	VCAM1	0.507
CCR2	CCR3	0.98
CCR2	CCR5	0.993
CCR2	CCR6	0.986
CCR2	CCR7	0.918
CCR2	CCRL2	0.972
CCR2	CD163	0.83
CCR2	CD19	0.635
CCR2	CD1C	0.569
CCR2	CD1D	0.524
CCR2	CD209	0.522
CCR2	CD276	0.435
CCR2	CD28	0.565
CCR2	CD33	0.544
CCR2	CD34	0.507
CCR2	CD36	0.752
CCR2	CD38	0.515
CCR2	CD4	0.909
CCR2	CD40	0.61
CCR2	CD40LG	0.544
CCR2	CD44	0.691
CCR2	CD68	0.788
CCR2	CD69	0.612
CCR2	CD80	0.679
CCR2	CD83	0.428
CCR2	CD86	0.76
CCR2	CD8A	0.84
CCR2	CLEC7A	0.52
CCR2	CRP	0.447
CCR2	CSF1	0.837
CCR2	CSF1R	0.778
CCR2	CSF2	0.664
CCR2	CSF3	0.69
CCR2	CTLA4	0.725
CCR2	CX3CL1	0.997
CCR2	CX3CR1	0.835
CCR2	CXCL1	0.995
CCR2	CXCL10	0.998
CCR2	CXCL12	0.998
CCR2	CXCL13	0.901
CCR2	CXCL2	0.949
CCR2	CXCL3	0.809
CCR2	CXCL5	0.967
CCR2	CXCL8	0.998
CCR2	CXCL9	0.993
CCR2	CXCR1	0.963
CCR2	CXCR2	0.929
CCR2	CXCR3	0.97
CCR2	CXCR4	0.989
CCR2	CYBB	0.604
CCR2	F3	0.489
CCR2	FCGR1A	0.821
CCR2	FCGR2A	0.555
CCR2	FCGR2B	0.705
CCR2	FCGR3A	0.761
CCR2	FCGR3B	0.764
CCR2	FN1	0.478
CCR2	FOXP3	0.653
CCR2	GFAP	0.453
CCR2	GZMB	0.581
CCR2	ICAM1	0.822
CCR2	IDO1	0.551
CCR2	IDO2	0.425
CCR2	IFNA1	0.506
CCR2	IFNB1	0.667
CCR2	IFNG	0.837
CCR2	IGF1	0.438
CCR2	IL10	0.878
CCR2	IL10RA	0.667
CCR2	IL13	0.687
CCR2	IL15	0.569
CCR2	IL17A	0.751
CCR2	IL18	0.582
CCR2	IL1A	0.704
CCR2	IL1B	0.867
CCR2	IL1R1	0.545
CCR2	IL1RN	0.648
CCR2	IL2	0.751
CCR2	IL3	0.428
CCR2	IL33	0.52
CCR2	IL3RA	0.423
CCR2	IL4	0.677
CCR2	IL4R	0.493
CCR2	IL5	0.55
CCR2	IL6	0.879
CCR2	IL6R	0.457
CCR2	IRF8	0.527
CCR2	ITGAE	0.596
CCR2	ITGAM	0.826
CCR2	ITGAX	0.754
CCR2	ITGB2	0.6
CCR2	JUN	0.418
CCR2	LGALS3	0.629
CCR2	MMP9	0.62
CCR2	MOG	0.456
CCR2	MPO	0.507
CCR2	MRC1	0.739
CCR2	MSR1	0.507
CCR2	MYD88	0.556
CCR2	NFKB1	0.513
CCR2	NLRP3	0.447
CCR2	NOS2	0.519
CCR2	PDCD1LG2	0.452
CCR2	PECAM1	0.56
CCR2	PRF1	0.529
CCR2	PTGS2	0.472
CCR2	PTPRC	0.794
CCR2	RETNLB	0.45
CCR2	SCARB1	0.738
CCR2	SCARB2	0.739
CCR2	SELE	0.696
CCR2	SELL	0.678
CCR2	SELP	0.568
CCR2	SIGLEC1	0.576
CCR2	SIRPA	0.552
CCR2	SPI1	0.537
CCR2	SRC	0.667
CCR2	STAT1	0.552
CCR2	STAT3	0.791
CCR2	STAT6	0.469
CCR2	TBX21	0.544
CCR2	TGFB1	0.68
CCR2	TLR1	0.495
CCR2	TLR2	0.764
CCR2	TLR3	0.545
CCR2	TLR4	0.738
CCR2	TLR5	0.421
CCR2	TLR7	0.761
CCR2	TLR8	0.694
CCR2	TLR9	0.532
CCR2	TNF	0.771
CCR2	TNFRSF1A	0.622
CCR2	TNFRSF1B	0.638
CCR2	TNFSF13B	0.56
CCR2	TREM1	0.459
CCR2	TREM2	0.561
CCR2	TRPV1	0.498
CCR2	TYROBP	0.417
CCR2	VCAM1	0.771
CCR3	CCR5	0.998
CCR3	CCR6	0.921
CCR3	CCR7	0.946
CCR3	CCRL2	0.862
CCR3	CD19	0.492
CCR3	CD34	0.496
CCR3	CD4	0.832
CCR3	CD40	0.431
CCR3	CD40LG	0.445
CCR3	CD44	0.435
CCR3	CD68	0.548
CCR3	CD69	0.436
CCR3	CD80	0.534
CCR3	CD86	0.586
CCR3	CD8A	0.763
CCR3	CSF1	0.517
CCR3	CSF1R	0.418
CCR3	CSF2	0.545
CCR3	CX3CL1	0.93
CCR3	CX3CR1	0.762
CCR3	CXCL1	0.938
CCR3	CXCL10	0.993
CCR3	CXCL12	0.931
CCR3	CXCL13	0.802
CCR3	CXCL2	0.875
CCR3	CXCL3	0.79
CCR3	CXCL5	0.869
CCR3	CXCL8	0.986
CCR3	CXCL9	0.957
CCR3	CXCR1	0.909
CCR3	CXCR2	0.776
CCR3	CXCR3	0.963
CCR3	CXCR4	0.864
CCR3	FCGR2A	0.415
CCR3	FCGR2B	0.627
CCR3	FCGR3A	0.559
CCR3	FCGR3B	0.602
CCR3	FOXP3	0.535
CCR3	ICAM1	0.531
CCR3	IFNG	0.791
CCR3	IL10	0.662
CCR3	IL10RA	0.554
CCR3	IL13	0.758
CCR3	IL15	0.458
CCR3	IL17A	0.525
CCR3	IL18	0.59
CCR3	IL1A	0.639
CCR3	IL1B	0.796
CCR3	IL2	0.524
CCR3	IL3	0.711
CCR3	IL33	0.479
CCR3	IL3RA	0.454
CCR3	IL4	0.829
CCR3	IL4R	0.418
CCR3	IL5	0.775
CCR3	IL6	0.777
CCR3	ITGAM	0.618
CCR3	ITGAX	0.552
CCR3	ITGB2	0.407
CCR3	MMP9	0.635
CCR3	PTPRC	0.584
CCR3	SELL	0.487
CCR3	SRC	0.758
CCR3	STAT3	0.412
CCR3	STAT6	0.408
CCR3	TBX21	0.401
CCR3	TGFB1	0.423
CCR3	TLR2	0.466
CCR3	TLR4	0.502
CCR3	TNF	0.674
CCR3	TNFRSF1A	0.522
CCR3	TYROBP	0.432
CCR3	VCAM1	0.542
CCR5	CCR6	0.864
CCR5	CCR7	0.956
CCR5	CCRL2	0.785
CCR5	CD163	0.711
CCR5	CD19	0.627
CCR5	CD1C	0.68
CCR5	CD1D	0.535
CCR5	CD209	0.793
CCR5	CD276	0.478
CCR5	CD28	0.717
CCR5	CD33	0.464
CCR5	CD34	0.639
CCR5	CD36	0.47
CCR5	CD38	0.693
CCR5	CD4	0.999
CCR5	CD40	0.751
CCR5	CD40LG	0.771
CCR5	CD44	0.704
CCR5	CD68	0.806
CCR5	CD69	0.754
CCR5	CD80	0.787
CCR5	CD83	0.556
CCR5	CD86	0.778
CCR5	CD8A	0.941
CCR5	CLEC7A	0.404
CCR5	CRP	0.416
CCR5	CSF1	0.689
CCR5	CSF1R	0.788
CCR5	CSF2	0.754
CCR5	CSF3	0.472
CCR5	CTLA4	0.663
CCR5	CX3CL1	0.977
CCR5	CX3CR1	0.823
CCR5	CXCL1	0.974
CCR5	CXCL10	0.999
CCR5	CXCL12	0.998
CCR5	CXCL13	0.917
CCR5	CXCL2	0.957
CCR5	CXCL3	0.873
CCR5	CXCL5	0.891
CCR5	CXCL8	0.971
CCR5	CXCL9	0.998
CCR5	CXCR1	0.871
CCR5	CXCR2	0.925
CCR5	CXCR3	0.983
CCR5	CXCR4	0.996
CCR5	CYBB	0.477
CCR5	FCER1G	0.419
CCR5	FCGR1A	0.579
CCR5	FCGR2A	0.682
CCR5	FCGR2B	0.716
CCR5	FCGR3A	0.792
CCR5	FCGR3B	0.735
CCR5	FN1	0.62
CCR5	FOXP3	0.701
CCR5	GZMB	0.809
CCR5	ICAM1	0.629
CCR5	IDO1	0.557
CCR5	IDO2	0.427
CCR5	IFNA1	0.608
CCR5	IFNB1	0.709
CCR5	IFNG	0.92
CCR5	IGF1	0.478
CCR5	IL10	0.878
CCR5	IL10RA	0.778
CCR5	IL13	0.654
CCR5	IL15	0.654
CCR5	IL17A	0.76
CCR5	IL18	0.726
CCR5	IL1A	0.583
CCR5	IL1B	0.826
CCR5	IL1R1	0.436
CCR5	IL1RN	0.647
CCR5	IL2	0.758
CCR5	IL3	0.429
CCR5	IL33	0.419
CCR5	IL3RA	0.522
CCR5	IL4	0.781
CCR5	IL5	0.703
CCR5	IL6	0.831
CCR5	IL6R	0.438
CCR5	IRF8	0.502
CCR5	ITGAE	0.58
CCR5	ITGAM	0.84
CCR5	ITGAX	0.78
CCR5	ITGB2	0.659
CCR5	LY75	0.44
CCR5	MMP9	0.587
CCR5	MOG	0.415
CCR5	MPO	0.42
CCR5	MRC1	0.594
CCR5	MSR1	0.408
CCR5	MYD88	0.611
CCR5	NFKB1	0.53
CCR5	NLRP3	0.443
CCR5	PDCD1LG2	0.406
CCR5	PECAM1	0.544
CCR5	PRF1	0.667
CCR5	PTPRC	0.806
CCR5	S1PR1	0.477
CCR5	SCARB1	0.434
CCR5	SCARB2	0.411
CCR5	SELE	0.664
CCR5	SELL	0.82
CCR5	SELP	0.545
CCR5	SIGLEC1	0.593
CCR5	SPI1	0.453
CCR5	SRC	0.673
CCR5	STAT1	0.71
CCR5	STAT3	0.82
CCR5	TBX21	0.722
CCR5	TGFB1	0.528
CCR5	TLR1	0.529
CCR5	TLR2	0.679
CCR5	TLR3	0.566
CCR5	TLR4	0.788
CCR5	TLR5	0.428
CCR5	TLR7	0.65
CCR5	TLR8	0.747
CCR5	TLR9	0.527
CCR5	TNF	0.88
CCR5	TNFRSF1A	0.62
CCR5	TNFRSF1B	0.646
CCR5	TNFSF13B	0.516
CCR5	TREM2	0.456
CCR5	TYROBP	0.682
CCR5	VCAM1	0.594
CCR6	CCR7	0.825
CCR6	CD163	0.403
CCR6	CD19	0.801
CCR6	CD1C	0.725
CCR6	CD1D	0.706
CCR6	CD276	0.418
CCR6	CD28	0.678
CCR6	CD38	0.669
CCR6	CD4	0.88
CCR6	CD40	0.59
CCR6	CD40LG	0.714
CCR6	CD44	0.593
CCR6	CD69	0.788
CCR6	CD80	0.612
CCR6	CD83	0.472
CCR6	CD86	0.603
CCR6	CD8A	0.77
CCR6	CR2	0.678
CCR6	CSF2	0.604
CCR6	CTLA4	0.62
CCR6	CX3CL1	0.885
CCR6	CX3CR1	0.709
CCR6	CXCL1	0.822
CCR6	CXCL10	0.946
CCR6	CXCL12	0.957
CCR6	CXCL13	0.958
CCR6	CXCL2	0.795
CCR6	CXCL3	0.761
CCR6	CXCL5	0.808
CCR6	CXCL8	0.9
CCR6	CXCL9	0.98
CCR6	CXCR1	0.704
CCR6	CXCR2	0.701
CCR6	CXCR3	0.814
CCR6	CXCR4	0.729
CCR6	FCGR3A	0.584
CCR6	FCGR3B	0.584
CCR6	FOXP3	0.767
CCR6	GZMB	0.593
CCR6	ICAM1	0.657
CCR6	IDO1	0.585
CCR6	IDO2	0.536
CCR6	IFNA1	0.42
CCR6	IFNG	0.85
CCR6	IL10	0.766
CCR6	IL13	0.601
CCR6	IL15	0.516
CCR6	IL17A	0.889
CCR6	IL17F	0.714
CCR6	IL18	0.511
CCR6	IL1A	0.507
CCR6	IL1B	0.741
CCR6	IL1R1	0.681
CCR6	IL2	0.751
CCR6	IL33	0.489
CCR6	IL3RA	0.643
CCR6	IL4	0.79
CCR6	IL5	0.698
CCR6	IL6	0.651
CCR6	IL6R	0.434
CCR6	ITGAE	0.643
CCR6	ITGAM	0.594
CCR6	ITGAX	0.623
CCR6	ITGB2	0.549
CCR6	MMP9	0.562
CCR6	MOG	0.566
CCR6	MS4A1	0.659
CCR6	MYD88	0.569
CCR6	PRF1	0.575
CCR6	PTPRC	0.638
CCR6	S1PR1	0.61
CCR6	SELL	0.681
CCR6	SELP	0.506
CCR6	SRC	0.572
CCR6	STAT1	0.418
CCR6	STAT3	0.582
CCR6	TBX21	0.728
CCR6	TGFB1	0.462
CCR6	TLR1	0.723
CCR6	TLR2	0.451
CCR6	TLR4	0.644
CCR6	TLR5	0.509
CCR6	TNF	0.658
CCR6	TNFSF13B	0.401
CCR6	VCAM1	0.623
CCR7	CCRL2	0.784
CCR7	CD163	0.775
CCR7	CD19	0.88
CCR7	CD1C	0.729
CCR7	CD1D	0.626
CCR7	CD209	0.618
CCR7	CD276	0.622
CCR7	CD28	0.857
CCR7	CD33	0.541
CCR7	CD34	0.625
CCR7	CD36	0.406
CCR7	CD38	0.884
CCR7	CD4	0.947
CCR7	CD40	0.801
CCR7	CD40LG	0.78
CCR7	CD44	0.718
CCR7	CD68	0.703
CCR7	CD69	0.905
CCR7	CD80	0.894
CCR7	CD83	0.876
CCR7	CD86	0.895
CCR7	CD8A	0.941
CCR7	CEACAM8	0.459
CCR7	CR2	0.62
CCR7	CSF1	0.435
CCR7	CSF1R	0.526
CCR7	CSF2	0.69
CCR7	CSF3	0.405
CCR7	CTLA4	0.798
CCR7	CX3CL1	0.915
CCR7	CX3CR1	0.762
CCR7	CXCL1	0.893
CCR7	CXCL10	0.968
CCR7	CXCL12	0.999
CCR7	CXCL13	0.999
CCR7	CXCL2	0.898
CCR7	CXCL3	0.903
CCR7	CXCL5	0.877
CCR7	CXCL8	0.9
CCR7	CXCL9	0.961
CCR7	CXCR1	0.793
CCR7	CXCR2	0.782
CCR7	CXCR3	0.763
CCR7	CXCR4	0.959
CCR7	FCGR1A	0.547
CCR7	FCGR2A	0.545
CCR7	FCGR2B	0.666
CCR7	FCGR3A	0.851
CCR7	FCGR3B	0.834
CCR7	FN1	0.615
CCR7	FOXP3	0.802
CCR7	GZMB	0.803
CCR7	ICAM1	0.736
CCR7	IDO1	0.587
CCR7	IDO2	0.456
CCR7	IFNA1	0.591
CCR7	IFNB1	0.487
CCR7	IFNG	0.841
CCR7	IL10	0.761
CCR7	IL10RA	0.591
CCR7	IL13	0.609
CCR7	IL15	0.69
CCR7	IL17A	0.704
CCR7	IL17F	0.419
CCR7	IL18	0.53
CCR7	IL1A	0.54
CCR7	IL1B	0.804
CCR7	IL2	0.785
CCR7	IL33	0.427
CCR7	IL3RA	0.727
CCR7	IL4	0.735
CCR7	IL4R	0.478
CCR7	IL5	0.574
CCR7	IL6	0.824
CCR7	IL6R	0.414
CCR7	IRF8	0.588
CCR7	ITGAE	0.773
CCR7	ITGAM	0.741
CCR7	ITGAX	0.795
CCR7	ITGB2	0.731
CCR7	LY75	0.602
CCR7	MMP9	0.706
CCR7	MRC1	0.739
CCR7	MS4A1	0.626
CCR7	MYD88	0.474
CCR7	NFKB1	0.564
CCR7	NFKBIA	0.607
CCR7	NOS2	0.543
CCR7	PDCD1LG2	0.575
CCR7	PECAM1	0.609
CCR7	PRF1	0.762
CCR7	PTGS2	0.581
CCR7	PTPRC	0.877
CCR7	S1PR1	0.739
CCR7	SELE	0.645
CCR7	SELL	0.942
CCR7	SELP	0.509
CCR7	SIGLEC1	0.482
CCR7	SIRPA	0.51
CCR7	SPI1	0.4
CCR7	SRC	0.774
CCR7	STAT1	0.533
CCR7	STAT3	0.552
CCR7	STAT6	0.448
CCR7	TBX21	0.823
CCR7	TGFB1	0.565
CCR7	THBD	0.514
CCR7	TLR1	0.434
CCR7	TLR2	0.564
CCR7	TLR3	0.491
CCR7	TLR4	0.618
CCR7	TLR7	0.591
CCR7	TLR8	0.464
CCR7	TLR9	0.701
CCR7	TNF	0.783
CCR7	TNFRSF1B	0.617
CCR7	TNFSF13B	0.53
CCR7	TREM2	0.555
CCR7	TYROBP	0.412
CCR7	VCAM1	0.58
CCRL2	CD163	0.478
CCRL2	CD19	0.63
CCRL2	CD1C	0.537
CCRL2	CD1D	0.53
CCRL2	CD276	0.418
CCRL2	CD28	0.626
CCRL2	CD33	0.479
CCRL2	CD34	0.42
CCRL2	CD38	0.619
CCRL2	CD4	0.878
CCRL2	CD40	0.599
CCRL2	CD40LG	0.578
CCRL2	CD44	0.548
CCRL2	CD68	0.463
CCRL2	CD69	0.777
CCRL2	CD80	0.626
CCRL2	CD83	0.504
CCRL2	CD86	0.63
CCRL2	CD8A	0.753
CCRL2	CLEC7A	0.423
CCRL2	CR2	0.587
CCRL2	CSF1R	0.548
CCRL2	CSF2	0.614
CCRL2	CSF3	0.416
CCRL2	CTLA4	0.604
CCRL2	CX3CL1	0.672
CCRL2	CX3CR1	0.472
CCRL2	CXCL1	0.579
CCRL2	CXCL10	0.881
CCRL2	CXCL12	0.886
CCRL2	CXCL13	0.883
CCRL2	CXCL2	0.505
CCRL2	CXCL3	0.449
CCRL2	CXCL5	0.502
CCRL2	CXCL8	0.762
CCRL2	CXCL9	0.952
CCRL2	CXCR1	0.547
CCRL2	CXCR2	0.578
CCRL2	CXCR3	0.701
CCRL2	CXCR4	0.564
CCRL2	FCGR1A	0.442
CCRL2	FCGR2A	0.453
CCRL2	FCGR2B	0.459
CCRL2	FCGR3A	0.64
CCRL2	FCGR3B	0.632
CCRL2	FOXP3	0.727
CCRL2	GZMB	0.614
CCRL2	ICAM1	0.704
CCRL2	IDO1	0.619
CCRL2	IDO2	0.533
CCRL2	IFNA1	0.439
CCRL2	IFNB1	0.434
CCRL2	IFNG	0.853
CCRL2	IL10	0.781
CCRL2	IL10RA	0.485
CCRL2	IL13	0.594
CCRL2	IL15	0.571
CCRL2	IL17A	0.873
CCRL2	IL17F	0.697
CCRL2	IL18	0.526
CCRL2	IL1A	0.569
CCRL2	IL1B	0.744
CCRL2	IL1R1	0.708
CCRL2	IL1RN	0.453
CCRL2	IL2	0.644
CCRL2	IL33	0.471
CCRL2	IL3RA	0.644
CCRL2	IL4	0.788
CCRL2	IL5	0.58
CCRL2	IL6	0.849
CCRL2	IL6R	0.476
CCRL2	IRF8	0.44
CCRL2	ITGAE	0.634
CCRL2	ITGAM	0.653
CCRL2	ITGAX	0.671
CCRL2	ITGB2	0.585
CCRL2	MMP9	0.626
CCRL2	MOG	0.479
CCRL2	MS4A1	0.509
CCRL2	MYD88	0.614
CCRL2	PECAM1	0.47
CCRL2	PRF1	0.589
CCRL2	PTGS2	0.551
CCRL2	PTPRC	0.67
CCRL2	S1PR1	0.629
CCRL2	SELE	0.437
CCRL2	SELL	0.692
CCRL2	SELP	0.583
CCRL2	SIGLEC1	0.407
CCRL2	STAT1	0.481
CCRL2	STAT3	0.602
CCRL2	STAT6	0.415
CCRL2	TBX21	0.737
CCRL2	TGFB1	0.514
CCRL2	TLR1	0.764
CCRL2	TLR2	0.565
CCRL2	TLR4	0.689
CCRL2	TLR5	0.548
CCRL2	TLR7	0.431
CCRL2	TLR9	0.404
CCRL2	TNF	0.745
CCRL2	TNFRSF1B	0.608
CCRL2	TNFSF13B	0.47
CCRL2	VCAM1	0.638
CD14	CD163	0.611
CD14	CD33	0.444
CD14	CD36	0.669
CD14	CD55	0.462
CD14	CD68	0.449
CD14	CD86	0.41
CD14	CSF1R	0.803
CD14	CSF2	0.493
CD14	FCER1G	0.718
CD14	FCGR1A	0.415
CD14	FCGR2A	0.419
CD14	FCGR3A	0.62
CD14	FCGR3B	0.504
CD14	IL1B	0.463
CD14	IL3	0.404
CD14	IL6	0.403
CD14	ITGAM	0.75
CD14	ITGB2	0.805
CD14	LBP	0.991
CD14	LY96	0.977
CD14	MMP9	0.57
CD14	PTPRC	0.437
CD14	SARM1	0.516
CD14	SPI1	0.935
CD14	TLR1	0.694
CD14	TLR2	0.992
CD14	TLR3	0.498
CD14	TLR4	0.995
CD14	TLR6	0.578
CD14	TLR7	0.502
CD14	TLR8	0.481
CD14	TLR9	0.491
CD14	TNFRSF1B	0.414
CD14	TYROBP	0.817
CD14	VSIG4	0.432
CD163	CD19	0.595
CD163	CD1C	0.735
CD163	CD1D	0.688
CD163	CD209	0.741
CD163	CD276	0.475
CD163	CD28	0.495
CD163	CD33	0.685
CD163	CD34	0.64
CD163	CD36	0.981
CD163	CD38	0.568
CD163	CD4	0.806
CD163	CD40	0.59
CD163	CD40LG	0.681
CD163	CD44	0.447
CD163	CD68	0.919
CD163	CD69	0.663
CD163	CD80	0.788
CD163	CD83	0.668
CD163	CD86	0.832
CD163	CD8A	0.797
CD163	CEACAM8	0.609
CD163	CLEC7A	0.585
CD163	CR1	0.5
CD163	CR2	0.514
CD163	CRP	0.604
CD163	CSF1	0.734
CD163	CSF1R	0.929
CD163	CSF2	0.647
CD163	CSF3	0.42
CD163	CTLA4	0.618
CD163	CX3CL1	0.654
CD163	CX3CR1	0.79
CD163	CXCL1	0.502
CD163	CXCL10	0.691
CD163	CXCL12	0.603
CD163	CXCL13	0.499
CD163	CXCL2	0.45
CD163	CXCL5	0.468
CD163	CXCL8	0.627
CD163	CXCL9	0.781
CD163	CXCR1	0.418
CD163	CXCR2	0.467
CD163	CXCR3	0.472
CD163	CXCR4	0.675
CD163	CYBB	0.565
CD163	FCER1G	0.594
CD163	FCGR1A	0.792
CD163	FCGR2A	0.704
CD163	FCGR2B	0.752
CD163	FCGR3A	0.871
CD163	FCGR3B	0.814
CD163	FN1	0.601
CD163	FOXP3	0.79
CD163	GFAP	0.456
CD163	GZMB	0.652
CD163	HMOX1	0.631
CD163	ICAM1	0.54
CD163	IDO1	0.613
CD163	IDO2	0.454
CD163	IFNA1	0.479
CD163	IFNB1	0.455
CD163	IFNG	0.751
CD163	IGF1	0.428
CD163	IL10	0.955
CD163	IL10RA	0.535
CD163	IL13	0.71
CD163	IL15	0.495
CD163	IL17A	0.592
CD163	IL18	0.537
CD163	IL1A	0.59
CD163	IL1B	0.84
CD163	IL1R1	0.443
CD163	IL1RN	0.462
CD163	IL2	0.532
CD163	IL33	0.435
CD163	IL3RA	0.543
CD163	IL4	0.746
CD163	IL4R	0.481
CD163	IL6	0.964
CD163	IRF8	0.48
CD163	ITGAE	0.62
CD163	ITGAM	0.819
CD163	ITGAX	0.763
CD163	ITGB2	0.567
CD163	LBP	0.429
CD163	LGALS3	0.477
CD163	LY75	0.429
CD163	MMP3	0.433
CD163	MMP9	0.666
CD163	MPO	0.554
CD163	MRC1	0.93
CD163	MS4A1	0.453
CD163	MSR1	0.545
CD163	MYD88	0.469
CD163	NFKB1	0.513
CD163	NFKBIA	0.42
CD163	NLRP3	0.499
CD163	NOS2	0.518
CD163	PDCD1LG2	0.547
CD163	PECAM1	0.708
CD163	PRF1	0.602
CD163	PTGS2	0.49
CD163	PTPRC	0.841
CD163	RETNLB	0.525
CD163	S1PR1	0.469
CD163	SCARB1	0.602
CD163	SCARB2	0.608
CD163	SELE	0.443
CD163	SELL	0.481
CD163	SELP	0.439
CD163	SIGLEC1	0.866
CD163	SIRPA	0.613
CD163	SOCS3	0.447
CD163	SPI1	0.416
CD163	STAT1	0.591
CD163	STAT3	0.637
CD163	STAT6	0.587
CD163	TBX21	0.459
CD163	TGFB1	0.6
CD163	THBD	0.535
CD163	TLR1	0.496
CD163	TLR2	0.835
CD163	TLR3	0.466
CD163	TLR4	0.814
CD163	TLR5	0.458
CD163	TLR7	0.684
CD163	TLR8	0.698
CD163	TLR9	0.433
CD163	TNF	0.75
CD163	TNFRSF1A	0.409
CD163	TNFRSF1B	0.447
CD163	TNFSF13B	0.55
CD163	TREM1	0.448
CD163	TREM2	0.581
CD163	TYROBP	0.652
CD163	VCAM1	0.583
CD163	VSIG4	0.938
CD19	CD1C	0.78
CD19	CD1D	0.762
CD19	CD209	0.516
CD19	CD276	0.656
CD19	CD28	0.842
CD19	CD33	0.881
CD19	CD34	0.9
CD19	CD36	0.888
CD19	CD38	0.946
CD19	CD4	0.936
CD19	CD40	0.88
CD19	CD40LG	0.801
CD19	CD44	0.851
CD19	CD55	0.443
CD19	CD59	0.415
CD19	CD68	0.65
CD19	CD69	0.859
CD19	CD80	0.819
CD19	CD83	0.793
CD19	CD86	0.833
CD19	CD8A	0.913
CD19	CEACAM8	0.9
CD19	CR1	0.766
CD19	CR2	0.999
CD19	CRP	0.581
CD19	CSF1	0.532
CD19	CSF1R	0.639
CD19	CSF2	0.741
CD19	CSF3	0.621
CD19	CTLA4	0.766
CD19	CX3CR1	0.58
CD19	CXCL1	0.475
CD19	CXCL10	0.682
CD19	CXCL12	0.6
CD19	CXCL13	0.785
CD19	CXCL8	0.581
CD19	CXCL9	0.716
CD19	CXCR2	0.415
CD19	CXCR3	0.715
CD19	CXCR4	0.818
CD19	FCER1G	0.472
CD19	FCGR1A	0.821
CD19	FCGR2A	0.768
CD19	FCGR2B	0.933
CD19	FCGR3A	0.997
CD19	FCGR3B	0.997
CD19	FCGRT	0.502
CD19	FN1	0.441
CD19	FOXP3	0.839
CD19	GZMB	0.805
CD19	ICAM1	0.598
CD19	IDO1	0.594
CD19	IDO2	0.507
CD19	IFNA1	0.642
CD19	IFNB1	0.543
CD19	IFNG	0.858
CD19	IL10	0.806
CD19	IL10RA	0.492
CD19	IL13	0.663
CD19	IL15	0.819
CD19	IL17A	0.732
CD19	IL18	0.588
CD19	IL1A	0.579
CD19	IL1B	0.686
CD19	IL1R1	0.409
CD19	IL2	0.824
CD19	IL3	0.617
CD19	IL33	0.505
CD19	IL3RA	0.892
CD19	IL4	0.879
CD19	IL4R	0.461
CD19	IL5	0.67
CD19	IL6	0.836
CD19	IL6R	0.483
CD19	IRF8	0.607
CD19	ITGAE	0.749
CD19	ITGAM	0.912
CD19	ITGAX	0.909
CD19	ITGB2	0.541
CD19	LY75	0.502
CD19	MBL2	0.497
CD19	MMP9	0.425
CD19	MOG	0.558
CD19	MPO	0.616
CD19	MRC1	0.581
CD19	MS4A1	0.976
CD19	MYD88	0.589
CD19	NFKB1	0.505
CD19	PDCD1LG2	0.613
CD19	PECAM1	0.669
CD19	PRF1	0.687
CD19	PTPRC	0.921
CD19	SCARB1	0.881
CD19	SCARB2	0.888
CD19	SELL	0.838
CD19	SELP	0.433
CD19	SIGLEC1	0.495
CD19	SIRPA	0.52
CD19	SPI1	0.585
CD19	SRC	0.434
CD19	STAT1	0.531
CD19	STAT3	0.726
CD19	STAT6	0.464
CD19	TBX21	0.714
CD19	TGFB1	0.564
CD19	THBD	0.57
CD19	TLR1	0.442
CD19	TLR2	0.576
CD19	TLR3	0.502
CD19	TLR4	0.614
CD19	TLR5	0.416
CD19	TLR7	0.645
CD19	TLR8	0.451
CD19	TLR9	0.71
CD19	TNF	0.788
CD19	TNFSF13B	0.726
CD19	TYROBP	0.425
CD19	VCAM1	0.534
CD19	VSIG4	0.476
CD1C	CD1D	0.64
CD1C	CD209	0.861
CD1C	CD276	0.559
CD1C	CD28	0.56
CD1C	CD33	0.684
CD1C	CD34	0.726
CD1C	CD36	0.462
CD1C	CD38	0.641
CD1C	CD4	0.889
CD1C	CD40	0.751
CD1C	CD40LG	0.808
CD1C	CD44	0.635
CD1C	CD68	0.888
CD1C	CD69	0.63
CD1C	CD80	0.814
CD1C	CD83	0.942
CD1C	CD86	0.856
CD1C	CD8A	0.856
CD1C	CEACAM8	0.481
CD1C	CLEC7A	0.457
CD1C	CR1	0.622
CD1C	CR2	0.689
CD1C	CSF1	0.434
CD1C	CSF1R	0.623
CD1C	CSF2	0.746
CD1C	CTLA4	0.539
CD1C	CX3CR1	0.482
CD1C	CXCL10	0.5
CD1C	CXCL8	0.514
CD1C	CXCL9	0.433
CD1C	CXCR3	0.481
CD1C	CXCR4	0.489
CD1C	FCER1G	0.413
CD1C	FCGR1A	0.605
CD1C	FCGR2A	0.505
CD1C	FCGR2B	0.556
CD1C	FCGR3A	0.746
CD1C	FCGR3B	0.745
CD1C	FN1	0.51
CD1C	FOXP3	0.64
CD1C	GZMB	0.541
CD1C	ICAM1	0.559
CD1C	IDO1	0.525
CD1C	IDO2	0.409
CD1C	IFNA1	0.605
CD1C	IFNB1	0.409
CD1C	IFNG	0.81
CD1C	IL10	0.816
CD1C	IL13	0.517
CD1C	IL15	0.502
CD1C	IL17A	0.594
CD1C	IL18	0.433
CD1C	IL1A	0.438
CD1C	IL1B	0.627
CD1C	IL2	0.605
CD1C	IL3	0.427
CD1C	IL3RA	0.874
CD1C	IL4	0.743
CD1C	IL5	0.456
CD1C	IL6	0.618
CD1C	IRF8	0.615
CD1C	ITGAE	0.632
CD1C	ITGAM	0.705
CD1C	ITGAX	0.887
CD1C	ITGB2	0.492
CD1C	LY75	0.638
CD1C	LY96	0.41
CD1C	MPO	0.522
CD1C	MRC1	0.603
CD1C	MS4A1	0.589
CD1C	MYD88	0.47
CD1C	PDCD1LG2	0.408
CD1C	PECAM1	0.457
CD1C	PRF1	0.497
CD1C	PTPRC	0.741
CD1C	SCARB1	0.424
CD1C	SCARB2	0.438
CD1C	SCN9A	0.431
CD1C	SELL	0.528
CD1C	SIGLEC1	0.427
CD1C	SIRPA	0.665
CD1C	SPI1	0.494
CD1C	TBX21	0.509
CD1C	TGFB1	0.435
CD1C	THBD	0.892
CD1C	TLR1	0.465
CD1C	TLR2	0.543
CD1C	TLR3	0.526
CD1C	TLR4	0.558
CD1C	TLR6	0.609
CD1C	TLR7	0.614
CD1C	TLR8	0.52
CD1C	TLR9	0.573
CD1C	TNF	0.697
CD1C	TREM1	0.505
CD1C	VSIG4	0.41
CD1D	CD209	0.673
CD1D	CD276	0.559
CD1D	CD28	0.589
CD1D	CD33	0.621
CD1D	CD34	0.701
CD1D	CD36	0.419
CD1D	CD38	0.629
CD1D	CD4	0.911
CD1D	CD40	0.84
CD1D	CD40LG	0.877
CD1D	CD44	0.75
CD1D	CD68	0.875
CD1D	CD69	0.712
CD1D	CD80	0.794
CD1D	CD83	0.914
CD1D	CD86	0.829
CD1D	CD8A	0.891
CD1D	CLEC7A	0.405
CD1D	CR1	0.613
CD1D	CR2	0.739
CD1D	CSF2	0.739
CD1D	CTLA4	0.502
CD1D	CXCL10	0.438
CD1D	CXCL8	0.456
CD1D	CXCR3	0.495
CD1D	CXCR4	0.461
CD1D	EGR2	0.431
CD1D	FCGR1A	0.512
CD1D	FCGR2A	0.547
CD1D	FCGR2B	0.58
CD1D	FCGR3A	0.696
CD1D	FCGR3B	0.699
CD1D	FN1	0.513
CD1D	FOXP3	0.722
CD1D	GZMB	0.593
CD1D	ICAM1	0.573
CD1D	IDO1	0.486
CD1D	IDO2	0.4
CD1D	IFNA1	0.541
CD1D	IFNG	0.884
CD1D	IL10	0.847
CD1D	IL13	0.759
CD1D	IL15	0.608
CD1D	IL17A	0.693
CD1D	IL18	0.562
CD1D	IL1A	0.465
CD1D	IL1B	0.626
CD1D	IL2	0.693
CD1D	IL33	0.443
CD1D	IL3RA	0.621
CD1D	IL4	0.871
CD1D	IL4R	0.428
CD1D	IL5	0.56
CD1D	IL6	0.622
CD1D	ITGAE	0.53
CD1D	ITGAM	0.695
CD1D	ITGAX	0.74
CD1D	ITGB2	0.451
CD1D	LY75	0.513
CD1D	LY96	0.449
CD1D	MPO	0.526
CD1D	MRC1	0.49
CD1D	MYD88	0.537
CD1D	PDCD1LG2	0.404
CD1D	PECAM1	0.423
CD1D	PRF1	0.627
CD1D	PTPRC	0.82
CD1D	SCARB2	0.424
CD1D	SCN9A	0.431
CD1D	SELL	0.624
CD1D	SIGLEC1	0.461
CD1D	SRC	0.474
CD1D	TBX21	0.626
CD1D	TGFB1	0.416
CD1D	TLR2	0.534
CD1D	TLR3	0.445
CD1D	TLR4	0.562
CD1D	TLR7	0.491
CD1D	TLR8	0.404
CD1D	TLR9	0.528
CD1D	TNF	0.695
CD1D	TNFSF13B	0.438
CD209	CD276	0.68
CD209	CD28	0.408
CD209	CD33	0.43
CD209	CD36	0.519
CD209	CD4	0.84
CD209	CD40	0.672
CD209	CD40LG	0.508
CD209	CD44	0.549
CD209	CD68	0.606
CD209	CD80	0.739
CD209	CD83	0.787
CD209	CD86	0.755
CD209	CD8A	0.668
CD209	CSF1	0.487
CD209	CSF1R	0.482
CD209	CSF2	0.663
CD209	CTLA4	0.441
CD209	CX3CR1	0.406
CD209	CXCL10	0.519
CD209	CXCL8	0.506
CD209	CXCL9	0.434
CD209	CXCR1	0.46
CD209	CXCR4	0.619
CD209	FCER1G	0.457
CD209	FCGR1A	0.584
CD209	FCGR2A	0.708
CD209	FCGR2B	0.649
CD209	FCGR3A	0.636
CD209	FCGR3B	0.616
CD209	FCGRT	0.401
CD209	FOXP3	0.501
CD209	ICAM1	0.894
CD209	IDO1	0.467
CD209	IFNA1	0.57
CD209	IFNB1	0.479
CD209	IFNG	0.768
CD209	IL10	0.827
CD209	IL13	0.51
CD209	IL17A	0.484
CD209	IL18	0.434
CD209	IL1A	0.463
CD209	IL1B	0.624
CD209	IL2	0.525
CD209	IL3RA	0.559
CD209	IL4	0.679
CD209	IL6	0.742
CD209	ITGAE	0.519
CD209	ITGAM	0.961
CD209	ITGAX	0.718
CD209	ITGB2	0.612
CD209	LGALS3	0.59
CD209	LY75	0.868
CD209	MBL2	0.837
CD209	MOG	0.724
CD209	MRC1	0.454
CD209	MSR1	0.496
CD209	MYD88	0.549
CD209	NFKB1	0.41
CD209	PTPRC	0.554
CD209	SCARB1	0.708
CD209	SCARB2	0.494
CD209	SELP	0.629
CD209	SIGLEC1	0.761
CD209	SIRPA	0.467
CD209	STAT1	0.66
CD209	THBD	0.576
CD209	TLR1	0.506
CD209	TLR2	0.791
CD209	TLR3	0.594
CD209	TLR4	0.779
CD209	TLR5	0.414
CD209	TLR6	0.464
CD209	TLR7	0.638
CD209	TLR8	0.634
CD209	TLR9	0.601
CD209	TNF	0.645
CD276	CD28	0.998
CD276	CD33	0.446
CD276	CD34	0.4
CD276	CD38	0.486
CD276	CD4	0.877
CD276	CD40	0.802
CD276	CD40LG	0.935
CD276	CD44	0.528
CD276	CD68	0.607
CD276	CD69	0.623
CD276	CD80	0.987
CD276	CD83	0.643
CD276	CD86	0.988
CD276	CD8A	0.873
CD276	CLEC7A	0.501
CD276	CSF1	0.423
CD276	CSF1R	0.4
CD276	CSF2	0.688
CD276	CSF3	0.401
CD276	CTLA4	0.985
CD276	CXCL10	0.63
CD276	CXCL12	0.435
CD276	CXCL8	0.483
CD276	CXCL9	0.482
CD276	CXCR3	0.505
CD276	CXCR4	0.474
CD276	FCGR1A	0.451
CD276	FCGR2A	0.438
CD276	FCGR2B	0.455
CD276	FCGR3A	0.591
CD276	FCGR3B	0.582
CD276	FN1	0.617
CD276	FOXP3	0.729
CD276	GZMB	0.607
CD276	ICAM1	0.594
CD276	IDO1	0.677
CD276	IDO2	0.596
CD276	IFNA1	0.58
CD276	IFNB1	0.478
CD276	IFNG	0.78
CD276	IL10	0.734
CD276	IL13	0.6
CD276	IL15	0.587
CD276	IL17A	0.633
CD276	IL18	0.476
CD276	IL1A	0.542
CD276	IL1B	0.597
CD276	IL2	0.828
CD276	IL3RA	0.433
CD276	IL4	0.814
CD276	IL5	0.553
CD276	IL6	0.666
CD276	ITGAE	0.702
CD276	ITGAM	0.625
CD276	ITGAX	0.7
CD276	LY75	0.433
CD276	MRC1	0.453
CD276	MYD88	0.49
CD276	NFKB1	0.48
CD276	PDCD1LG2	0.556
CD276	PRF1	0.595
CD276	PTPRC	0.739
CD276	SELL	0.588
CD276	SIRPA	0.449
CD276	STAT1	0.499
CD276	STAT3	0.534
CD276	TBX21	0.686
CD276	TGFB1	0.499
CD276	TLR2	0.549
CD276	TLR3	0.53
CD276	TLR4	0.597
CD276	TLR7	0.524
CD276	TLR9	0.576
CD276	TNF	0.745
CD276	TNFRSF1A	0.479
CD276	TNFSF13B	0.434
CD28	CD33	0.62
CD28	CD34	0.541
CD28	CD38	0.856
CD28	CD4	0.971
CD28	CD40	0.997
CD28	CD40LG	0.998
CD28	CD44	0.801
CD28	CD59	0.569
CD28	CD68	0.418
CD28	CD69	0.865
CD28	CD80	0.999
CD28	CD83	0.724
CD28	CD86	0.999
CD28	CD8A	0.961
CD28	CR2	0.5
CD28	CRP	0.478
CD28	CSF1	0.452
CD28	CSF2	0.821
CD28	CSF3	0.45
CD28	CTLA4	0.991
CD28	CX3CR1	0.488
CD28	CXCL10	0.611
CD28	CXCL12	0.46
CD28	CXCL13	0.51
CD28	CXCL8	0.593
CD28	CXCL9	0.553
CD28	CXCR3	0.803
CD28	CXCR4	0.599
CD28	FCER1G	0.446
CD28	FCGR1A	0.58
CD28	FCGR2A	0.712
CD28	FCGR2B	0.711
CD28	FCGR3A	0.824
CD28	FCGR3B	0.828
CD28	FOXP3	0.935
CD28	GZMB	0.792
CD28	ICAM1	0.977
CD28	IDO1	0.713
CD28	IDO2	0.623
CD28	IFNA1	0.605
CD28	IFNB1	0.515
CD28	IFNG	0.954
CD28	IL10	0.922
CD28	IL10RA	0.638
CD28	IL13	0.768
CD28	IL15	0.842
CD28	IL17A	0.867
CD28	IL17F	0.589
CD28	IL18	0.609
CD28	IL1A	0.8
CD28	IL1B	0.808
CD28	IL1R1	0.568
CD28	IL2	0.965
CD28	IL3	0.437
CD28	IL33	0.419
CD28	IL3RA	0.571
CD28	IL4	0.896
CD28	IL4R	0.418
CD28	IL5	0.776
CD28	IL6	0.79
CD28	IL6R	0.456
CD28	ITGAE	0.622
CD28	ITGAM	0.67
CD28	ITGAX	0.677
CD28	ITGB2	0.683
CD28	JUN	0.447
CD28	LY75	0.568
CD28	MOG	0.542
CD28	MYD88	0.418
CD28	NFKB1	0.704
CD28	NFKBIA	0.418
CD28	PDCD1LG2	0.976
CD28	PECAM1	0.496
CD28	PRF1	0.791
CD28	PTPRC	0.8
CD28	S1PR1	0.417
CD28	SELL	0.83
CD28	SIRPA	0.557
CD28	SRC	0.784
CD28	STAT1	0.584
CD28	STAT3	0.616
CD28	STAT6	0.48
CD28	TBX21	0.826
CD28	TGFB1	0.625
CD28	TLR2	0.48
CD28	TLR3	0.461
CD28	TLR4	0.54
CD28	TLR7	0.529
CD28	TLR8	0.427
CD28	TLR9	0.516
CD28	TNF	0.875
CD28	TNFRSF1A	0.668
CD28	TNFRSF1B	0.422
CD28	TNFSF13B	0.515
CD28	TYROBP	0.4
CD28	VCAM1	0.442
CD33	CD34	0.951
CD33	CD36	0.732
CD33	CD38	0.823
CD33	CD4	0.869
CD33	CD40	0.516
CD33	CD40LG	0.444
CD33	CD44	0.53
CD33	CD68	0.714
CD33	CD69	0.483
CD33	CD80	0.625
CD33	CD83	0.497
CD33	CD86	0.633
CD33	CD8A	0.72
CD33	CEACAM8	0.712
CD33	CR1	0.645
CD33	CSF1	0.473
CD33	CSF1R	0.615
CD33	CSF2	0.643
CD33	CSF3	0.628
CD33	CTLA4	0.584
CD33	CX3CR1	0.561
CD33	CXCL12	0.426
CD33	CXCL8	0.439
CD33	CXCR2	0.497
CD33	CXCR4	0.541
CD33	CYBB	0.416
CD33	FCER1G	0.414
CD33	FCGR1A	0.747
CD33	FCGR2A	0.572
CD33	FCGR2B	0.524
CD33	FCGR3A	0.974
CD33	FCGR3B	0.96
CD33	FCGRT	0.407
CD33	FOXP3	0.573
CD33	GZMB	0.513
CD33	ICAM1	0.47
CD33	IDO1	0.508
CD33	IFNG	0.61
CD33	IL10	0.595
CD33	IL15	0.807
CD33	IL1B	0.541
CD33	IL2	0.737
CD33	IL3	0.596
CD33	IL3RA	0.819
CD33	IL4	0.483
CD33	IL4R	0.505
CD33	IL6	0.606
CD33	IRF8	0.444
CD33	ITGAE	0.404
CD33	ITGAM	0.85
CD33	ITGAX	0.711
CD33	ITGB2	0.469
CD33	MPO	0.751
CD33	MRC1	0.494
CD33	MS4A1	0.415
CD33	MSR1	0.424
CD33	PDCD1LG2	0.419
CD33	PECAM1	0.511
CD33	PRF1	0.469
CD33	PTPRC	0.819
CD33	SCARB1	0.702
CD33	SCARB2	0.707
CD33	SELE	0.649
CD33	SELL	0.694
CD33	SIGLEC1	0.596
CD33	SIRPA	0.673
CD33	SOCS3	0.642
CD33	SPI1	0.538
CD33	SRC	0.449
CD33	STAT3	0.471
CD33	TGFB1	0.58
CD33	THBD	0.458
CD33	TLR2	0.449
CD33	TLR4	0.675
CD33	TLR5	0.405
CD33	TLR7	0.426
CD33	TNF	0.568
CD33	TNFSF13B	0.507
CD33	TREM1	0.639
CD33	TREM2	0.954
CD33	TYROBP	0.897
CD34	CD36	0.739
CD34	CD38	0.964
CD34	CD4	0.886
CD34	CD40	0.601
CD34	CD40LG	0.481
CD34	CD44	0.912
CD34	CD55	0.568
CD34	CD59	0.624
CD34	CD68	0.801
CD34	CD69	0.48
CD34	CD80	0.654
CD34	CD83	0.611
CD34	CD86	0.659
CD34	CD8A	0.874
CD34	CEACAM8	0.546
CD34	CLDN5	0.509
CD34	CR1	0.514
CD34	CR2	0.59
CD34	CRP	0.506
CD34	CSF1	0.574
CD34	CSF1R	0.746
CD34	CSF2	0.772
CD34	CSF3	0.94
CD34	CTLA4	0.447
CD34	CX3CR1	0.433
CD34	CXCL1	0.418
CD34	CXCL10	0.456
CD34	CXCL12	0.856
CD34	CXCL8	0.591
CD34	CXCL9	0.429
CD34	CXCR1	0.4
CD34	CXCR2	0.447
CD34	CXCR3	0.409
CD34	CXCR4	0.815
CD34	F3	0.416
CD34	FCGR1A	0.758
CD34	FCGR2A	0.569
CD34	FCGR2B	0.581
CD34	FCGR3A	0.816
CD34	FCGR3B	0.803
CD34	FN1	0.96
CD34	FOXP3	0.585
CD34	GFAP	0.747
CD34	GZMB	0.491
CD34	ICAM1	0.844
CD34	IDO1	0.566
CD34	IDO2	0.49
CD34	IFNA1	0.554
CD34	IFNG	0.695
CD34	IGF1	0.631
CD34	IL10	0.718
CD34	IL13	0.481
CD34	IL15	0.608
CD34	IL17A	0.514
CD34	IL18	0.418
CD34	IL1A	0.585
CD34	IL1B	0.672
CD34	IL2	0.63
CD34	IL3	0.904
CD34	IL33	0.663
CD34	IL3RA	0.785
CD34	IL4	0.615
CD34	IL5	0.507
CD34	IL6	0.83
CD34	IRF8	0.424
CD34	ITGAE	0.446
CD34	ITGAM	0.872
CD34	ITGAX	0.718
CD34	ITGB2	0.543
CD34	JUN	0.443
CD34	MMP9	0.71
CD34	MPO	0.735
CD34	MRC1	0.469
CD34	NFKB1	0.454
CD34	NGF	0.467
CD34	PDCD1LG2	0.432
CD34	PECAM1	0.94
CD34	PRF1	0.477
CD34	PTGS2	0.635
CD34	PTPRC	0.919
CD34	SCARB1	0.714
CD34	SCARB2	0.72
CD34	SELE	0.953
CD34	SELL	0.999
CD34	SELP	0.832
CD34	SIRPA	0.46
CD34	SOX10	0.587
CD34	SPI1	0.607
CD34	SRC	0.517
CD34	STAT1	0.443
CD34	STAT3	0.614
CD34	STAT6	0.604
CD34	TGFB1	0.787
CD34	THBD	0.518
CD34	TLR2	0.447
CD34	TLR4	0.519
CD34	TNF	0.712
CD34	VCAM1	0.896
CD36	CD38	0.517
CD36	CD4	0.612
CD36	CD40	0.707
CD36	CD40LG	0.631
CD36	CD44	0.714
CD36	CD59	0.5
CD36	CD68	0.797
CD36	CD80	0.516
CD36	CD86	0.588
CD36	CD8A	0.737
CD36	CEACAM8	0.675
CD36	CLEC7A	0.787
CD36	CRP	0.474
CD36	CSF1	0.483
CD36	CSF1R	0.583
CD36	CSF2	0.483
CD36	CX3CR1	0.524
CD36	CXCL10	0.441
CD36	CXCL12	0.433
CD36	CXCL5	0.545
CD36	CXCL8	0.512
CD36	CXCR3	0.446
CD36	CXCR4	0.432
CD36	CYBB	0.552
CD36	F3	0.418
CD36	FCER1G	0.734
CD36	FCGR1A	0.71
CD36	FCGR2A	0.564
CD36	FCGR2B	0.564
CD36	FCGR3A	0.928
CD36	FCGR3B	0.923
CD36	FCGRT	0.445
CD36	FN1	0.702
CD36	FOXP3	0.407
CD36	GFAP	0.462
CD36	HMOX1	0.472
CD36	ICAM1	0.806
CD36	IFNG	0.607
CD36	IGF1	0.496
CD36	IL10	0.649
CD36	IL13	0.855
CD36	IL15	0.434
CD36	IL17A	0.429
CD36	IL18	0.483
CD36	IL1A	0.518
CD36	IL1B	0.727
CD36	IL3	0.415
CD36	IL3RA	0.614
CD36	IL4	0.888
CD36	IL6	0.73
CD36	IRF8	0.499
CD36	ITGAM	0.805
CD36	ITGAX	0.629
CD36	ITGB2	0.809
CD36	JUN	0.447
CD36	LGALS3	0.646
CD36	LY75	0.417
CD36	LY96	0.734
CD36	MMP3	0.564
CD36	MMP9	0.578
CD36	MPO	0.502
CD36	MRC1	0.687
CD36	MS4A1	0.435
CD36	MSR1	0.817
CD36	MYD88	0.646
CD36	NFE2L2	0.453
CD36	NFKB1	0.693
CD36	NFKBIA	0.44
CD36	NLRP3	0.544
CD36	PECAM1	0.851
CD36	PTGS2	0.484
CD36	PTPRC	0.77
CD36	RETNLB	0.476
CD36	SELE	0.724
CD36	SELL	0.401
CD36	SELP	0.861
CD36	SIGLEC1	0.677
CD36	SIRPA	0.75
CD36	SRC	0.72
CD36	STAT1	0.441
CD36	STAT3	0.508
CD36	STAT6	0.442
CD36	TGFB1	0.54
CD36	THBD	0.412
CD36	TLR1	0.968
CD36	TLR2	0.998
CD36	TLR3	0.481
CD36	TLR4	0.998
CD36	TLR5	0.429
CD36	TLR6	0.997
CD36	TLR7	0.472
CD36	TLR8	0.475
CD36	TLR9	0.447
CD36	TNF	0.711
CD36	TREM2	0.521
CD36	TYROBP	0.454
CD36	VCAM1	0.771
CD38	CD4	0.932
CD38	CD40	0.714
CD38	CD40LG	0.77
CD38	CD44	0.782
CD38	CD59	0.417
CD38	CD68	0.528
CD38	CD69	0.815
CD38	CD80	0.799
CD38	CD83	0.565
CD38	CD86	0.862
CD38	CD8A	0.884
CD38	CEACAM8	0.671
CD38	CR1	0.432
CD38	CR2	0.794
CD38	CRP	0.507
CD38	CSF2	0.582
CD38	CSF3	0.792
CD38	CTLA4	0.785
CD38	CX3CR1	0.446
CD38	CXCL10	0.596
CD38	CXCL12	0.657
CD38	CXCL13	0.682
CD38	CXCL8	0.484
CD38	CXCL9	0.513
CD38	CXCR3	0.651
CD38	CXCR4	0.786
CD38	EGR2	0.449
CD38	FCGR1A	0.76
CD38	FCGR2A	0.527
CD38	FCGR2B	0.687
CD38	FCGR3A	0.861
CD38	FCGR3B	0.801
CD38	FN1	0.412
CD38	FOXP3	0.682
CD38	GZMB	0.786
CD38	ICAM1	0.541
CD38	IDO1	0.576
CD38	IFNA1	0.545
CD38	IFNB1	0.406
CD38	IFNG	0.779
CD38	IL10	0.692
CD38	IL13	0.446
CD38	IL15	0.573
CD38	IL17A	0.591
CD38	IL18	0.455
CD38	IL1A	0.416
CD38	IL1B	0.58
CD38	IL2	0.691
CD38	IL3	0.602
CD38	IL3RA	0.792
CD38	IL4	0.627
CD38	IL5	0.441
CD38	IL6	0.788
CD38	IL6R	0.439
CD38	IRF8	0.444
CD38	ITGAE	0.583
CD38	ITGAM	0.808
CD38	ITGAX	0.686
CD38	ITGB2	0.455
CD38	MPO	0.582
CD38	MRC1	0.428
CD38	MS4A1	0.642
CD38	MYD88	0.433
CD38	NFKB1	0.447
CD38	NMNAT2	0.94
CD38	PDCD1LG2	0.519
CD38	PECAM1	0.992
CD38	PRF1	0.663
CD38	PTPRC	0.864
CD38	SARM1	0.5
CD38	SCARB1	0.492
CD38	SCARB2	0.513
CD38	SELE	0.636
CD38	SELL	0.7
CD38	SELP	0.651
CD38	SIGLEC1	0.445
CD38	SPI1	0.412
CD38	STAT1	0.624
CD38	STAT3	0.484
CD38	TBX21	0.584
CD38	TGFB1	0.402
CD38	TLR4	0.432
CD38	TLR7	0.522
CD38	TLR9	0.484
CD38	TNF	0.681
CD38	TNFSF13B	0.639
CD38	VCAM1	0.46
CD4	CD40	0.924
CD4	CD40LG	0.983
CD4	CD44	0.95
CD4	CD55	0.536
CD4	CD59	0.474
CD4	CD68	0.898
CD4	CD69	0.948
CD4	CD80	0.958
CD4	CD83	0.754
CD4	CD86	0.958
CD4	CD8A	0.999
CD4	CEACAM8	0.605
CD4	CLEC7A	0.779
CD4	CR1	0.563
CD4	CR2	0.798
CD4	CRP	0.79
CD4	CSF1	0.67
CD4	CSF1R	0.755
CD4	CSF2	0.88
CD4	CSF3	0.734
CD4	CTLA4	0.955
CD4	CX3CL1	0.609
CD4	CX3CR1	0.77
CD4	CXCL1	0.735
CD4	CXCL10	0.839
CD4	CXCL12	0.825
CD4	CXCL13	0.818
CD4	CXCL2	0.639
CD4	CXCL3	0.496
CD4	CXCL5	0.613
CD4	CXCL8	0.861
CD4	CXCL9	0.79
CD4	CXCR1	0.565
CD4	CXCR2	0.642
CD4	CXCR3	0.864
CD4	CXCR4	0.999
CD4	CYBB	0.555
CD4	EGR2	0.461
CD4	F3	0.54
CD4	FCER1G	0.642
CD4	FCGR1A	0.902
CD4	FCGR2A	0.837
CD4	FCGR2B	0.842
CD4	FCGR3A	0.964
CD4	FCGR3B	0.959
CD4	FCGRT	0.689
CD4	FN1	0.916
CD4	FOXP3	0.979
CD4	GFAP	0.517
CD4	GZMB	0.936
CD4	HMOX1	0.519
CD4	ICAM1	0.969
CD4	IDO1	0.875
CD4	IDO2	0.826
CD4	IFNA1	0.887
CD4	IFNB1	0.845
CD4	IFNG	0.991
CD4	IGF1	0.513
CD4	IL10	0.976
CD4	IL10RA	0.708
CD4	IL13	0.931
CD4	IL15	0.917
CD4	IL17A	0.972
CD4	IL17F	0.87
CD4	IL18	0.849
CD4	IL1A	0.876
CD4	IL1B	0.958
CD4	IL1R1	0.743
CD4	IL1RN	0.51
CD4	IL2	0.975
CD4	IL3	0.709
CD4	IL31	0.479
CD4	IL33	0.729
CD4	IL3RA	0.887
CD4	IL4	0.97
CD4	IL4R	0.78
CD4	IL5	0.93
CD4	IL6	0.966
CD4	IL6R	0.67
CD4	IRF8	0.658
CD4	ITGAE	0.848
CD4	ITGAM	0.943
CD4	ITGAX	0.949
CD4	ITGB2	0.834
CD4	JUN	0.626
CD4	LGALS3	0.652
CD4	LY75	0.744
CD4	LY96	0.467
CD4	MBL2	0.672
CD4	MBP	0.773
CD4	MMP3	0.659
CD4	MMP9	0.701
CD4	MOG	0.795
CD4	MPO	0.7
CD4	MRC1	0.757
CD4	MS4A1	0.565
CD4	MSR1	0.468
CD4	MYD88	0.85
CD4	NEFL	0.615
CD4	NFKB1	0.858
CD4	NFKBIA	0.618
CD4	NGF	0.418
CD4	NLRP3	0.65
CD4	NOS2	0.585
CD4	OCLN	0.494
CD4	PDCD1LG2	0.945
CD4	PECAM1	0.746
CD4	PRF1	0.94
CD4	PTGS2	0.615
CD4	PTPRC	0.981
CD4	RETNLB	0.475
CD4	S1PR1	0.649
CD4	SCARB1	0.589
CD4	SCARB2	0.739
CD4	SELE	0.756
CD4	SELL	0.931
CD4	SELP	0.782
CD4	SIGLEC1	0.69
CD4	SIRPA	0.724
CD4	SOCS3	0.712
CD4	SPI1	0.696
CD4	SRC	0.728
CD4	STAT1	0.891
CD4	STAT3	0.892
CD4	STAT6	0.862
CD4	TBX21	0.947
CD4	TGFB1	0.87
CD4	THBD	0.634
CD4	TLR1	0.672
CD4	TLR2	0.814
CD4	TLR3	0.786
CD4	TLR4	0.902
CD4	TLR5	0.695
CD4	TLR6	0.569
CD4	TLR7	0.834
CD4	TLR8	0.754
CD4	TLR9	0.868
CD4	TNF	0.968
CD4	TNFRSF1A	0.797
CD4	TNFRSF1B	0.614
CD4	TNFSF13B	0.714
CD4	TREM1	0.453
CD4	TREM2	0.414
CD4	TYROBP	0.634
CD4	VCAM1	0.724
CD4	VSIG4	0.464
CD40	CD40LG	0.999
CD40	CD44	0.791
CD40	CD68	0.643
CD40	CD69	0.732
CD40	CD80	0.999
CD40	CD83	0.951
CD40	CD86	0.988
CD40	CD8A	0.915
CD40	CLEC7A	0.512
CD40	CR2	0.693
CD40	CRP	0.666
CD40	CSF1	0.598
CD40	CSF1R	0.623
CD40	CSF2	0.858
CD40	CSF3	0.525
CD40	CTLA4	0.973
CD40	CX3CL1	0.428
CD40	CX3CR1	0.512
CD40	CXCL1	0.546
CD40	CXCL10	0.7
CD40	CXCL12	0.578
CD40	CXCL13	0.589
CD40	CXCL2	0.439
CD40	CXCL5	0.431
CD40	CXCL8	0.682
CD40	CXCL9	0.641
CD40	CXCR2	0.441
CD40	CXCR3	0.594
CD40	CXCR4	0.75
CD40	CYBB	0.407
CD40	F3	0.644
CD40	FCGR1A	0.59
CD40	FCGR2A	0.686
CD40	FCGR2B	0.707
CD40	FCGR3A	0.733
CD40	FCGR3B	0.728
CD40	FN1	0.431
CD40	FOXP3	0.777
CD40	GZMB	0.722
CD40	ICAM1	0.972
CD40	IDO1	0.731
CD40	IDO2	0.61
CD40	IFNA1	0.808
CD40	IFNB1	0.615
CD40	IFNG	0.927
CD40	IL10	0.901
CD40	IL10RA	0.509
CD40	IL13	0.674
CD40	IL15	0.769
CD40	IL17A	0.856
CD40	IL17F	0.414
CD40	IL18	0.638
CD40	IL1A	0.803
CD40	IL1B	0.949
CD40	IL1R1	0.667
CD40	IL2	0.847
CD40	IL3	0.515
CD40	IL33	0.478
CD40	IL3RA	0.591
CD40	IL4	0.929
CD40	IL4R	0.79
CD40	IL5	0.789
CD40	IL6	0.891
CD40	IL6R	0.445
CD40	IRF8	0.595
CD40	ITGAE	0.66
CD40	ITGAM	0.784
CD40	ITGAX	0.877
CD40	ITGB2	0.566
CD40	JUN	0.671
CD40	LY75	0.74
CD40	LY96	0.433
CD40	MMP9	0.626
CD40	MOG	0.506
CD40	MRC1	0.629
CD40	MS4A1	0.602
CD40	MYD88	0.922
CD40	NFKB1	0.898
CD40	NFKBIA	0.822
CD40	NGF	0.577
CD40	NLRP3	0.404
CD40	NOS2	0.454
CD40	PDCD1LG2	0.683
CD40	PECAM1	0.666
CD40	PRF1	0.609
CD40	PTGS2	0.447
CD40	PTPRC	0.798
CD40	SCARB1	0.707
CD40	SCARB2	0.706
CD40	SELE	0.482
CD40	SELL	0.671
CD40	SELP	0.985
CD40	SIGLEC1	0.474
CD40	SIRPA	0.549
CD40	SOCS3	0.417
CD40	SPI1	0.476
CD40	SRC	0.458
CD40	STAT1	0.758
CD40	STAT3	0.634
CD40	STAT6	0.552
CD40	TBX21	0.62
CD40	TGFB1	0.634
CD40	THBD	0.588
CD40	TLR1	0.582
CD40	TLR2	0.911
CD40	TLR3	0.855
CD40	TLR4	0.918
CD40	TLR5	0.528
CD40	TLR6	0.486
CD40	TLR7	0.74
CD40	TLR8	0.589
CD40	TLR9	0.845
CD40	TNF	0.992
CD40	TNFRSF1A	0.919
CD40	TNFRSF1B	0.777
CD40	TNFSF13B	0.959
CD40	VCAM1	0.857
CD40LG	CD44	0.762
CD40LG	CD68	0.449
CD40LG	CD69	0.849
CD40LG	CD80	0.998
CD40LG	CD83	0.715
CD40LG	CD86	0.998
CD40LG	CD8A	0.907
CD40LG	CLEC7A	0.424
CD40LG	CR2	0.655
CD40LG	CRP	0.633
CD40LG	CSF1	0.447
CD40LG	CSF1R	0.422
CD40LG	CSF2	0.787
CD40LG	CSF3	0.605
CD40LG	CTLA4	0.856
CD40LG	CX3CL1	0.718
CD40LG	CX3CR1	0.448
CD40LG	CXCL1	0.718
CD40LG	CXCL10	0.68
CD40LG	CXCL12	0.697
CD40LG	CXCL13	0.62
CD40LG	CXCL5	0.616
CD40LG	CXCL8	0.67
CD40LG	CXCL9	0.559
CD40LG	CXCR2	0.423
CD40LG	CXCR3	0.73
CD40LG	CXCR4	0.755
CD40LG	CYBB	0.455
CD40LG	F3	0.597
CD40LG	FCGR1A	0.402
CD40LG	FCGR2A	0.574
CD40LG	FCGR2B	0.557
CD40LG	FCGR3A	0.634
CD40LG	FCGR3B	0.634
CD40LG	FOXP3	0.772
CD40LG	GFAP	0.438
CD40LG	GZMB	0.682
CD40LG	ICAM1	0.891
CD40LG	IDO1	0.6
CD40LG	IDO2	0.523
CD40LG	IFNA1	0.646
CD40LG	IFNB1	0.684
CD40LG	IFNG	0.919
CD40LG	IL10	0.876
CD40LG	IL10RA	0.451
CD40LG	IL13	0.719
CD40LG	IL15	0.745
CD40LG	IL17A	0.732
CD40LG	IL17F	0.517
CD40LG	IL18	0.765
CD40LG	IL1A	0.8
CD40LG	IL1B	0.89
CD40LG	IL1R1	0.447
CD40LG	IL1RN	0.409
CD40LG	IL2	0.924
CD40LG	IL3	0.602
CD40LG	IL31	0.432
CD40LG	IL33	0.48
CD40LG	IL3RA	0.482
CD40LG	IL4	0.914
CD40LG	IL4R	0.708
CD40LG	IL5	0.721
CD40LG	IL6	0.795
CD40LG	IL6R	0.457
CD40LG	IRF8	0.469
CD40LG	ITGAE	0.486
CD40LG	ITGAM	0.894
CD40LG	ITGAX	0.693
CD40LG	ITGB2	0.925
CD40LG	JUN	0.404
CD40LG	LY75	0.534
CD40LG	MMP9	0.534
CD40LG	MOG	0.406
CD40LG	MPO	0.481
CD40LG	MS4A1	0.41
CD40LG	MYD88	0.56
CD40LG	NFKB1	0.728
CD40LG	NFKBIA	0.488
CD40LG	NGF	0.5
CD40LG	PDCD1LG2	0.595
CD40LG	PECAM1	0.474
CD40LG	PRF1	0.678
CD40LG	PTPRC	0.719
CD40LG	SCARB1	0.616
CD40LG	SCARB2	0.617
CD40LG	SELE	0.604
CD40LG	SELL	0.677
CD40LG	SELP	0.951
CD40LG	SIRPA	0.43
CD40LG	STAT1	0.553
CD40LG	STAT3	0.567
CD40LG	STAT6	0.514
CD40LG	TBX21	0.654
CD40LG	TGFB1	0.551
CD40LG	THBD	0.536
CD40LG	TLR1	0.651
CD40LG	TLR2	0.753
CD40LG	TLR3	0.579
CD40LG	TLR4	0.889
CD40LG	TLR5	0.456
CD40LG	TLR6	0.486
CD40LG	TLR7	0.692
CD40LG	TLR8	0.561
CD40LG	TLR9	0.847
CD40LG	TNF	0.942
CD40LG	TNFRSF1A	0.824
CD40LG	TNFRSF1B	0.827
CD40LG	TNFSF13B	0.961
CD40LG	TREM1	0.584
CD40LG	VCAM1	0.637
CD44	CD55	0.505
CD44	CD59	0.737
CD44	CD68	0.708
CD44	CD69	0.893
CD44	CD80	0.825
CD44	CD83	0.6
CD44	CD86	0.809
CD44	CD8A	0.938
CD44	CR1	0.401
CD44	CR2	0.569
CD44	CSF1	0.547
CD44	CSF1R	0.519
CD44	CSF2	0.745
CD44	CSF3	0.485
CD44	CTLA4	0.687
CD44	CX3CR1	0.48
CD44	CXCL1	0.672
CD44	CXCL10	0.578
CD44	CXCL12	0.961
CD44	CXCL8	0.751
CD44	CXCL9	0.446
CD44	CXCR1	0.438
CD44	CXCR2	0.983
CD44	CXCR3	0.751
CD44	CXCR4	0.994
CD44	EGR2	0.52
CD44	FCGR1A	0.482
CD44	FCGR2A	0.686
CD44	FCGR2B	0.675
CD44	FCGR3A	0.746
CD44	FCGR3B	0.748
CD44	FN1	0.999
CD44	FOXP3	0.855
CD44	GFAP	0.577
CD44	GZMB	0.672
CD44	ICAM1	0.995
CD44	IDO1	0.533
CD44	IDO2	0.445
CD44	IFNA1	0.66
CD44	IFNG	0.883
CD44	IGF1	0.719
CD44	IL10	0.795
CD44	IL13	0.572
CD44	IL15	0.77
CD44	IL17A	0.72
CD44	IL18	0.46
CD44	IL1A	0.716
CD44	IL1B	0.707
CD44	IL1R1	0.428
CD44	IL2	0.806
CD44	IL3	0.588
CD44	IL33	0.436
CD44	IL3RA	0.447
CD44	IL4	0.807
CD44	IL4R	0.436
CD44	IL5	0.515
CD44	IL6	0.821
CD44	IL6R	0.443
CD44	ITGAE	0.71
CD44	ITGAM	0.86
CD44	ITGAX	0.833
CD44	ITGB2	0.879
CD44	JUN	0.6
CD44	LGALS3	0.904
CD44	LY96	0.965
CD44	MMP3	0.53
CD44	MMP9	0.998
CD44	MOG	0.486
CD44	MRC1	0.828
CD44	MYD88	0.652
CD44	NFE2L2	0.413
CD44	NFKB1	0.642
CD44	NFKBIA	0.453
CD44	NGF	0.415
CD44	PDCD1LG2	0.566
CD44	PECAM1	0.949
CD44	PRF1	0.57
CD44	PTGS2	0.582
CD44	PTPRC	0.931
CD44	S1PR1	0.466
CD44	SCARB1	0.678
CD44	SCARB2	0.681
CD44	SELE	0.997
CD44	SELL	0.998
CD44	SELP	0.993
CD44	SIRPA	0.518
CD44	SPI1	0.569
CD44	SRC	0.972
CD44	STAT1	0.842
CD44	STAT3	0.802
CD44	STAT6	0.409
CD44	TBX21	0.689
CD44	TGFB1	0.747
CD44	TLR2	0.874
CD44	TLR3	0.415
CD44	TLR4	0.983
CD44	TLR7	0.419
CD44	TLR9	0.427
CD44	TNF	0.822
CD44	TNFRSF1A	0.443
CD44	TYROBP	0.521
CD44	VCAM1	0.994
CD55	CD59	0.988
CD55	CD68	0.402
CD55	CD8A	0.452
CD55	CEACAM8	0.541
CD55	COL18A1	0.425
CD55	CR1	0.627
CD55	CXCR4	0.508
CD55	F3	0.458
CD55	FCGR1A	0.592
CD55	FCGR2A	0.515
CD55	FCGR2B	0.478
CD55	FCGR3A	0.448
CD55	FCGR3B	0.639
CD55	ICAM1	0.916
CD55	IFNG	0.465
CD55	IGF1	0.445
CD55	IL10	0.402
CD55	IL1B	0.463
CD55	IL6	0.467
CD55	ITGAM	0.595
CD55	ITGB2	0.508
CD55	LY96	0.464
CD55	MBL2	0.605
CD55	PECAM1	0.439
CD55	PRF1	0.493
CD55	PTPRC	0.446
CD55	SELL	0.539
CD55	THBD	0.596
CD55	TLR2	0.546
CD55	TLR4	0.642
CD55	TNF	0.474
CD55	TNFSF13B	0.403
CD55	VSIG4	0.476
CD59	CD8A	0.581
CD59	CEACAM8	0.502
CD59	CR1	0.824
CD59	F3	0.422
CD59	FCGR3A	0.474
CD59	FCGR3B	0.448
CD59	ICAM1	0.439
CD59	IFNG	0.432
CD59	IL1B	0.461
CD59	IL6	0.458
CD59	ITGB2	0.443
CD59	MBL2	0.607
CD59	PRF1	0.602
CD59	PTPRC	0.483
CD59	SCARB1	0.501
CD59	SCARB2	0.515
CD59	SELP	0.612
CD59	SIRPA	0.572
CD59	THBD	0.474
CD59	TNF	0.446
CD59	VSIG4	0.508
CD68	CD69	0.452
CD68	CD80	0.684
CD68	CD83	0.793
CD68	CD86	0.79
CD68	CD8A	0.893
CD68	CEACAM8	0.685
CD68	CLDN5	0.573
CD68	CLEC7A	0.629
CD68	CR1	0.592
CD68	CR2	0.625
CD68	CRP	0.59
CD68	CSF1	0.723
CD68	CSF1R	0.792
CD68	CSF2	0.633
CD68	CSF3	0.447
CD68	CTLA4	0.73
CD68	CX3CL1	0.552
CD68	CX3CR1	0.75
CD68	CXCL1	0.581
CD68	CXCL10	0.732
CD68	CXCL12	0.57
CD68	CXCL13	0.474
CD68	CXCL2	0.461
CD68	CXCL8	0.625
CD68	CXCL9	0.554
CD68	CXCR2	0.439
CD68	CXCR3	0.461
CD68	CXCR4	0.563
CD68	CYBB	0.624
CD68	FCER1G	0.649
CD68	FCGR1A	0.665
CD68	FCGR2A	0.625
CD68	FCGR2B	0.722
CD68	FCGR3A	0.774
CD68	FCGR3B	0.766
CD68	FN1	0.578
CD68	FOXP3	0.85
CD68	GFAP	0.846
CD68	GZMB	0.75
CD68	HMOX1	0.583
CD68	ICAM1	0.693
CD68	IDO1	0.557
CD68	IDO2	0.404
CD68	IFNA1	0.478
CD68	IFNB1	0.445
CD68	IFNG	0.811
CD68	IGF1	0.475
CD68	IL10	0.794
CD68	IL10RA	0.414
CD68	IL13	0.645
CD68	IL15	0.462
CD68	IL17A	0.604
CD68	IL18	0.595
CD68	IL1A	0.639
CD68	IL1B	0.84
CD68	IL1R1	0.419
CD68	IL1RN	0.499
CD68	IL2	0.542
CD68	IL33	0.445
CD68	IL3RA	0.594
CD68	IL4	0.724
CD68	IL4R	0.439
CD68	IL5	0.437
CD68	IL6	0.839
CD68	IRF8	0.465
CD68	ITGAE	0.47
CD68	ITGAM	0.896
CD68	ITGAX	0.826
CD68	ITGB2	0.671
CD68	JUN	0.609
CD68	LGALS3	0.706
CD68	LY96	0.407
CD68	MBP	0.617
CD68	MMP3	0.47
CD68	MMP9	0.766
CD68	MOG	0.437
CD68	MPO	0.74
CD68	MRC1	0.877
CD68	MS4A1	0.489
CD68	MSR1	0.77
CD68	MYD88	0.516
CD68	NFE2L2	0.534
CD68	NFKB1	0.541
CD68	NFKBIA	0.504
CD68	NGF	0.407
CD68	NLRP3	0.494
CD68	NOS2	0.568
CD68	OCLN	0.437
CD68	PDCD1LG2	0.572
CD68	PECAM1	0.823
CD68	PRF1	0.48
CD68	PTGS2	0.582
CD68	PTPRC	0.888
CD68	RETNLB	0.477
CD68	SCARB1	0.79
CD68	SCARB2	0.79
CD68	SELE	0.478
CD68	SELL	0.428
CD68	SELP	0.431
CD68	SIGLEC1	0.8
CD68	SIRPA	0.553
CD68	SOCS3	0.449
CD68	SOX10	0.435
CD68	SPI1	0.557
CD68	STAT1	0.533
CD68	STAT3	0.617
CD68	STAT6	0.545
CD68	TBX21	0.433
CD68	TGFB1	0.787
CD68	THBD	0.407
CD68	TLR1	0.425
CD68	TLR2	0.647
CD68	TLR3	0.459
CD68	TLR4	0.726
CD68	TLR7	0.492
CD68	TLR8	0.452
CD68	TLR9	0.44
CD68	TNF	0.86
CD68	TNFRSF1A	0.439
CD68	TNFSF13B	0.706
CD68	TREM1	0.424
CD68	TREM2	0.805
CD68	TYROBP	0.796
CD68	VCAM1	0.631
CD68	VSIG4	0.553
CD69	CD80	0.906
CD69	CD83	0.678
CD69	CD86	0.839
CD69	CD8A	0.938
CD69	CEACAM8	0.421
CD69	CR2	0.761
CD69	CSF1R	0.469
CD69	CSF2	0.683
CD69	CSF3	0.412
CD69	CTLA4	0.794
CD69	CX3CR1	0.569
CD69	CXCL1	0.422
CD69	CXCL10	0.654
CD69	CXCL12	0.439
CD69	CXCL13	0.487
CD69	CXCL2	0.432
CD69	CXCL8	0.756
CD69	CXCL9	0.757
CD69	CXCR3	0.741
CD69	CXCR4	0.701
CD69	EGR2	0.49
CD69	FCER1G	0.412
CD69	FCGR1A	0.519
CD69	FCGR2A	0.657
CD69	FCGR2B	0.669
CD69	FCGR3A	0.826
CD69	FCGR3B	0.823
CD69	FOXP3	0.823
CD69	GZMB	0.838
CD69	ICAM1	0.638
CD69	IDO1	0.492
CD69	IFNA1	0.601
CD69	IFNB1	0.487
CD69	IFNG	0.912
CD69	IL10	0.766
CD69	IL10RA	0.484
CD69	IL13	0.623
CD69	IL15	0.758
CD69	IL17A	0.738
CD69	IL17F	0.421
CD69	IL18	0.607
CD69	IL1A	0.52
CD69	IL1B	0.678
CD69	IL1RN	0.421
CD69	IL2	0.906
CD69	IL3	0.437
CD69	IL33	0.474
CD69	IL3RA	0.527
CD69	IL4	0.757
CD69	IL5	0.635
CD69	IL6	0.72
CD69	IRF8	0.463
CD69	ITGAE	0.818
CD69	ITGAM	0.805
CD69	ITGAX	0.805
CD69	ITGB2	0.559
CD69	JUN	0.442
CD69	LY75	0.45
CD69	MOG	0.449
CD69	MRC1	0.552
CD69	MS4A1	0.748
CD69	MYD88	0.485
CD69	NFKB1	0.435
CD69	NFKBIA	0.439
CD69	PDCD1LG2	0.547
CD69	PECAM1	0.518
CD69	PRF1	0.799
CD69	PTGS2	0.642
CD69	PTPRC	0.882
CD69	S1PR1	0.995
CD69	SELE	0.408
CD69	SELL	0.905
CD69	SELP	0.466
CD69	SIGLEC1	0.605
CD69	STAT1	0.508
CD69	STAT3	0.498
CD69	TBX21	0.757
CD69	TGFB1	0.519
CD69	TLR2	0.511
CD69	TLR3	0.493
CD69	TLR4	0.557
CD69	TLR7	0.542
CD69	TLR8	0.441
CD69	TLR9	0.585
CD69	TNF	0.829
CD69	TNFSF13B	0.505
CD69	TYROBP	0.419
CD69	VCAM1	0.48
CD80	CD83	0.914
CD80	CD86	0.999
CD80	CD8A	0.959
CD80	CLEC7A	0.532
CD80	CR2	0.635
CD80	CSF1	0.853
CD80	CSF1R	0.658
CD80	CSF2	0.88
CD80	CSF3	0.522
CD80	CTLA4	0.999
CD80	CX3CR1	0.596
CD80	CXCL1	0.534
CD80	CXCL10	0.724
CD80	CXCL12	0.542
CD80	CXCL13	0.521
CD80	CXCL2	0.441
CD80	CXCL5	0.412
CD80	CXCL8	0.638
CD80	CXCL9	0.789
CD80	CXCR1	0.425
CD80	CXCR2	0.472
CD80	CXCR3	0.644
CD80	CXCR4	0.716
CD80	FCER1G	0.421
CD80	FCGR1A	0.61
CD80	FCGR2A	0.711
CD80	FCGR2B	0.734
CD80	FCGR3A	0.809
CD80	FCGR3B	0.805
CD80	FN1	0.424
CD80	FOXP3	0.909
CD80	GZMB	0.817
CD80	HMOX1	0.581
CD80	ICAM1	0.998
CD80	IDO1	0.857
CD80	IDO2	0.807
CD80	IFNA1	0.722
CD80	IFNB1	0.645
CD80	IFNG	0.943
CD80	IL10	0.962
CD80	IL10RA	0.538
CD80	IL13	0.707
CD80	IL15	0.706
CD80	IL17A	0.809
CD80	IL17F	0.405
CD80	IL18	0.606
CD80	IL1A	0.778
CD80	IL1B	0.855
CD80	IL1R1	0.654
CD80	IL2	0.903
CD80	IL3	0.482
CD80	IL33	0.483
CD80	IL3RA	0.747
CD80	IL4	0.894
CD80	IL4R	0.551
CD80	IL5	0.77
CD80	IL6	0.847
CD80	IL6R	0.438
CD80	IRF8	0.54
CD80	ITGAE	0.71
CD80	ITGAM	0.843
CD80	ITGAX	0.897
CD80	ITGB2	0.735
CD80	JUN	0.412
CD80	LGALS3	0.407
CD80	LY75	0.724
CD80	LY96	0.462
CD80	MBP	0.411
CD80	MMP9	0.497
CD80	MOG	0.519
CD80	MRC1	0.785
CD80	MSR1	0.571
CD80	MYD88	0.674
CD80	NFKB1	0.705
CD80	NFKBIA	0.473
CD80	NLRP3	0.429
CD80	NOS2	0.457
CD80	PDCD1LG2	0.993
CD80	PECAM1	0.576
CD80	PRF1	0.699
CD80	PTGS2	0.432
CD80	PTPRC	0.844
CD80	SCARB1	0.496
CD80	SCARB2	0.496
CD80	SELE	0.423
CD80	SELL	0.749
CD80	SELP	0.436
CD80	SIGLEC1	0.511
CD80	SIRPA	0.643
CD80	SOCS3	0.445
CD80	SPI1	0.471
CD80	SRC	0.666
CD80	STAT1	0.637
CD80	STAT3	0.809
CD80	STAT6	0.542
CD80	TBX21	0.835
CD80	TGFB1	0.611
CD80	THBD	0.554
CD80	TIRAP	0.404
CD80	TLR1	0.615
CD80	TLR2	0.749
CD80	TLR3	0.812
CD80	TLR4	0.801
CD80	TLR5	0.587
CD80	TLR6	0.52
CD80	TLR7	0.769
CD80	TLR8	0.675
CD80	TLR9	0.74
CD80	TNF	0.908
CD80	TNFRSF1A	0.678
CD80	TNFRSF1B	0.411
CD80	TNFSF13B	0.625
CD80	VCAM1	0.562
CD83	CD86	0.926
CD83	CD8A	0.726
CD83	CLEC7A	0.521
CD83	CSF1	0.422
CD83	CSF1R	0.442
CD83	CSF2	0.8
CD83	CTLA4	0.552
CD83	CXCL10	0.536
CD83	CXCL2	0.425
CD83	CXCL8	0.666
CD83	CXCL9	0.48
CD83	CXCR4	0.617
CD83	EGR2	0.445
CD83	FCGR1A	0.675
CD83	FCGR2A	0.49
CD83	FCGR2B	0.512
CD83	FCGR3A	0.656
CD83	FCGR3B	0.644
CD83	FOXP3	0.607
CD83	GZMB	0.461
CD83	ICAM1	0.696
CD83	IDO1	0.537
CD83	IDO2	0.434
CD83	IFNA1	0.604
CD83	IFNB1	0.457
CD83	IFNG	0.74
CD83	IL10	0.823
CD83	IL10RA	0.433
CD83	IL13	0.451
CD83	IL15	0.543
CD83	IL17A	0.529
CD83	IL18	0.433
CD83	IL1A	0.516
CD83	IL1B	0.727
CD83	IL1RN	0.453
CD83	IL2	0.615
CD83	IL3RA	0.669
CD83	IL4	0.792
CD83	IL5	0.435
CD83	IL6	0.742
CD83	IRF8	0.575
CD83	ITGAE	0.481
CD83	ITGAM	0.619
CD83	ITGAX	0.8
CD83	ITGB2	0.425
CD83	LY75	0.631
CD83	MRC1	0.553
CD83	MYD88	0.451
CD83	NFKB1	0.438
CD83	NFKBIA	0.495
CD83	PDCD1LG2	0.518
CD83	PRF1	0.407
CD83	PTPRC	0.611
CD83	SELL	0.5
CD83	STAT1	0.428
CD83	TBX21	0.431
CD83	TGFB1	0.423
CD83	THBD	0.549
CD83	TLR1	0.449
CD83	TLR2	0.619
CD83	TLR3	0.703
CD83	TLR4	0.646
CD83	TLR5	0.425
CD83	TLR6	0.564
CD83	TLR7	0.615
CD83	TLR8	0.493
CD83	TLR9	0.552
CD83	TNF	0.923
CD83	TNFRSF1A	0.627
CD83	TNFRSF1B	0.469
CD83	TNFSF13B	0.615
CD83	VCAM1	0.416
CD86	CD8A	0.933
CD86	CEACAM8	0.44
CD86	CLEC7A	0.647
CD86	CR1	0.412
CD86	CR2	0.682
CD86	CSF1	0.857
CD86	CSF1R	0.735
CD86	CSF2	0.85
CD86	CSF3	0.511
CD86	CTLA4	0.999
CD86	CX3CL1	0.465
CD86	CX3CR1	0.677
CD86	CXCL1	0.528
CD86	CXCL10	0.748
CD86	CXCL12	0.551
CD86	CXCL13	0.53
CD86	CXCL2	0.429
CD86	CXCL5	0.498
CD86	CXCL8	0.699
CD86	CXCL9	0.678
CD86	CXCR1	0.45
CD86	CXCR2	0.474
CD86	CXCR3	0.641
CD86	CXCR4	0.801
CD86	CYBB	0.668
CD86	FCER1G	0.604
CD86	FCGR1A	0.745
CD86	FCGR2A	0.788
CD86	FCGR2B	0.83
CD86	FCGR3A	0.875
CD86	FCGR3B	0.855
CD86	FN1	0.441
CD86	FOXP3	0.903
CD86	GFAP	0.434
CD86	GZMB	0.819
CD86	ICAM1	0.985
CD86	IDO1	0.786
CD86	IDO2	0.703
CD86	IFNA1	0.72
CD86	IFNB1	0.647
CD86	IFNG	0.943
CD86	IL10	0.966
CD86	IL10RA	0.69
CD86	IL13	0.722
CD86	IL15	0.674
CD86	IL17A	0.752
CD86	IL17F	0.43
CD86	IL18	0.68
CD86	IL1A	0.825
CD86	IL1B	0.863
CD86	IL1R1	0.75
CD86	IL1RN	0.422
CD86	IL2	0.879
CD86	IL3	0.48
CD86	IL33	0.592
CD86	IL3RA	0.689
CD86	IL4	0.917
CD86	IL4R	0.648
CD86	IL5	0.773
CD86	IL6	0.862
CD86	IL6R	0.538
CD86	IRF8	0.708
CD86	ITGAE	0.722
CD86	ITGAM	0.913
CD86	ITGAX	0.912
CD86	ITGB2	0.807
CD86	JUN	0.419
CD86	LGALS3	0.44
CD86	LY75	0.748
CD86	LY96	0.514
CD86	MBP	0.42
CD86	MMP9	0.555
CD86	MOG	0.532
CD86	MPO	0.459
CD86	MRC1	0.871
CD86	MS4A1	0.458
CD86	MSR1	0.656
CD86	MYD88	0.78
CD86	NFKB1	0.717
CD86	NFKBIA	0.523
CD86	NLRP3	0.611
CD86	NOS2	0.533
CD86	PDCD1LG2	0.972
CD86	PECAM1	0.615
CD86	PRF1	0.687
CD86	PTGS2	0.485
CD86	PTPRC	0.879
CD86	RETNLB	0.427
CD86	SCARB1	0.561
CD86	SCARB2	0.57
CD86	SELE	0.429
CD86	SELL	0.77
CD86	SELP	0.47
CD86	SIGLEC1	0.647
CD86	SIRPA	0.614
CD86	SOCS3	0.485
CD86	SPI1	0.655
CD86	SRC	0.633
CD86	STAT1	0.645
CD86	STAT3	0.806
CD86	STAT6	0.586
CD86	TBX21	0.678
CD86	TGFB1	0.655
CD86	THBD	0.595
CD86	TLR1	0.72
CD86	TLR2	0.805
CD86	TLR3	0.696
CD86	TLR4	0.841
CD86	TLR5	0.584
CD86	TLR6	0.716
CD86	TLR7	0.816
CD86	TLR8	0.83
CD86	TLR9	0.747
CD86	TNF	0.922
CD86	TNFRSF1A	0.507
CD86	TNFRSF1B	0.459
CD86	TNFSF13B	0.67
CD86	TREM1	0.644
CD86	TREM2	0.493
CD86	TYROBP	0.654
CD86	VCAM1	0.579
CD86	VSIG4	0.565
CD8A	CEACAM8	0.612
CD8A	CLEC7A	0.742
CD8A	CR1	0.425
CD8A	CR2	0.774
CD8A	CRP	0.766
CD8A	CSF1	0.665
CD8A	CSF1R	0.741
CD8A	CSF2	0.873
CD8A	CSF3	0.72
CD8A	CTLA4	0.94
CD8A	CX3CL1	0.704
CD8A	CX3CR1	0.703
CD8A	CXCL1	0.671
CD8A	CXCL10	0.887
CD8A	CXCL12	0.701
CD8A	CXCL13	0.788
CD8A	CXCL2	0.588
CD8A	CXCL3	0.427
CD8A	CXCL5	0.58
CD8A	CXCL8	0.844
CD8A	CXCL9	0.848
CD8A	CXCR1	0.695
CD8A	CXCR2	0.636
CD8A	CXCR3	0.91
CD8A	CXCR4	0.903
CD8A	CYBB	0.54
CD8A	EGR2	0.449
CD8A	F3	0.506
CD8A	FCER1G	0.589
CD8A	FCGR1A	0.678
CD8A	FCGR2A	0.78
CD8A	FCGR2B	0.786
CD8A	FCGR3A	0.949
CD8A	FCGR3B	0.946
CD8A	FCGRT	0.506
CD8A	FN1	0.753
CD8A	FOXP3	0.948
CD8A	GFAP	0.402
CD8A	GZMB	0.963
CD8A	HMOX1	0.658
CD8A	ICAM1	0.842
CD8A	IDO1	0.813
CD8A	IDO2	0.721
CD8A	IFNA1	0.89
CD8A	IFNB1	0.771
CD8A	IFNG	0.99
CD8A	IGF1	0.49
CD8A	IL10	0.958
CD8A	IL10RA	0.772
CD8A	IL13	0.854
CD8A	IL15	0.936
CD8A	IL17A	0.936
CD8A	IL17F	0.661
CD8A	IL18	0.791
CD8A	IL1A	0.777
CD8A	IL1B	0.922
CD8A	IL1R1	0.583
CD8A	IL1RN	0.431
CD8A	IL2	0.971
CD8A	IL3	0.649
CD8A	IL33	0.667
CD8A	IL3RA	0.727
CD8A	IL4	0.947
CD8A	IL4R	0.718
CD8A	IL5	0.865
CD8A	IL6	0.93
CD8A	IL6R	0.592
CD8A	IRF8	0.65
CD8A	ITGAE	0.908
CD8A	ITGAM	0.94
CD8A	ITGAX	0.938
CD8A	ITGB2	0.787
CD8A	JUN	0.583
CD8A	LGALS3	0.543
CD8A	LY75	0.736
CD8A	MBL2	0.424
CD8A	MBP	0.594
CD8A	MMP9	0.64
CD8A	MOG	0.669
CD8A	MPO	0.621
CD8A	MRC1	0.725
CD8A	MS4A1	0.57
CD8A	MSR1	0.5
CD8A	MYD88	0.942
CD8A	NFKB1	0.818
CD8A	NFKBIA	0.532
CD8A	NLRP3	0.619
CD8A	NOS2	0.541
CD8A	OCLN	0.556
CD8A	PDCD1LG2	0.91
CD8A	PECAM1	0.748
CD8A	PRF1	0.987
CD8A	PTGS2	0.581
CD8A	PTPRC	0.969
CD8A	S1PR1	0.649
CD8A	SCARB1	0.72
CD8A	SCARB2	0.72
CD8A	SELE	0.6
CD8A	SELL	0.932
CD8A	SELP	0.623
CD8A	SIGLEC1	0.617
CD8A	SIRPA	0.66
CD8A	SOCS3	0.536
CD8A	SPI1	0.539
CD8A	SRC	0.735
CD8A	STAT1	0.836
CD8A	STAT3	0.839
CD8A	STAT6	0.728
CD8A	TBX21	0.944
CD8A	TGFB1	0.796
CD8A	THBD	0.734
CD8A	TLR1	0.749
CD8A	TLR2	0.748
CD8A	TLR3	0.745
CD8A	TLR4	0.847
CD8A	TLR5	0.608
CD8A	TLR6	0.641
CD8A	TLR7	0.782
CD8A	TLR8	0.776
CD8A	TLR9	0.85
CD8A	TNF	0.958
CD8A	TNFRSF1A	0.766
CD8A	TNFRSF1B	0.549
CD8A	TNFSF13B	0.776
CD8A	TREM1	0.415
CD8A	TYROBP	0.583
CD8A	VCAM1	0.79
CD8A	VSIG4	0.435
CEACAM8	CR1	0.748
CEACAM8	CSF1R	0.415
CEACAM8	CSF2	0.506
CEACAM8	CSF3	0.519
CEACAM8	CXCL1	0.415
CEACAM8	CXCL8	0.534
CEACAM8	CXCR1	0.478
CEACAM8	CXCR2	0.535
CEACAM8	CXCR4	0.412
CEACAM8	FCGR1A	0.541
CEACAM8	FCGR2A	0.447
CEACAM8	FCGR3A	0.863
CEACAM8	FCGR3B	0.866
CEACAM8	FN1	0.511
CEACAM8	FOXP3	0.478
CEACAM8	ICAM1	0.483
CEACAM8	IFNG	0.496
CEACAM8	IL10	0.466
CEACAM8	IL17A	0.414
CEACAM8	IL1B	0.47
CEACAM8	IL3RA	0.597
CEACAM8	IL6	0.477
CEACAM8	ITGAM	0.864
CEACAM8	ITGAX	0.593
CEACAM8	ITGB2	0.747
CEACAM8	LGALS3	0.839
CEACAM8	MMP9	0.433
CEACAM8	MPO	0.938
CEACAM8	MS4A1	0.469
CEACAM8	PECAM1	0.622
CEACAM8	PTPRC	0.681
CEACAM8	SCARB1	0.659
CEACAM8	SCARB2	0.666
CEACAM8	SELE	0.527
CEACAM8	SELL	0.765
CEACAM8	SELP	0.432
CEACAM8	TGFB1	0.419
CEACAM8	THBD	0.422
CEACAM8	TLR4	0.436
CEACAM8	TNF	0.459
CLDN5	CSF1R	0.422
CLDN5	FN1	0.475
CLDN5	GFAP	0.633
CLDN5	ICAM1	0.681
CLDN5	IFNG	0.475
CLDN5	IL10	0.403
CLDN5	IL1A	0.404
CLDN5	IL1B	0.689
CLDN5	IL6	0.708
CLDN5	MMP3	0.409
CLDN5	MMP9	0.756
CLDN5	OCLN	0.999
CLDN5	PECAM1	0.845
CLDN5	PTPRC	0.4
CLDN5	S1PR1	0.41
CLDN5	SCARB1	0.492
CLDN5	SELE	0.458
CLDN5	SELP	0.528
CLDN5	STAT3	0.594
CLDN5	TLR4	0.487
CLDN5	TNF	0.564
CLDN5	VCAM1	0.632
CLEC7A	CSF1	0.496
CLEC7A	CSF1R	0.525
CLEC7A	CSF2	0.595
CLEC7A	CSF3	0.41
CLEC7A	CX3CR1	0.533
CLEC7A	CXCL1	0.473
CLEC7A	CXCL10	0.473
CLEC7A	CXCL2	0.425
CLEC7A	CXCL8	0.531
CLEC7A	CXCL9	0.451
CLEC7A	CXCR2	0.451
CLEC7A	CYBB	0.576
CLEC7A	FCER1G	0.83
CLEC7A	FCGR1A	0.636
CLEC7A	FCGR2A	0.6
CLEC7A	FCGR2B	0.991
CLEC7A	FCGR3A	0.582
CLEC7A	FCGR3B	0.609
CLEC7A	FOXP3	0.614
CLEC7A	ICAM1	0.407
CLEC7A	IDO1	0.403
CLEC7A	IFNA1	0.418
CLEC7A	IFNB1	0.473
CLEC7A	IFNG	0.685
CLEC7A	IL10	0.69
CLEC7A	IL10RA	0.406
CLEC7A	IL13	0.52
CLEC7A	IL17A	0.757
CLEC7A	IL17F	0.471
CLEC7A	IL18	0.531
CLEC7A	IL1A	0.542
CLEC7A	IL1B	0.737
CLEC7A	IL1R1	0.488
CLEC7A	IL1RN	0.419
CLEC7A	IL2	0.479
CLEC7A	IL33	0.429
CLEC7A	IL4	0.599
CLEC7A	IL4R	0.467
CLEC7A	IL5	0.432
CLEC7A	IL6	0.683
CLEC7A	IRF8	0.414
CLEC7A	ITGAE	0.436
CLEC7A	ITGAM	0.656
CLEC7A	ITGAX	0.752
CLEC7A	ITGB2	0.657
CLEC7A	LGALS3	0.994
CLEC7A	LY75	0.739
CLEC7A	LY96	0.491
CLEC7A	MBL2	0.507
CLEC7A	MSR1	0.537
CLEC7A	MYD88	0.8
CLEC7A	NFKB1	0.478
CLEC7A	NFKBIA	0.405
CLEC7A	NLRP3	0.611
CLEC7A	PTPRC	0.752
CLEC7A	PTX3	0.438
CLEC7A	SCARB1	0.727
CLEC7A	SCARB2	0.761
CLEC7A	SIGLEC1	0.446
CLEC7A	SIRPA	0.429
CLEC7A	SOCS3	0.566
CLEC7A	SPI1	0.419
CLEC7A	SRC	0.882
CLEC7A	STAT1	0.48
CLEC7A	STAT3	0.437
CLEC7A	THBD	0.571
CLEC7A	TIRAP	0.407
CLEC7A	TLR1	0.824
CLEC7A	TLR2	0.998
CLEC7A	TLR3	0.584
CLEC7A	TLR4	0.978
CLEC7A	TLR5	0.571
CLEC7A	TLR6	0.852
CLEC7A	TLR7	0.713
CLEC7A	TLR8	0.646
CLEC7A	TLR9	0.783
CLEC7A	TNF	0.703
CLEC7A	TREM1	0.489
CLEC7A	TREM2	0.749
CLEC7A	TYROBP	0.704
CNTN1	CNTNAP1	0.999
CNTN1	FN1	0.537
CNTN1	MBP	0.601
CNTN1	MOG	0.4
CNTN1	NFASC	0.998
CNTNAP1	GFAP	0.431
CNTNAP1	GJB1	0.418
CNTNAP1	KCNA1	0.853
CNTNAP1	MBP	0.82
CNTNAP1	MOG	0.47
CNTNAP1	NFASC	0.999
CNTNAP1	SCN8A	0.728
CNTNAP1	SOX10	0.402
CNTNAP1	SRC	0.434
COL18A1	CRP	0.429
COL18A1	CXCL1	0.548
COL18A1	CXCL10	0.537
COL18A1	CXCL12	0.444
COL18A1	CXCL5	0.51
COL18A1	CXCL8	0.638
COL18A1	CXCL9	0.493
COL18A1	F3	0.567
COL18A1	FN1	0.838
COL18A1	IFNG	0.589
COL18A1	IL6	0.419
COL18A1	MMP3	0.767
COL18A1	MMP9	0.92
COL18A1	PECAM1	0.555
COL18A1	TGFB1	0.464
COL18A1	TNF	0.443
CR1	CR2	0.409
CR1	CXCL13	0.508
CR1	CXCL8	0.516
CR1	CXCR1	0.598
CR1	CXCR2	0.652
CR1	CYBB	0.578
CR1	FCGR1A	0.59
CR1	FCGR2A	0.791
CR1	FCGR2B	0.765
CR1	FCGR3A	0.744
CR1	FCGR3B	0.752
CR1	ICAM1	0.409
CR1	ITGAM	0.78
CR1	ITGAX	0.742
CR1	ITGB2	0.653
CR1	MBL2	0.925
CR1	MPO	0.659
CR1	PECAM1	0.522
CR1	PTPRC	0.704
CR1	SELL	0.631
CR1	TLR4	0.623
CR1	TLR8	0.487
CR1	TNF	0.425
CR1	VSIG4	0.537
CR2	CTLA4	0.439
CR2	CXCL13	0.698
CR2	CXCL9	0.551
CR2	CXCR3	0.489
CR2	CXCR4	0.491
CR2	FCGR2A	0.531
CR2	FCGR2B	0.731
CR2	FCGR3A	0.649
CR2	FCGR3B	0.648
CR2	FN1	0.451
CR2	FOXP3	0.598
CR2	GZMB	0.423
CR2	ICAM1	0.416
CR2	IFNA1	0.956
CR2	IFNG	0.59
CR2	IL10	0.564
CR2	IL13	0.561
CR2	IL17A	0.422
CR2	IL2	0.676
CR2	IL3RA	0.412
CR2	IL4	0.564
CR2	IL6	0.505
CR2	ITGAM	0.665
CR2	ITGAX	0.702
CR2	ITGB2	0.653
CR2	MPO	0.417
CR2	MS4A1	0.82
CR2	MYD88	0.569
CR2	PECAM1	0.678
CR2	PTPRC	0.827
CR2	SELL	0.675
CR2	SIGLEC1	0.445
CR2	SIRPA	0.429
CR2	TBX21	0.551
CR2	TLR2	0.526
CR2	TLR4	0.552
CR2	TLR7	0.487
CR2	TLR8	0.458
CR2	TLR9	0.689
CR2	TNF	0.516
CR2	TNFSF13B	0.781
CRP	CSF1	0.581
CRP	CSF2	0.641
CRP	CSF3	0.712
CRP	CTLA4	0.474
CRP	CX3CL1	0.432
CRP	CX3CR1	0.493
CRP	CXCL1	0.465
CRP	CXCL10	0.765
CRP	CXCL12	0.4
CRP	CXCL8	0.874
CRP	CXCL9	0.667
CRP	CXCR3	0.591
CRP	F3	0.881
CRP	FCGR1A	0.756
CRP	FCGR2A	0.992
CRP	FCGR2B	0.617
CRP	FCGR3A	0.757
CRP	FCGR3B	0.757
CRP	FN1	0.894
CRP	FOXP3	0.538
CRP	HMOX1	0.474
CRP	ICAM1	0.789
CRP	IDO1	0.494
CRP	IDO2	0.456
CRP	IFNA1	0.642
CRP	IFNB1	0.514
CRP	IFNG	0.798
CRP	IGF1	0.76
CRP	IL10	0.878
CRP	IL13	0.623
CRP	IL15	0.545
CRP	IL17A	0.751
CRP	IL17F	0.421
CRP	IL18	0.835
CRP	IL1A	0.822
CRP	IL1B	0.886
CRP	IL1R1	0.628
CRP	IL1RN	0.868
CRP	IL2	0.778
CRP	IL3	0.419
CRP	IL33	0.51
CRP	IL4	0.822
CRP	IL5	0.629
CRP	IL6	0.968
CRP	IL6R	0.725
CRP	ITGAM	0.47
CRP	JUN	0.451
CRP	LBP	0.776
CRP	LGALS3	0.577
CRP	MBL2	0.906
CRP	MMP3	0.631
CRP	MMP9	0.806
CRP	MPO	0.817
CRP	MYD88	0.598
CRP	NFKB1	0.596
CRP	NFKBIA	0.4
CRP	NLRP3	0.707
CRP	PECAM1	0.434
CRP	PTGS2	0.596
CRP	PTPRC	0.475
CRP	PTX3	0.465
CRP	RETNLB	0.764
CRP	SCARB1	0.506
CRP	SCARB2	0.448
CRP	SELE	0.788
CRP	SELL	0.437
CRP	SELP	0.738
CRP	SRC	0.561
CRP	STAT3	0.574
CRP	TGFB1	0.573
CRP	THBD	0.753
CRP	TLR2	0.571
CRP	TLR3	0.427
CRP	TLR4	0.674
CRP	TLR7	0.54
CRP	TLR9	0.402
CRP	TNF	0.938
CRP	TNFRSF1A	0.697
CRP	TNFRSF1B	0.599
CRP	TNFSF13B	0.43
CRP	TREM1	0.57
CRP	VCAM1	0.774
CSF1	CSF1R	0.999
CSF1	CSF2	0.964
CSF1	CSF3	0.933
CSF1	CTLA4	0.562
CSF1	CX3CL1	0.605
CSF1	CX3CR1	0.638
CSF1	CXCL1	0.703
CSF1	CXCL10	0.728
CSF1	CXCL12	0.701
CSF1	CXCL13	0.494
CSF1	CXCL2	0.711
CSF1	CXCL3	0.407
CSF1	CXCL5	0.601
CSF1	CXCL8	0.714
CSF1	CXCL9	0.68
CSF1	CXCR2	0.692
CSF1	CXCR3	0.403
CSF1	CXCR4	0.766
CSF1	CYBB	0.531
CSF1	FCGR1A	0.676
CSF1	FCGR2A	0.524
CSF1	FCGR2B	0.522
CSF1	FCGR3A	0.668
CSF1	FCGR3B	0.668
CSF1	FN1	0.534
CSF1	FOXP3	0.544
CSF1	GDNF	0.501
CSF1	GFAP	0.433
CSF1	GZMB	0.421
CSF1	ICAM1	0.829
CSF1	IDO1	0.543
CSF1	IDO2	0.418
CSF1	IFNA1	0.578
CSF1	IFNB1	0.571
CSF1	IFNG	0.79
CSF1	IGF1	0.541
CSF1	IL10	0.87
CSF1	IL13	0.733
CSF1	IL15	0.646
CSF1	IL17A	0.661
CSF1	IL18	0.625
CSF1	IL1A	0.826
CSF1	IL1B	0.81
CSF1	IL1R1	0.807
CSF1	IL1RN	0.421
CSF1	IL2	0.663
CSF1	IL3	0.9
CSF1	IL33	0.476
CSF1	IL4	0.791
CSF1	IL4R	0.487
CSF1	IL5	0.624
CSF1	IL6	0.827
CSF1	IL6R	0.571
CSF1	IRF8	0.556
CSF1	ITGAE	0.427
CSF1	ITGAM	0.781
CSF1	ITGAX	0.695
CSF1	ITGB2	0.406
CSF1	JUN	0.488
CSF1	LGALS3	0.456
CSF1	MMP3	0.401
CSF1	MMP9	0.644
CSF1	MRC1	0.723
CSF1	MSR1	0.54
CSF1	MYD88	0.571
CSF1	NFKB1	0.586
CSF1	NFKBIA	0.519
CSF1	NGF	0.608
CSF1	NOS2	0.459
CSF1	PDCD1LG2	0.536
CSF1	PECAM1	0.488
CSF1	PTGS2	0.502
CSF1	PTPRC	0.668
CSF1	RETNLB	0.418
CSF1	SCARB1	0.493
CSF1	SCARB2	0.466
CSF1	SELL	0.433
CSF1	SIGLEC1	0.548
CSF1	SIRPA	0.741
CSF1	SOCS3	0.441
CSF1	SPI1	0.712
CSF1	SRC	0.91
CSF1	STAT1	0.791
CSF1	STAT3	0.802
CSF1	STAT6	0.543
CSF1	TGFB1	0.776
CSF1	TLR1	0.408
CSF1	TLR2	0.605
CSF1	TLR3	0.509
CSF1	TLR4	0.672
CSF1	TLR7	0.508
CSF1	TLR9	0.485
CSF1	TNF	0.801
CSF1	TNFRSF1A	0.565
CSF1	TNFRSF1B	0.637
CSF1	TNFSF13B	0.425
CSF1	TREM1	0.407
CSF1	TREM2	0.602
CSF1	TYROBP	0.512
CSF1	VCAM1	0.542
CSF1R	CSF2	0.974
CSF1R	CSF3	0.873
CSF1R	CTLA4	0.601
CSF1R	CX3CL1	0.711
CSF1R	CX3CR1	0.836
CSF1R	CXCL1	0.627
CSF1R	CXCL10	0.512
CSF1R	CXCL12	0.879
CSF1R	CXCL8	0.647
CSF1R	CXCL9	0.508
CSF1R	CXCR1	0.423
CSF1R	CXCR2	0.589
CSF1R	CXCR3	0.416
CSF1R	CXCR4	0.606
CSF1R	CYBB	0.782
CSF1R	FCER1G	0.885
CSF1R	FCGR1A	0.712
CSF1R	FCGR2A	0.653
CSF1R	FCGR2B	0.668
CSF1R	FCGR3A	0.812
CSF1R	FCGR3B	0.74
CSF1R	FN1	0.425
CSF1R	FOXP3	0.573
CSF1R	GFAP	0.44
CSF1R	GZMB	0.533
CSF1R	ICAM1	0.636
CSF1R	IDO1	0.54
CSF1R	IFNA1	0.425
CSF1R	IFNG	0.64
CSF1R	IGF1	0.815
CSF1R	IL10	0.662
CSF1R	IL10RA	0.714
CSF1R	IL13	0.507
CSF1R	IL15	0.453
CSF1R	IL17A	0.474
CSF1R	IL1A	0.507
CSF1R	IL1B	0.678
CSF1R	IL1R1	0.547
CSF1R	IL2	0.646
CSF1R	IL3	0.839
CSF1R	IL3RA	0.496
CSF1R	IL4	0.608
CSF1R	IL4R	0.65
CSF1R	IL5	0.538
CSF1R	IL6	0.779
CSF1R	IL6R	0.58
CSF1R	IRF8	0.723
CSF1R	ITGAE	0.546
CSF1R	ITGAM	0.865
CSF1R	ITGAX	0.846
CSF1R	ITGB2	0.862
CSF1R	JUN	0.415
CSF1R	LGALS3	0.469
CSF1R	LY75	0.468
CSF1R	MMP9	0.609
CSF1R	MPO	0.486
CSF1R	MRC1	0.773
CSF1R	MS4A1	0.526
CSF1R	MSR1	0.564
CSF1R	MYD88	0.454
CSF1R	NFKB1	0.452
CSF1R	NGF	0.73
CSF1R	NLRP3	0.432
CSF1R	NOS2	0.442
CSF1R	PDCD1LG2	0.524
CSF1R	PECAM1	0.725
CSF1R	PTGS2	0.457
CSF1R	PTPRC	0.818
CSF1R	SCARB1	0.498
CSF1R	SCARB2	0.499
CSF1R	SELL	0.556
CSF1R	SIGLEC1	0.506
CSF1R	SIRPA	0.758
CSF1R	SOCS3	0.696
CSF1R	SPI1	0.992
CSF1R	SRC	0.833
CSF1R	STAT1	0.745
CSF1R	STAT3	0.795
CSF1R	STAT6	0.495
CSF1R	TGFB1	0.564
CSF1R	TLR1	0.423
CSF1R	TLR2	0.765
CSF1R	TLR3	0.453
CSF1R	TLR4	0.8
CSF1R	TLR5	0.409
CSF1R	TLR7	0.596
CSF1R	TLR8	0.607
CSF1R	TLR9	0.452
CSF1R	TNF	0.675
CSF1R	TNFRSF1B	0.407
CSF1R	TNFSF13B	0.474
CSF1R	TREM2	0.857
CSF1R	TYROBP	0.962
CSF1R	VCAM1	0.649
CSF1R	VSIG4	0.859
CSF2	CSF3	0.999
CSF2	CTLA4	0.75
CSF2	CX3CL1	0.953
CSF2	CX3CR1	0.575
CSF2	CXCL1	0.931
CSF2	CXCL10	0.911
CSF2	CXCL12	0.696
CSF2	CXCL13	0.572
CSF2	CXCL2	0.823
CSF2	CXCL3	0.73
CSF2	CXCL5	0.821
CSF2	CXCL8	0.972
CSF2	CXCL9	0.736
CSF2	CXCR1	0.476
CSF2	CXCR2	0.588
CSF2	CXCR3	0.582
CSF2	CXCR4	0.612
CSF2	CYBB	0.438
CSF2	F3	0.469
CSF2	FCGR1A	0.618
CSF2	FCGR2A	0.608
CSF2	FCGR2B	0.596
CSF2	FCGR3A	0.769
CSF2	FCGR3B	0.766
CSF2	FN1	0.586
CSF2	FOXP3	0.743
CSF2	GZMB	0.775
CSF2	ICAM1	0.742
CSF2	IDO1	0.681
CSF2	IDO2	0.603
CSF2	IFNA1	0.851
CSF2	IFNB1	0.83
CSF2	IFNG	0.984
CSF2	IGF1	0.541
CSF2	IL10	0.959
CSF2	IL10RA	0.797
CSF2	IL13	0.934
CSF2	IL15	0.849
CSF2	IL17A	0.888
CSF2	IL17F	0.707
CSF2	IL18	0.897
CSF2	IL1A	0.997
CSF2	IL1B	0.998
CSF2	IL1R1	0.774
CSF2	IL1RN	0.609
CSF2	IL2	0.997
CSF2	IL3	0.998
CSF2	IL31	0.517
CSF2	IL33	0.703
CSF2	IL3RA	0.949
CSF2	IL4	0.963
CSF2	IL4R	0.843
CSF2	IL5	0.993
CSF2	IL6	0.974
CSF2	IL6R	0.837
CSF2	IRF8	0.571
CSF2	ITGAE	0.651
CSF2	ITGAM	0.811
CSF2	ITGAX	0.85
CSF2	ITGB2	0.541
CSF2	JUN	0.565
CSF2	LGALS3	0.418
CSF2	LY75	0.587
CSF2	LY96	0.431
CSF2	MMP3	0.575
CSF2	MMP9	0.658
CSF2	MOG	0.609
CSF2	MPO	0.601
CSF2	MRC1	0.658
CSF2	MSR1	0.405
CSF2	MYD88	0.668
CSF2	NFKB1	0.73
CSF2	NFKBIA	0.589
CSF2	NGF	0.546
CSF2	NLRP3	0.517
CSF2	NOS2	0.564
CSF2	PDCD1LG2	0.604
CSF2	PECAM1	0.525
CSF2	PRF1	0.665
CSF2	PTGS2	0.648
CSF2	PTPRC	0.765
CSF2	RETNLB	0.418
CSF2	SCARB1	0.505
CSF2	SCARB2	0.48
CSF2	SELE	0.543
CSF2	SELL	0.659
CSF2	SELP	0.492
CSF2	SIGLEC1	0.448
CSF2	SIRPA	0.575
CSF2	SOCS3	0.496
CSF2	SPI1	0.733
CSF2	SRC	0.481
CSF2	STAT1	0.673
CSF2	STAT3	0.851
CSF2	STAT6	0.606
CSF2	TBX21	0.628
CSF2	TGFB1	0.701
CSF2	THBD	0.508
CSF2	TLR1	0.68
CSF2	TLR2	0.798
CSF2	TLR3	0.67
CSF2	TLR4	0.781
CSF2	TLR5	0.513
CSF2	TLR6	0.645
CSF2	TLR7	0.663
CSF2	TLR8	0.512
CSF2	TLR9	0.672
CSF2	TNF	0.97
CSF2	TNFRSF1A	0.542
CSF2	TNFRSF1B	0.436
CSF2	TNFSF13B	0.667
CSF2	TREM1	0.533
CSF2	TREM2	0.412
CSF2	VCAM1	0.626
CSF3	CTLA4	0.483
CSF3	CX3CL1	0.942
CSF3	CXCL1	0.966
CSF3	CXCL10	0.908
CSF3	CXCL12	0.786
CSF3	CXCL13	0.623
CSF3	CXCL2	0.897
CSF3	CXCL3	0.634
CSF3	CXCL5	0.823
CSF3	CXCL8	0.971
CSF3	CXCL9	0.794
CSF3	CXCR1	0.487
CSF3	CXCR2	0.645
CSF3	CXCR3	0.418
CSF3	CXCR4	0.802
CSF3	F3	0.492
CSF3	FCGR1A	0.545
CSF3	FCGR2A	0.425
CSF3	FCGR2B	0.402
CSF3	FCGR3A	0.632
CSF3	FCGR3B	0.632
CSF3	FN1	0.514
CSF3	FOXP3	0.57
CSF3	GZMB	0.452
CSF3	ICAM1	0.776
CSF3	IDO1	0.529
CSF3	IDO2	0.454
CSF3	IFNA1	0.697
CSF3	IFNB1	0.757
CSF3	IFNG	0.989
CSF3	IGF1	0.527
CSF3	IL10	0.927
CSF3	IL10RA	0.742
CSF3	IL13	0.834
CSF3	IL15	0.787
CSF3	IL17A	0.928
CSF3	IL17F	0.774
CSF3	IL18	0.792
CSF3	IL1A	0.991
CSF3	IL1B	0.996
CSF3	IL1R1	0.6
CSF3	IL1RN	0.598
CSF3	IL2	0.962
CSF3	IL3	0.964
CSF3	IL31	0.416
CSF3	IL33	0.531
CSF3	IL3RA	0.802
CSF3	IL4	0.818
CSF3	IL4R	0.836
CSF3	IL5	0.842
CSF3	IL6	0.988
CSF3	IL6R	0.867
CSF3	ITGAM	0.791
CSF3	ITGAX	0.551
CSF3	ITGB2	0.472
CSF3	JUN	0.418
CSF3	MMP3	0.648
CSF3	MMP9	0.648
CSF3	MPO	0.744
CSF3	MRC1	0.4
CSF3	MYD88	0.551
CSF3	NFKB1	0.551
CSF3	NFKBIA	0.469
CSF3	NGF	0.514
CSF3	NLRP3	0.416
CSF3	NOS2	0.432
CSF3	PECAM1	0.57
CSF3	PRF1	0.435
CSF3	PTGS2	0.559
CSF3	PTPRC	0.695
CSF3	SCARB1	0.456
CSF3	SELE	0.716
CSF3	SELL	0.531
CSF3	SELP	0.633
CSF3	SOCS3	0.856
CSF3	SPI1	0.635
CSF3	SRC	0.403
CSF3	STAT1	0.76
CSF3	STAT3	0.916
CSF3	STAT6	0.409
CSF3	TGFB1	0.592
CSF3	THBD	0.403
CSF3	TLR1	0.583
CSF3	TLR2	0.582
CSF3	TLR3	0.505
CSF3	TLR4	0.757
CSF3	TLR5	0.408
CSF3	TLR6	0.547
CSF3	TLR7	0.476
CSF3	TLR8	0.406
CSF3	TLR9	0.476
CSF3	TNF	0.949
CSF3	TNFRSF1A	0.464
CSF3	TNFRSF1B	0.554
CSF3	TNFSF13B	0.444
CSF3	TREM1	0.475
CSF3	VCAM1	0.612
CTLA4	CX3CR1	0.447
CTLA4	CXCL1	0.457
CTLA4	CXCL10	0.666
CTLA4	CXCL12	0.582
CTLA4	CXCL13	0.604
CTLA4	CXCL2	0.405
CTLA4	CXCL5	0.403
CTLA4	CXCL8	0.598
CTLA4	CXCL9	0.703
CTLA4	CXCR2	0.483
CTLA4	CXCR3	0.737
CTLA4	CXCR4	0.607
CTLA4	FCGR1A	0.766
CTLA4	FCGR2A	0.541
CTLA4	FCGR2B	0.546
CTLA4	FCGR3A	0.767
CTLA4	FCGR3B	0.69
CTLA4	FCGRT	0.576
CTLA4	FN1	0.622
CTLA4	FOXP3	0.976
CTLA4	GZMB	0.827
CTLA4	ICAM1	0.841
CTLA4	IDO1	0.91
CTLA4	IDO2	0.838
CTLA4	IFNA1	0.668
CTLA4	IFNB1	0.562
CTLA4	IFNG	0.951
CTLA4	IL10	0.922
CTLA4	IL10RA	0.708
CTLA4	IL13	0.651
CTLA4	IL15	0.677
CTLA4	IL17A	0.88
CTLA4	IL17F	0.472
CTLA4	IL18	0.602
CTLA4	IL1A	0.592
CTLA4	IL1B	0.677
CTLA4	IL2	0.943
CTLA4	IL3	0.403
CTLA4	IL33	0.437
CTLA4	IL3RA	0.472
CTLA4	IL4	0.875
CTLA4	IL4R	0.449
CTLA4	IL5	0.628
CTLA4	IL6	0.815
CTLA4	IL6R	0.484
CTLA4	IRF8	0.43
CTLA4	ITGAE	0.781
CTLA4	ITGAM	0.679
CTLA4	ITGAX	0.832
CTLA4	ITGB2	0.415
CTLA4	JUN	0.421
CTLA4	LGALS3	0.844
CTLA4	LY75	0.448
CTLA4	MMP9	0.642
CTLA4	MOG	0.426
CTLA4	MRC1	0.491
CTLA4	MS4A1	0.47
CTLA4	MYD88	0.432
CTLA4	NFKB1	0.565
CTLA4	PDCD1LG2	0.998
CTLA4	PECAM1	0.481
CTLA4	PRF1	0.85
CTLA4	PTGS2	0.427
CTLA4	PTPRC	0.746
CTLA4	S1PR1	0.409
CTLA4	SELL	0.743
CTLA4	SIRPA	0.782
CTLA4	SRC	0.73
CTLA4	STAT1	0.742
CTLA4	STAT3	0.674
CTLA4	STAT6	0.481
CTLA4	TBX21	0.822
CTLA4	TGFB1	0.651
CTLA4	TLR2	0.515
CTLA4	TLR3	0.529
CTLA4	TLR4	0.575
CTLA4	TLR7	0.595
CTLA4	TLR8	0.474
CTLA4	TLR9	0.591
CTLA4	TNF	0.873
CTLA4	TNFRSF1A	0.542
CTLA4	TNFRSF1B	0.501
CTLA4	TNFSF13B	0.517
CTLA4	TREM1	0.505
CTLA4	TYROBP	0.505
CTLA4	VCAM1	0.648
CX3CL1	CX3CR1	0.999
CX3CL1	CXCL1	0.939
CX3CL1	CXCL10	0.948
CX3CL1	CXCL12	0.893
CX3CL1	CXCL13	0.86
CX3CL1	CXCL2	0.798
CX3CL1	CXCL3	0.795
CX3CL1	CXCL5	0.801
CX3CL1	CXCL8	0.845
CX3CL1	CXCL9	0.926
CX3CL1	CXCR1	0.994
CX3CL1	CXCR2	0.915
CX3CL1	CXCR3	0.99
CX3CL1	CXCR4	0.995
CX3CL1	FCGR3A	0.522
CX3CL1	FCGR3B	0.517
CX3CL1	FN1	0.562
CX3CL1	GFAP	0.521
CX3CL1	GZMB	0.594
CX3CL1	ICAM1	0.725
CX3CL1	IDO1	0.407
CX3CL1	IFNA1	0.423
CX3CL1	IFNB1	0.686
CX3CL1	IFNG	0.923
CX3CL1	IGF1	0.448
CX3CL1	IL10	0.815
CX3CL1	IL13	0.641
CX3CL1	IL15	0.609
CX3CL1	IL17A	0.622
CX3CL1	IL18	0.58
CX3CL1	IL1A	0.829
CX3CL1	IL1B	0.839
CX3CL1	IL1R1	0.446
CX3CL1	IL1RN	0.404
CX3CL1	IL2	0.743
CX3CL1	IL3	0.57
CX3CL1	IL33	0.479
CX3CL1	IL4	0.78
CX3CL1	IL5	0.618
CX3CL1	IL6	0.735
CX3CL1	ITGAM	0.729
CX3CL1	ITGAX	0.45
CX3CL1	ITGB2	0.485
CX3CL1	JUN	0.535
CX3CL1	MMP9	0.694
CX3CL1	MRC1	0.627
CX3CL1	NFKB1	0.424
CX3CL1	NGF	0.462
CX3CL1	PECAM1	0.655
CX3CL1	PTGS2	0.633
CX3CL1	PTPRC	0.689
CX3CL1	SELE	0.642
CX3CL1	SELL	0.414
CX3CL1	SELP	0.453
CX3CL1	SIRPA	0.62
CX3CL1	SRC	0.661
CX3CL1	STAT1	0.526
CX3CL1	STAT3	0.56
CX3CL1	TGFB1	0.653
CX3CL1	TLR2	0.499
CX3CL1	TLR3	0.54
CX3CL1	TLR4	0.586
CX3CL1	TNF	0.814
CX3CL1	TNFRSF1A	0.586
CX3CL1	TREM2	0.603
CX3CL1	TYROBP	0.401
CX3CL1	VCAM1	0.615
CX3CR1	CXCL1	0.981
CX3CR1	CXCL10	0.953
CX3CR1	CXCL12	0.99
CX3CR1	CXCL13	0.884
CX3CR1	CXCL2	0.819
CX3CR1	CXCL3	0.78
CX3CR1	CXCL5	0.781
CX3CR1	CXCL8	0.914
CX3CR1	CXCL9	0.891
CX3CR1	CXCR1	0.79
CX3CR1	CXCR2	0.735
CX3CR1	CXCR3	0.593
CX3CR1	CXCR4	0.79
CX3CR1	CYBB	0.499
CX3CR1	FCGR1A	0.722
CX3CR1	FCGR2A	0.532
CX3CR1	FCGR2B	0.552
CX3CR1	FCGR3A	0.77
CX3CR1	FCGR3B	0.761
CX3CR1	FOXP3	0.589
CX3CR1	GFAP	0.608
CX3CR1	GZMB	0.608
CX3CR1	ICAM1	0.709
CX3CR1	IDO1	0.419
CX3CR1	IFNA1	0.416
CX3CR1	IFNB1	0.62
CX3CR1	IFNG	0.691
CX3CR1	IGF1	0.43
CX3CR1	IL10	0.725
CX3CR1	IL10RA	0.479
CX3CR1	IL13	0.533
CX3CR1	IL15	0.529
CX3CR1	IL17A	0.571
CX3CR1	IL18	0.65
CX3CR1	IL1A	0.544
CX3CR1	IL1B	0.737
CX3CR1	IL1R1	0.442
CX3CR1	IL2	0.523
CX3CR1	IL33	0.428
CX3CR1	IL3RA	0.414
CX3CR1	IL4	0.608
CX3CR1	IL5	0.453
CX3CR1	IL6	0.68
CX3CR1	IRF8	0.581
CX3CR1	ITGAE	0.715
CX3CR1	ITGAM	0.827
CX3CR1	ITGAX	0.732
CX3CR1	ITGB2	0.54
CX3CR1	LGALS3	0.442
CX3CR1	MMP9	0.492
CX3CR1	MOG	0.404
CX3CR1	MPO	0.593
CX3CR1	MRC1	0.682
CX3CR1	MSR1	0.436
CX3CR1	MYD88	0.482
CX3CR1	NFKB1	0.402
CX3CR1	PECAM1	0.537
CX3CR1	PRF1	0.617
CX3CR1	PTPRC	0.75
CX3CR1	S1PR1	0.422
CX3CR1	SCARB1	0.531
CX3CR1	SCARB2	0.531
CX3CR1	SELE	0.411
CX3CR1	SELL	0.664
CX3CR1	SELP	0.464
CX3CR1	SIGLEC1	0.573
CX3CR1	SIRPA	0.809
CX3CR1	SPI1	0.6
CX3CR1	SRC	0.754
CX3CR1	STAT1	0.402
CX3CR1	STAT3	0.435
CX3CR1	TBX21	0.569
CX3CR1	TGFB1	0.491
CX3CR1	TLR2	0.741
CX3CR1	TLR3	0.478
CX3CR1	TLR4	0.672
CX3CR1	TLR5	0.434
CX3CR1	TLR7	0.558
CX3CR1	TLR8	0.435
CX3CR1	TLR9	0.457
CX3CR1	TNF	0.696
CX3CR1	TREM1	0.412
CX3CR1	TREM2	0.767
CX3CR1	TYROBP	0.773
CX3CR1	VCAM1	0.754
CXCL1	CXCL10	0.992
CXCL1	CXCL12	0.947
CXCL1	CXCL13	0.933
CXCL1	CXCL2	0.996
CXCL1	CXCL3	0.996
CXCL1	CXCL5	0.999
CXCL1	CXCL8	0.957
CXCL1	CXCL9	0.859
CXCL1	CXCR1	0.999
CXCL1	CXCR2	0.999
CXCL1	CXCR3	0.954
CXCL1	CXCR4	0.998
CXCL1	EGR2	0.41
CXCL1	F3	0.426
CXCL1	FCGR1A	0.437
CXCL1	FCGR2A	0.431
CXCL1	FCGR2B	0.42
CXCL1	FCGR3A	0.529
CXCL1	FCGR3B	0.559
CXCL1	FN1	0.528
CXCL1	FOXP3	0.547
CXCL1	GZMB	0.458
CXCL1	HMOX1	0.407
CXCL1	ICAM1	0.845
CXCL1	IDO1	0.508
CXCL1	IFNA1	0.583
CXCL1	IFNB1	0.623
CXCL1	IFNG	0.887
CXCL1	IGF1	0.455
CXCL1	IL10	0.919
CXCL1	IL13	0.826
CXCL1	IL15	0.671
CXCL1	IL17A	0.902
CXCL1	IL17F	0.764
CXCL1	IL18	0.918
CXCL1	IL1A	0.962
CXCL1	IL1B	0.978
CXCL1	IL1R1	0.737
CXCL1	IL1RN	0.596
CXCL1	IL2	0.716
CXCL1	IL3	0.698
CXCL1	IL31	0.479
CXCL1	IL33	0.641
CXCL1	IL4	0.738
CXCL1	IL4R	0.616
CXCL1	IL5	0.819
CXCL1	IL6	0.982
CXCL1	IL6R	0.668
CXCL1	ITGAM	0.702
CXCL1	ITGAX	0.598
CXCL1	ITGB2	0.491
CXCL1	JUN	0.952
CXCL1	LGALS3	0.411
CXCL1	MMP3	0.821
CXCL1	MMP9	0.714
CXCL1	MPO	0.67
CXCL1	MRC1	0.532
CXCL1	MYD88	0.632
CXCL1	NFKB1	0.963
CXCL1	NFKBIA	0.665
CXCL1	NGF	0.452
CXCL1	NLRP3	0.506
CXCL1	NOS2	0.471
CXCL1	PDCD1LG2	0.402
CXCL1	PECAM1	0.573
CXCL1	PRF1	0.406
CXCL1	PTGS2	0.848
CXCL1	PTPRC	0.638
CXCL1	PTX3	0.421
CXCL1	SELE	0.632
CXCL1	SELL	0.49
CXCL1	SELP	0.659
CXCL1	SOCS3	0.724
CXCL1	SOD2	0.463
CXCL1	SRC	0.692
CXCL1	STAT1	0.708
CXCL1	STAT3	0.821
CXCL1	TGFB1	0.624
CXCL1	TLR1	0.48
CXCL1	TLR2	0.879
CXCL1	TLR3	0.582
CXCL1	TLR4	0.717
CXCL1	TLR5	0.474
CXCL1	TLR6	0.406
CXCL1	TLR7	0.505
CXCL1	TLR8	0.413
CXCL1	TLR9	0.528
CXCL1	TNF	0.955
CXCL1	TNFRSF1A	0.49
CXCL1	TNFRSF1B	0.565
CXCL1	TNFSF13B	0.401
CXCL1	TREM1	0.659
CXCL1	VCAM1	0.683
CXCL10	CXCL12	0.999
CXCL10	CXCL13	0.994
CXCL10	CXCL2	0.965
CXCL10	CXCL3	0.971
CXCL10	CXCL5	0.974
CXCL10	CXCL8	0.975
CXCL10	CXCL9	0.999
CXCL10	CXCR1	0.989
CXCL10	CXCR2	0.992
CXCL10	CXCR3	0.999
CXCL10	CXCR4	0.997
CXCL10	CYBB	0.438
CXCL10	F3	0.419
CXCL10	FCER1G	0.557
CXCL10	FCGR1A	0.613
CXCL10	FCGR2A	0.61
CXCL10	FCGR2B	0.483
CXCL10	FCGR3A	0.711
CXCL10	FCGR3B	0.697
CXCL10	FN1	0.686
CXCL10	FOXP3	0.686
CXCL10	GFAP	0.469
CXCL10	GZMB	0.715
CXCL10	HMOX1	0.429
CXCL10	ICAM1	0.858
CXCL10	IDO1	0.832
CXCL10	IDO2	0.546
CXCL10	IFNA1	0.825
CXCL10	IFNB1	0.914
CXCL10	IFNG	0.959
CXCL10	IGF1	0.426
CXCL10	IL10	0.962
CXCL10	IL10RA	0.492
CXCL10	IL13	0.871
CXCL10	IL15	0.848
CXCL10	IL17A	0.85
CXCL10	IL17F	0.606
CXCL10	IL18	0.862
CXCL10	IL1A	0.958
CXCL10	IL1B	0.962
CXCL10	IL1R1	0.61
CXCL10	IL1RN	0.668
CXCL10	IL2	0.857
CXCL10	IL3	0.663
CXCL10	IL31	0.511
CXCL10	IL33	0.633
CXCL10	IL3RA	0.413
CXCL10	IL4	0.882
CXCL10	IL4R	0.443
CXCL10	IL5	0.801
CXCL10	IL6	0.96
CXCL10	IL6R	0.497
CXCL10	IRF8	0.705
CXCL10	ITGAE	0.549
CXCL10	ITGAM	0.774
CXCL10	ITGAX	0.645
CXCL10	ITGB2	0.634
CXCL10	JUN	0.508
CXCL10	LGALS3	0.402
CXCL10	LY96	0.469
CXCL10	MMP3	0.702
CXCL10	MMP9	0.868
CXCL10	MOG	0.556
CXCL10	MPO	0.661
CXCL10	MRC1	0.639
CXCL10	MSR1	0.442
CXCL10	MYD88	0.795
CXCL10	NFKB1	0.845
CXCL10	NFKBIA	0.752
CXCL10	NGF	0.447
CXCL10	NLRP3	0.555
CXCL10	NOS2	0.52
CXCL10	PDCD1LG2	0.601
CXCL10	PECAM1	0.501
CXCL10	PRF1	0.644
CXCL10	PTGS2	0.605
CXCL10	PTPRC	0.674
CXCL10	RETNLB	0.649
CXCL10	SCARB1	0.441
CXCL10	SCARB2	0.461
CXCL10	SELE	0.59
CXCL10	SELL	0.562
CXCL10	SELP	0.489
CXCL10	SIGLEC1	0.541
CXCL10	SOCS3	0.561
CXCL10	SRC	0.668
CXCL10	STAT1	0.949
CXCL10	STAT3	0.82
CXCL10	STAT6	0.472
CXCL10	TBX21	0.736
CXCL10	TGFB1	0.62
CXCL10	THBD	0.437
CXCL10	TIRAP	0.402
CXCL10	TLR1	0.586
CXCL10	TLR2	0.902
CXCL10	TLR3	0.78
CXCL10	TLR4	0.969
CXCL10	TLR5	0.65
CXCL10	TLR6	0.471
CXCL10	TLR7	0.809
CXCL10	TLR8	0.636
CXCL10	TLR9	0.761
CXCL10	TNF	0.966
CXCL10	TNFRSF1A	0.54
CXCL10	TNFRSF1B	0.679
CXCL10	TNFSF13B	0.685
CXCL10	TREM1	0.487
CXCL10	TREM2	0.436
CXCL10	TYROBP	0.545
CXCL10	VCAM1	0.732
CXCL12	CXCL13	0.964
CXCL12	CXCL2	0.999
CXCL12	CXCL3	0.85
CXCL12	CXCL5	0.905
CXCL12	CXCL8	0.951
CXCL12	CXCL9	0.999
CXCL12	CXCR1	0.992
CXCL12	CXCR2	0.998
CXCL12	CXCR3	0.998
CXCL12	CXCR4	0.999
CXCL12	FCGR3A	0.547
CXCL12	FCGR3B	0.541
CXCL12	FN1	0.884
CXCL12	FOXP3	0.58
CXCL12	GDNF	0.506
CXCL12	GFAP	0.494
CXCL12	GZMB	0.423
CXCL12	HMOX1	0.435
CXCL12	ICAM1	0.67
CXCL12	IDO1	0.604
CXCL12	IDO2	0.495
CXCL12	IFNA1	0.507
CXCL12	IFNB1	0.434
CXCL12	IFNG	0.713
CXCL12	IGF1	0.845
CXCL12	IL10	0.725
CXCL12	IL13	0.582
CXCL12	IL15	0.601
CXCL12	IL17A	0.632
CXCL12	IL18	0.718
CXCL12	IL1A	0.682
CXCL12	IL1B	0.755
CXCL12	IL1R1	0.651
CXCL12	IL1RN	0.679
CXCL12	IL2	0.619
CXCL12	IL3	0.581
CXCL12	IL33	0.509
CXCL12	IL4	0.771
CXCL12	IL5	0.675
CXCL12	IL6	0.811
CXCL12	IL6R	0.79
CXCL12	ITGAM	0.676
CXCL12	ITGAX	0.494
CXCL12	ITGB2	0.709
CXCL12	JUN	0.477
CXCL12	LGALS3	0.744
CXCL12	MMP3	0.576
CXCL12	MMP9	0.891
CXCL12	MRC1	0.494
CXCL12	MSR1	0.427
CXCL12	MYD88	0.473
CXCL12	NFE2L2	0.51
CXCL12	NFKB1	0.564
CXCL12	NFKBIA	0.417
CXCL12	NGF	0.583
CXCL12	PDCD1LG2	0.48
CXCL12	PECAM1	0.745
CXCL12	PRF1	0.453
CXCL12	PTGS2	0.534
CXCL12	PTPRC	0.827
CXCL12	S1PR1	0.624
CXCL12	SCARB1	0.402
CXCL12	SCARB2	0.406
CXCL12	SELE	0.727
CXCL12	SELL	0.72
CXCL12	SELP	0.749
CXCL12	SIGLEC1	0.437
CXCL12	SIRPA	0.402
CXCL12	SRC	0.789
CXCL12	STAT1	0.663
CXCL12	STAT3	0.684
CXCL12	TGFB1	0.798
CXCL12	TLR1	0.493
CXCL12	TLR2	0.527
CXCL12	TLR3	0.453
CXCL12	TLR4	0.821
CXCL12	TLR7	0.441
CXCL12	TLR9	0.634
CXCL12	TNF	0.75
CXCL12	TNFRSF1A	0.403
CXCL12	TNFSF13B	0.623
CXCL12	VCAM1	0.864
CXCL13	CXCL2	0.824
CXCL13	CXCL3	0.844
CXCL13	CXCL5	0.902
CXCL13	CXCL8	0.783
CXCL13	CXCL9	0.996
CXCL13	CXCR1	0.987
CXCL13	CXCR2	0.997
CXCL13	CXCR3	0.997
CXCL13	CXCR4	0.998
CXCL13	FCGR3A	0.46
CXCL13	FCGR3B	0.447
CXCL13	FOXP3	0.588
CXCL13	GZMB	0.692
CXCL13	ICAM1	0.703
CXCL13	IDO1	0.669
CXCL13	IFNA1	0.466
CXCL13	IFNB1	0.42
CXCL13	IFNG	0.71
CXCL13	IL10	0.674
CXCL13	IL10RA	0.513
CXCL13	IL13	0.571
CXCL13	IL15	0.515
CXCL13	IL17A	0.65
CXCL13	IL17F	0.451
CXCL13	IL18	0.476
CXCL13	IL1A	0.532
CXCL13	IL1B	0.738
CXCL13	IL1RN	0.557
CXCL13	IL2	0.584
CXCL13	IL33	0.594
CXCL13	IL4	0.749
CXCL13	IL5	0.507
CXCL13	IL6	0.726
CXCL13	ITGAM	0.483
CXCL13	ITGAX	0.514
CXCL13	ITGB2	0.572
CXCL13	MMP3	0.627
CXCL13	MMP9	0.701
CXCL13	MS4A1	0.498
CXCL13	MYD88	0.422
CXCL13	NFKB1	0.437
CXCL13	PDCD1LG2	0.425
CXCL13	PECAM1	0.41
CXCL13	PRF1	0.436
CXCL13	PTPRC	0.624
CXCL13	S1PR1	0.604
CXCL13	SELL	0.545
CXCL13	SIGLEC1	0.42
CXCL13	SOCS3	0.509
CXCL13	SRC	0.626
CXCL13	STAT1	0.661
CXCL13	STAT3	0.495
CXCL13	TBX21	0.496
CXCL13	TLR2	0.626
CXCL13	TLR4	0.446
CXCL13	TLR7	0.443
CXCL13	TNF	0.679
CXCL13	TNFRSF1A	0.4
CXCL13	TNFRSF1B	0.413
CXCL13	TNFSF13B	0.833
CXCL13	TREM1	0.568
CXCL13	VCAM1	0.7
CXCL2	CXCL3	0.995
CXCL2	CXCL5	0.998
CXCL2	CXCL8	0.982
CXCL2	CXCL9	0.997
CXCL2	CXCR1	0.998
CXCL2	CXCR2	0.999
CXCL2	CXCR3	0.962
CXCL2	CXCR4	0.993
CXCL2	FCGR2A	0.556
CXCL2	FCGR3A	0.424
CXCL2	FCGR3B	0.433
CXCL2	FOXP3	0.458
CXCL2	ICAM1	0.704
CXCL2	IDO1	0.421
CXCL2	IFNA1	0.472
CXCL2	IFNB1	0.542
CXCL2	IFNG	0.823
CXCL2	IL10	0.883
CXCL2	IL13	0.585
CXCL2	IL15	0.518
CXCL2	IL17A	0.675
CXCL2	IL17F	0.492
CXCL2	IL18	0.841
CXCL2	IL1A	0.943
CXCL2	IL1B	0.968
CXCL2	IL1R1	0.647
CXCL2	IL1RN	0.675
CXCL2	IL2	0.545
CXCL2	IL33	0.549
CXCL2	IL4	0.599
CXCL2	IL5	0.501
CXCL2	IL6	0.966
CXCL2	ITGAM	0.702
CXCL2	ITGAX	0.447
CXCL2	JUN	0.953
CXCL2	MMP3	0.424
CXCL2	MMP9	0.566
CXCL2	MPO	0.546
CXCL2	MRC1	0.416
CXCL2	MYD88	0.538
CXCL2	NFKB1	0.969
CXCL2	NFKBIA	0.681
CXCL2	NLRP3	0.574
CXCL2	NOS2	0.4
CXCL2	PECAM1	0.427
CXCL2	PTGS2	0.819
CXCL2	PTPRC	0.488
CXCL2	SELE	0.515
CXCL2	SELP	0.404
CXCL2	SOCS3	0.599
CXCL2	SOD2	0.433
CXCL2	SRC	0.616
CXCL2	STAT1	0.455
CXCL2	STAT3	0.766
CXCL2	TGFB1	0.484
CXCL2	TLR2	0.774
CXCL2	TLR3	0.453
CXCL2	TLR4	0.849
CXCL2	TLR5	0.523
CXCL2	TLR6	0.52
CXCL2	TLR9	0.427
CXCL2	TNF	0.928
CXCL2	TREM1	0.464
CXCL2	VCAM1	0.572
CXCL3	CXCL5	0.999
CXCL3	CXCL8	0.895
CXCL3	CXCL9	0.59
CXCL3	CXCR1	0.996
CXCL3	CXCR2	0.999
CXCL3	CXCR3	0.895
CXCL3	CXCR4	0.931
CXCL3	FN1	0.477
CXCL3	ICAM1	0.565
CXCL3	IFNG	0.573
CXCL3	IL10	0.712
CXCL3	IL13	0.419
CXCL3	IL17A	0.491
CXCL3	IL1A	0.866
CXCL3	IL1B	0.86
CXCL3	IL1RN	0.406
CXCL3	IL4	0.412
CXCL3	IL6	0.81
CXCL3	JUN	0.932
CXCL3	MMP3	0.588
CXCL3	MMP9	0.646
CXCL3	NFKB1	0.942
CXCL3	NFKBIA	0.47
CXCL3	PTGS2	0.612
CXCL3	SOCS3	0.462
CXCL3	SRC	0.576
CXCL3	STAT3	0.41
CXCL3	TGFB1	0.563
CXCL3	TLR2	0.43
CXCL3	TNF	0.685
CXCL3	VCAM1	0.418
CXCL5	CXCL8	0.951
CXCL5	CXCL9	0.693
CXCL5	CXCR1	0.999
CXCL5	CXCR2	0.999
CXCL5	CXCR3	0.923
CXCL5	CXCR4	0.985
CXCL5	FCGR3B	0.401
CXCL5	FN1	0.401
CXCL5	FOXP3	0.408
CXCL5	ICAM1	0.683
CXCL5	IDO1	0.456
CXCL5	IFNA1	0.418
CXCL5	IFNB1	0.43
CXCL5	IFNG	0.803
CXCL5	IL10	0.759
CXCL5	IL13	0.606
CXCL5	IL15	0.509
CXCL5	IL17A	0.794
CXCL5	IL17F	0.515
CXCL5	IL18	0.519
CXCL5	IL1A	0.815
CXCL5	IL1B	0.771
CXCL5	IL1R1	0.457
CXCL5	IL1RN	0.509
CXCL5	IL2	0.556
CXCL5	IL3	0.464
CXCL5	IL33	0.511
CXCL5	IL4	0.616
CXCL5	IL5	0.552
CXCL5	IL6	0.862
CXCL5	ITGAM	0.526
CXCL5	MMP3	0.696
CXCL5	MMP9	0.83
CXCL5	MPO	0.453
CXCL5	NFKB1	0.455
CXCL5	NFKBIA	0.42
CXCL5	NGF	0.487
CXCL5	PECAM1	0.476
CXCL5	PTGS2	0.56
CXCL5	PTPRC	0.455
CXCL5	SCARB1	0.546
CXCL5	SCARB2	0.543
CXCL5	SELE	0.434
CXCL5	SELP	0.428
CXCL5	SRC	0.632
CXCL5	STAT1	0.448
CXCL5	STAT3	0.509
CXCL5	TGFB1	0.505
CXCL5	TLR2	0.478
CXCL5	TLR4	0.506
CXCL5	TNF	0.717
CXCL5	VCAM1	0.519
CXCL8	CXCL9	0.959
CXCL8	CXCR1	0.999
CXCL8	CXCR2	0.999
CXCL8	CXCR3	0.997
CXCL8	CXCR4	0.997
CXCL8	CYBB	0.481
CXCL8	F3	0.74
CXCL8	FCGR1A	0.531
CXCL8	FCGR2A	0.676
CXCL8	FCGR2B	0.419
CXCL8	FCGR3A	0.674
CXCL8	FCGR3B	0.685
CXCL8	FN1	0.846
CXCL8	FOXP3	0.626
CXCL8	GZMB	0.589
CXCL8	HMOX1	0.622
CXCL8	ICAM1	0.943
CXCL8	IDO1	0.61
CXCL8	IDO2	0.515
CXCL8	IFNA1	0.777
CXCL8	IFNB1	0.731
CXCL8	IFNG	0.961
CXCL8	IGF1	0.609
CXCL8	IL10	0.97
CXCL8	IL10RA	0.652
CXCL8	IL13	0.94
CXCL8	IL15	0.798
CXCL8	IL17A	0.924
CXCL8	IL17F	0.651
CXCL8	IL18	0.926
CXCL8	IL1A	0.974
CXCL8	IL1B	0.994
CXCL8	IL1R1	0.87
CXCL8	IL1RN	0.926
CXCL8	IL2	0.985
CXCL8	IL3	0.785
CXCL8	IL31	0.507
CXCL8	IL33	0.799
CXCL8	IL3RA	0.409
CXCL8	IL4	0.997
CXCL8	IL4R	0.659
CXCL8	IL5	0.932
CXCL8	IL6	0.991
CXCL8	IL6R	0.806
CXCL8	ITGAM	0.681
CXCL8	ITGAX	0.562
CXCL8	ITGB2	0.784
CXCL8	JUN	0.987
CXCL8	LBP	0.505
CXCL8	LGALS3	0.674
CXCL8	LY96	0.638
CXCL8	MBL2	0.434
CXCL8	MMP3	0.821
CXCL8	MMP9	0.88
CXCL8	MPO	0.733
CXCL8	MRC1	0.551
CXCL8	MYD88	0.816
CXCL8	NFE2L2	0.665
CXCL8	NFKB1	0.988
CXCL8	NFKBIA	0.887
CXCL8	NGF	0.577
CXCL8	NLRP3	0.692
CXCL8	NOS2	0.506
CXCL8	OCLN	0.57
CXCL8	PDCD1LG2	0.493
CXCL8	PECAM1	0.733
CXCL8	PRF1	0.588
CXCL8	PTGS2	0.975
CXCL8	PTPRC	0.608
CXCL8	PTX3	0.562
CXCL8	RETNLB	0.727
CXCL8	S1PR1	0.53
CXCL8	SCARB1	0.517
CXCL8	SCARB2	0.512
CXCL8	SELE	0.851
CXCL8	SELL	0.806
CXCL8	SELP	0.898
CXCL8	SOCS3	0.552
CXCL8	SOD2	0.573
CXCL8	SRC	0.781
CXCL8	STAT1	0.765
CXCL8	STAT3	0.857
CXCL8	STAT6	0.495
CXCL8	TBX21	0.63
CXCL8	TGFB1	0.775
CXCL8	THBD	0.581
CXCL8	TIRAP	0.428
CXCL8	TLR1	0.665
CXCL8	TLR2	0.883
CXCL8	TLR3	0.718
CXCL8	TLR4	0.933
CXCL8	TLR5	0.791
CXCL8	TLR6	0.745
CXCL8	TLR7	0.664
CXCL8	TLR8	0.609
CXCL8	TLR9	0.776
CXCL8	TNF	0.983
CXCL8	TNFRSF1A	0.782
CXCL8	TNFRSF1B	0.598
CXCL8	TNFSF13B	0.563
CXCL8	TREM1	0.642
CXCL8	TREM2	0.491
CXCL8	VCAM1	0.857
CXCL9	CXCR1	0.905
CXCL9	CXCR2	0.974
CXCL9	CXCR3	0.999
CXCL9	CXCR4	0.994
CXCL9	FCGR1A	0.456
CXCL9	FCGR2A	0.448
CXCL9	FCGR2B	0.649
CXCL9	FCGR3A	0.661
CXCL9	FCGR3B	0.622
CXCL9	FCGRT	0.403
CXCL9	FOXP3	0.648
CXCL9	GZMB	0.728
CXCL9	ICAM1	0.667
CXCL9	IDO1	0.868
CXCL9	IDO2	0.489
CXCL9	IFNA1	0.728
CXCL9	IFNB1	0.741
CXCL9	IFNG	0.948
CXCL9	IL10	0.819
CXCL9	IL10RA	0.636
CXCL9	IL13	0.722
CXCL9	IL15	0.771
CXCL9	IL17A	0.83
CXCL9	IL17F	0.544
CXCL9	IL18	0.705
CXCL9	IL1A	0.73
CXCL9	IL1B	0.855
CXCL9	IL1R1	0.491
CXCL9	IL1RN	0.701
CXCL9	IL2	0.738
CXCL9	IL3	0.614
CXCL9	IL33	0.586
CXCL9	IL4	0.735
CXCL9	IL5	0.718
CXCL9	IL6	0.815
CXCL9	IL6R	0.615
CXCL9	IRF8	0.683
CXCL9	ITGAE	0.576
CXCL9	ITGAM	0.652
CXCL9	ITGAX	0.615
CXCL9	ITGB2	0.431
CXCL9	MMP3	0.632
CXCL9	MMP9	0.573
CXCL9	MRC1	0.564
CXCL9	MSR1	0.435
CXCL9	MYD88	0.519
CXCL9	NFKB1	0.51
CXCL9	NGF	0.545
CXCL9	NOS2	0.425
CXCL9	PDCD1LG2	0.612
CXCL9	PECAM1	0.493
CXCL9	PRF1	0.639
CXCL9	PTGS2	0.652
CXCL9	PTPRC	0.646
CXCL9	SELE	0.525
CXCL9	SELL	0.556
CXCL9	SELP	0.441
CXCL9	SIGLEC1	0.489
CXCL9	SOCS3	0.426
CXCL9	SRC	0.643
CXCL9	STAT1	0.882
CXCL9	STAT3	0.565
CXCL9	STAT6	0.41
CXCL9	TBX21	0.609
CXCL9	TGFB1	0.511
CXCL9	TLR1	0.433
CXCL9	TLR2	0.739
CXCL9	TLR3	0.618
CXCL9	TLR4	0.619
CXCL9	TLR7	0.57
CXCL9	TLR8	0.674
CXCL9	TLR9	0.507
CXCL9	TNF	0.815
CXCL9	TNFRSF1A	0.641
CXCL9	TNFRSF1B	0.653
CXCL9	TNFSF13B	0.56
CXCL9	TREM1	0.426
CXCL9	TYROBP	0.486
CXCL9	VCAM1	0.675
CXCR1	CXCR2	0.999
CXCR1	CXCR3	0.943
CXCR1	CXCR4	0.857
CXCR1	FCGR1A	0.568
CXCR1	FCGR2A	0.632
CXCR1	FCGR2B	0.582
CXCR1	FCGR3A	0.775
CXCR1	FCGR3B	0.936
CXCR1	GZMB	0.424
CXCR1	ICAM1	0.68
CXCR1	IFNG	0.599
CXCR1	IL10	0.539
CXCR1	IL10RA	0.589
CXCR1	IL13	0.53
CXCR1	IL15	0.415
CXCR1	IL17A	0.509
CXCR1	IL18	0.592
CXCR1	IL1A	0.662
CXCR1	IL1B	0.879
CXCR1	IL1R1	0.436
CXCR1	IL1RN	0.644
CXCR1	IL2	0.418
CXCR1	IL4	0.448
CXCR1	IL6	0.868
CXCR1	IL6R	0.481
CXCR1	ITGAM	0.633
CXCR1	ITGAX	0.455
CXCR1	ITGB2	0.711
CXCR1	MMP9	0.605
CXCR1	MPO	0.517
CXCR1	NFKB1	0.428
CXCR1	PDCD1LG2	0.419
CXCR1	PECAM1	0.447
CXCR1	PRF1	0.432
CXCR1	PTPRC	0.474
CXCR1	SELE	0.553
CXCR1	SELL	0.604
CXCR1	SELP	0.601
CXCR1	SRC	0.677
CXCR1	STAT3	0.473
CXCR1	TGFB1	0.634
CXCR1	TLR2	0.694
CXCR1	TLR4	0.571
CXCR1	TLR8	0.448
CXCR1	TNF	0.625
CXCR1	TNFRSF1A	0.602
CXCR1	TREM1	0.475
CXCR1	VCAM1	0.413
CXCR2	CXCR3	0.86
CXCR2	CXCR4	0.992
CXCR2	FCGR1A	0.421
CXCR2	FCGR2A	0.495
CXCR2	FCGR2B	0.428
CXCR2	FCGR3A	0.601
CXCR2	FCGR3B	0.884
CXCR2	FN1	0.418
CXCR2	FOXP3	0.453
CXCR2	GZMB	0.451
CXCR2	ICAM1	0.596
CXCR2	IDO1	0.47
CXCR2	IFNA1	0.4
CXCR2	IFNB1	0.407
CXCR2	IFNG	0.717
CXCR2	IL10	0.624
CXCR2	IL13	0.678
CXCR2	IL15	0.642
CXCR2	IL17A	0.625
CXCR2	IL18	0.481
CXCR2	IL1A	0.731
CXCR2	IL1B	0.837
CXCR2	IL1R1	0.49
CXCR2	IL1RN	0.67
CXCR2	IL2	0.479
CXCR2	IL33	0.488
CXCR2	IL4	0.547
CXCR2	IL5	0.634
CXCR2	IL6	0.812
CXCR2	IL6R	0.685
CXCR2	ITGAM	0.712
CXCR2	ITGAX	0.546
CXCR2	ITGB2	0.702
CXCR2	LY96	0.508
CXCR2	MMP3	0.591
CXCR2	MMP9	0.78
CXCR2	MPO	0.632
CXCR2	MRC1	0.402
CXCR2	MYD88	0.49
CXCR2	NFKB1	0.482
CXCR2	NLRP3	0.401
CXCR2	PECAM1	0.55
CXCR2	PRF1	0.418
CXCR2	PTGS2	0.685
CXCR2	PTPRC	0.603
CXCR2	SELE	0.492
CXCR2	SELL	0.816
CXCR2	SELP	0.504
CXCR2	SRC	0.709
CXCR2	STAT1	0.437
CXCR2	STAT3	0.601
CXCR2	TGFB1	0.485
CXCR2	TLR2	0.832
CXCR2	TLR4	0.807
CXCR2	TLR8	0.453
CXCR2	TLR9	0.413
CXCR2	TNF	0.862
CXCR2	TNFRSF1A	0.457
CXCR2	TREM1	0.443
CXCR2	VCAM1	0.535
CXCR3	CXCR4	0.969
CXCR3	FCGR1A	0.407
CXCR3	FCGR2A	0.454
CXCR3	FCGR2B	0.483
CXCR3	FCGR3A	0.677
CXCR3	FCGR3B	0.674
CXCR3	FOXP3	0.846
CXCR3	GZMB	0.767
CXCR3	ICAM1	0.742
CXCR3	IDO1	0.516
CXCR3	IDO2	0.419
CXCR3	IFNA1	0.595
CXCR3	IFNB1	0.521
CXCR3	IFNG	0.914
CXCR3	IL10	0.804
CXCR3	IL10RA	0.662
CXCR3	IL13	0.602
CXCR3	IL15	0.626
CXCR3	IL17A	0.726
CXCR3	IL17F	0.488
CXCR3	IL18	0.576
CXCR3	IL1A	0.528
CXCR3	IL1B	0.843
CXCR3	IL1R1	0.418
CXCR3	IL2	0.721
CXCR3	IL33	0.447
CXCR3	IL3RA	0.465
CXCR3	IL4	0.785
CXCR3	IL4R	0.554
CXCR3	IL5	0.583
CXCR3	IL6	0.759
CXCR3	IL6R	0.41
CXCR3	IRF8	0.585
CXCR3	ITGAE	0.691
CXCR3	ITGAM	0.785
CXCR3	ITGAX	0.677
CXCR3	ITGB2	0.487
CXCR3	MMP9	0.454
CXCR3	MYD88	0.798
CXCR3	NFKB1	0.402
CXCR3	PDCD1LG2	0.442
CXCR3	PECAM1	0.481
CXCR3	PRF1	0.737
CXCR3	PTPRC	0.721
CXCR3	S1PR1	0.66
CXCR3	SCARB1	0.447
CXCR3	SCARB2	0.439
CXCR3	SELE	0.619
CXCR3	SELL	0.86
CXCR3	SELP	0.638
CXCR3	SPI1	0.487
CXCR3	SRC	0.63
CXCR3	STAT1	0.583
CXCR3	STAT3	0.526
CXCR3	STAT6	0.414
CXCR3	TBX21	0.831
CXCR3	TGFB1	0.581
CXCR3	TLR2	0.466
CXCR3	TLR3	0.448
CXCR3	TLR4	0.49
CXCR3	TLR5	0.506
CXCR3	TLR7	0.511
CXCR3	TLR8	0.41
CXCR3	TLR9	0.501
CXCR3	TNF	0.817
CXCR3	TNFRSF1A	0.489
CXCR3	TNFSF13B	0.484
CXCR3	VCAM1	0.742
CXCR4	CYBB	0.59
CXCR4	FCGR1A	0.429
CXCR4	FCGR2A	0.524
CXCR4	FCGR2B	0.503
CXCR4	FCGR3A	0.757
CXCR4	FCGR3B	0.755
CXCR4	FN1	0.857
CXCR4	FOXP3	0.731
CXCR4	GDNF	0.418
CXCR4	GFAP	0.506
CXCR4	GZMB	0.505
CXCR4	ICAM1	0.837
CXCR4	IDO1	0.573
CXCR4	IDO2	0.461
CXCR4	IFNA1	0.54
CXCR4	IFNB1	0.469
CXCR4	IFNG	0.711
CXCR4	IGF1	0.717
CXCR4	IL10	0.68
CXCR4	IL10RA	0.458
CXCR4	IL13	0.506
CXCR4	IL15	0.55
CXCR4	IL17A	0.581
CXCR4	IL18	0.478
CXCR4	IL1A	0.745
CXCR4	IL1B	0.838
CXCR4	IL1R1	0.421
CXCR4	IL2	0.68
CXCR4	IL3	0.681
CXCR4	IL3RA	0.461
CXCR4	IL4	0.611
CXCR4	IL5	0.436
CXCR4	IL6	0.921
CXCR4	IL6R	0.697
CXCR4	IRF8	0.467
CXCR4	ITGAE	0.431
CXCR4	ITGAM	0.715
CXCR4	ITGAX	0.621
CXCR4	ITGB2	0.826
CXCR4	JUN	0.691
CXCR4	LGALS3	0.416
CXCR4	LY96	0.591
CXCR4	MMP3	0.418
CXCR4	MMP9	0.844
CXCR4	MPO	0.423
CXCR4	MRC1	0.489
CXCR4	MYD88	0.698
CXCR4	NFKB1	0.734
CXCR4	NFKBIA	0.479
CXCR4	NGF	0.414
CXCR4	PDCD1LG2	0.476
CXCR4	PECAM1	0.784
CXCR4	PRF1	0.496
CXCR4	PTGS2	0.575
CXCR4	PTPRC	0.933
CXCR4	S1PR1	0.719
CXCR4	SCARB1	0.417
CXCR4	SCARB2	0.408
CXCR4	SELE	0.565
CXCR4	SELL	0.803
CXCR4	SELP	0.653
CXCR4	SIGLEC1	0.471
CXCR4	SIRPA	0.431
CXCR4	SOCS3	0.665
CXCR4	SOX10	0.409
CXCR4	SPI1	0.411
CXCR4	SRC	0.864
CXCR4	STAT1	0.513
CXCR4	STAT3	0.775
CXCR4	TBX21	0.459
CXCR4	TGFB1	0.794
CXCR4	TLR1	0.434
CXCR4	TLR2	0.894
CXCR4	TLR3	0.453
CXCR4	TLR4	0.824
CXCR4	TLR7	0.494
CXCR4	TLR8	0.405
CXCR4	TLR9	0.501
CXCR4	TNF	0.814
CXCR4	TNFRSF1A	0.438
CXCR4	TNFRSF1B	0.601
CXCR4	TNFSF13B	0.525
CXCR4	TYROBP	0.583
CXCR4	VCAM1	0.978
CYBB	FCER1G	0.741
CYBB	FCGR1A	0.472
CYBB	FCGR2A	0.606
CYBB	FCGR2B	0.505
CYBB	FCGR3A	0.571
CYBB	FCGR3B	0.507
CYBB	FN1	0.459
CYBB	HMOX1	0.712
CYBB	ICAM1	0.627
CYBB	IDO1	0.576
CYBB	IDO2	0.482
CYBB	IFNG	0.616
CYBB	IGF1	0.427
CYBB	IL10	0.585
CYBB	IL10RA	0.694
CYBB	IL17A	0.454
CYBB	IL18	0.533
CYBB	IL1A	0.457
CYBB	IL1B	0.746
CYBB	IL4	0.475
CYBB	IL6	0.708
CYBB	IRF8	0.782
CYBB	ITGAM	0.778
CYBB	ITGAX	0.533
CYBB	ITGB2	0.816
CYBB	JUN	0.531
CYBB	LGALS3	0.415
CYBB	MMP9	0.963
CYBB	MPO	0.767
CYBB	MRC1	0.495
CYBB	MYD88	0.739
CYBB	NEFL	0.407
CYBB	NFE2L2	0.62
CYBB	NFKB1	0.568
CYBB	NFKBIA	0.504
CYBB	NLRP3	0.574
CYBB	NOS2	0.607
CYBB	PECAM1	0.502
CYBB	PTGS2	0.698
CYBB	PTPRC	0.645
CYBB	SCARB1	0.49
CYBB	SCARB2	0.506
CYBB	SELE	0.452
CYBB	SELL	0.44
CYBB	SELP	0.493
CYBB	SIRPA	0.475
CYBB	SOD2	0.643
CYBB	SPI1	0.655
CYBB	SRC	0.721
CYBB	STAT1	0.562
CYBB	STAT3	0.527
CYBB	TGFB1	0.597
CYBB	TLR1	0.533
CYBB	TLR2	0.786
CYBB	TLR4	0.902
CYBB	TLR7	0.593
CYBB	TLR8	0.587
CYBB	TLR9	0.423
CYBB	TNF	0.721
CYBB	TNFRSF1A	0.53
CYBB	TREM2	0.434
CYBB	TYROBP	0.652
CYBB	VCAM1	0.959
CYBB	VSIG4	0.613
EGR2	FOXP3	0.455
EGR2	GJB1	0.87
EGR2	IFNG	0.463
EGR2	IL10	0.416
EGR2	IL1B	0.609
EGR2	IL6	0.442
EGR2	IRF8	0.465
EGR2	JUN	0.888
EGR2	MBP	0.91
EGR2	MMP9	0.448
EGR2	NEFL	0.463
EGR2	NFKB1	0.4
EGR2	NGF	0.409
EGR2	NRG1	0.559
EGR2	PMP22	0.916
EGR2	PRX	0.963
EGR2	PTGS2	0.451
EGR2	SELL	0.424
EGR2	SOX10	0.986
EGR2	SPI1	0.466
EGR2	SRC	0.431
EGR2	TBX21	0.497
EGR2	TNF	0.543
F3	FCGR3A	0.4
F3	FN1	0.711
F3	ICAM1	0.726
F3	IFNG	0.575
F3	IL10	0.586
F3	IL17A	0.416
F3	IL18	0.449
F3	IL1A	0.631
F3	IL1B	0.719
F3	IL2	0.478
F3	IL4	0.418
F3	IL6	0.819
F3	ITGAM	0.621
F3	JUN	0.407
F3	MBL2	0.71
F3	MMP9	0.632
F3	MPO	0.76
F3	NFKB1	0.443
F3	PECAM1	0.688
F3	PTGS2	0.558
F3	PTPRC	0.4
F3	PTX3	0.478
F3	SCARB1	0.431
F3	SCARB2	0.401
F3	SELE	0.723
F3	SELL	0.513
F3	SELP	0.905
F3	TGFB1	0.422
F3	THBD	0.982
F3	TLR2	0.639
F3	TLR4	0.717
F3	TNF	0.72
F3	VCAM1	0.803
FCER1G	FCGR1A	0.985
FCER1G	FCGR2A	0.907
FCER1G	FCGR2B	0.844
FCER1G	FCGR3A	0.999
FCER1G	FCGR3B	0.999
FCER1G	FCGRT	0.698
FCER1G	GZMB	0.466
FCER1G	IFNG	0.551
FCER1G	IL10	0.48
FCER1G	IL10RA	0.505
FCER1G	IL15	0.476
FCER1G	IL1B	0.514
FCER1G	IL1RN	0.473
FCER1G	IL2	0.472
FCER1G	IL3	0.521
FCER1G	IL4	0.4
FCER1G	IL5	0.531
FCER1G	IL6	0.467
FCER1G	IRF8	0.417
FCER1G	ITGAM	0.782
FCER1G	ITGAX	0.751
FCER1G	ITGB2	0.841
FCER1G	MMP9	0.411
FCER1G	MS4A1	0.758
FCER1G	MYD88	0.491
FCER1G	PECAM1	0.48
FCER1G	PRF1	0.49
FCER1G	PTPRC	0.724
FCER1G	SCARB1	0.554
FCER1G	SCARB2	0.567
FCER1G	SELL	0.691
FCER1G	SELP	0.567
FCER1G	SIRPA	0.475
FCER1G	SPI1	0.65
FCER1G	SRC	0.717
FCER1G	TLR1	0.401
FCER1G	TLR2	0.715
FCER1G	TLR4	0.542
FCER1G	TLR7	0.488
FCER1G	TLR8	0.524
FCER1G	TLR9	0.408
FCER1G	TNF	0.549
FCER1G	TNFRSF1A	0.435
FCER1G	TNFSF13B	0.501
FCER1G	TREM1	0.67
FCER1G	TREM2	0.991
FCER1G	TYROBP	0.999
FCER1G	VSIG4	0.674
FCGR1A	FCGR2A	0.923
FCGR1A	FCGR2B	0.838
FCGR1A	FCGR3A	0.989
FCGR1A	FCGR3B	0.872
FCGR1A	FCGRT	0.897
FCGR1A	FN1	0.503
FCGR1A	FOXP3	0.545
FCGR1A	GZMB	0.482
FCGR1A	ICAM1	0.524
FCGR1A	IFNA1	0.445
FCGR1A	IFNB1	0.411
FCGR1A	IFNG	0.716
FCGR1A	IGF1	0.987
FCGR1A	IL10	0.631
FCGR1A	IL10RA	0.427
FCGR1A	IL13	0.509
FCGR1A	IL15	0.413
FCGR1A	IL17A	0.504
FCGR1A	IL18	0.401
FCGR1A	IL1A	0.662
FCGR1A	IL1B	0.651
FCGR1A	IL1RN	0.418
FCGR1A	IL2	0.545
FCGR1A	IL3	0.416
FCGR1A	IL3RA	0.776
FCGR1A	IL4	0.609
FCGR1A	IL5	0.432
FCGR1A	IL6	0.723
FCGR1A	IRF8	0.502
FCGR1A	ITGAE	0.697
FCGR1A	ITGAM	0.851
FCGR1A	ITGAX	0.816
FCGR1A	ITGB2	0.659
FCGR1A	LY75	0.406
FCGR1A	MMP9	0.423
FCGR1A	MOG	0.401
FCGR1A	MPO	0.623
FCGR1A	MRC1	0.835
FCGR1A	MSR1	0.571
FCGR1A	MYD88	0.414
FCGR1A	PDCD1LG2	0.496
FCGR1A	PECAM1	0.555
FCGR1A	PRF1	0.421
FCGR1A	PTPRC	0.805
FCGR1A	SCARB1	0.694
FCGR1A	SCARB2	0.702
FCGR1A	SELL	0.613
FCGR1A	SIGLEC1	0.673
FCGR1A	SIRPA	0.643
FCGR1A	SPI1	0.949
FCGR1A	SRC	0.772
FCGR1A	STAT1	0.88
FCGR1A	STAT3	0.417
FCGR1A	THBD	0.463
FCGR1A	TLR1	0.459
FCGR1A	TLR2	0.632
FCGR1A	TLR3	0.42
FCGR1A	TLR4	0.643
FCGR1A	TLR5	0.467
FCGR1A	TLR7	0.561
FCGR1A	TLR8	0.567
FCGR1A	TLR9	0.468
FCGR1A	TNF	0.648
FCGR1A	TNFRSF1A	0.583
FCGR1A	TNFSF13B	0.472
FCGR1A	TREM1	0.699
FCGR1A	TREM2	0.711
FCGR1A	TYROBP	0.706
FCGR1A	VSIG4	0.415
FCGR2A	FCGR2B	0.892
FCGR2A	FCGR3A	0.917
FCGR2A	FCGR3B	0.617
FCGR2A	FCGRT	0.871
FCGR2A	FN1	0.615
FCGR2A	FOXP3	0.72
FCGR2A	GZMB	0.517
FCGR2A	ICAM1	0.54
FCGR2A	IFNA1	0.521
FCGR2A	IFNB1	0.452
FCGR2A	IFNG	0.741
FCGR2A	IGF1	0.778
FCGR2A	IL10	0.691
FCGR2A	IL10RA	0.46
FCGR2A	IL13	0.544
FCGR2A	IL15	0.443
FCGR2A	IL17A	0.617
FCGR2A	IL17F	0.407
FCGR2A	IL18	0.623
FCGR2A	IL1A	0.505
FCGR2A	IL1B	0.679
FCGR2A	IL1R1	0.409
FCGR2A	IL1RN	0.432
FCGR2A	IL2	0.62
FCGR2A	IL3	0.432
FCGR2A	IL3RA	0.488
FCGR2A	IL4	0.652
FCGR2A	IL4R	0.417
FCGR2A	IL5	0.493
FCGR2A	IL6	0.656
FCGR2A	IL6R	0.404
FCGR2A	ITGAE	0.578
FCGR2A	ITGAM	0.882
FCGR2A	ITGAX	0.875
FCGR2A	ITGB2	0.813
FCGR2A	LGALS3	0.66
FCGR2A	LY75	0.421
FCGR2A	LY96	0.405
FCGR2A	MBL2	0.541
FCGR2A	MPO	0.462
FCGR2A	MRC1	0.717
FCGR2A	MSR1	0.506
FCGR2A	MYD88	0.496
FCGR2A	PDCD1LG2	0.453
FCGR2A	PECAM1	0.684
FCGR2A	PRF1	0.449
FCGR2A	PTPRC	0.886
FCGR2A	S1PR1	0.496
FCGR2A	SCARB1	0.5
FCGR2A	SCARB2	0.475
FCGR2A	SELL	0.73
FCGR2A	SELP	0.547
FCGR2A	SIRPA	0.64
FCGR2A	SPI1	0.467
FCGR2A	SRC	0.963
FCGR2A	STAT1	0.425
FCGR2A	STAT3	0.416
FCGR2A	TBX21	0.475
FCGR2A	TGFB1	0.416
FCGR2A	TLR1	0.573
FCGR2A	TLR2	0.785
FCGR2A	TLR3	0.432
FCGR2A	TLR4	0.818
FCGR2A	TLR5	0.598
FCGR2A	TLR7	0.564
FCGR2A	TLR8	0.58
FCGR2A	TLR9	0.756
FCGR2A	TNF	0.719
FCGR2A	TNFRSF1A	0.675
FCGR2A	TNFRSF1B	0.408
FCGR2A	TNFSF13B	0.524
FCGR2A	TREM1	0.46
FCGR2A	TREM2	0.423
FCGR2A	TYROBP	0.761
FCGR2A	VSIG4	0.407
FCGR2B	FCGR3A	0.744
FCGR2B	FCGR3B	0.556
FCGR2B	FCGRT	0.871
FCGR2B	FN1	0.584
FCGR2B	FOXP3	0.737
FCGR2B	GZMB	0.538
FCGR2B	ICAM1	0.523
FCGR2B	IFNA1	0.49
FCGR2B	IFNB1	0.436
FCGR2B	IFNG	0.749
FCGR2B	IGF1	0.785
FCGR2B	IL10	0.699
FCGR2B	IL10RA	0.514
FCGR2B	IL13	0.565
FCGR2B	IL15	0.438
FCGR2B	IL17A	0.622
FCGR2B	IL18	0.628
FCGR2B	IL1A	0.483
FCGR2B	IL1B	0.66
FCGR2B	IL2	0.62
FCGR2B	IL3	0.442
FCGR2B	IL33	0.454
FCGR2B	IL3RA	0.479
FCGR2B	IL4	0.683
FCGR2B	IL4R	0.436
FCGR2B	IL5	0.52
FCGR2B	IL6	0.653
FCGR2B	IRF8	0.479
FCGR2B	ITGAE	0.588
FCGR2B	ITGAM	0.916
FCGR2B	ITGAX	0.838
FCGR2B	ITGB2	0.777
FCGR2B	LGALS3	0.992
FCGR2B	LY75	0.471
FCGR2B	MRC1	0.756
FCGR2B	MSR1	0.464
FCGR2B	MYD88	0.662
FCGR2B	PDCD1LG2	0.465
FCGR2B	PECAM1	0.677
FCGR2B	PRF1	0.447
FCGR2B	PTPRC	0.918
FCGR2B	SCARB1	0.519
FCGR2B	SCARB2	0.493
FCGR2B	SELL	0.784
FCGR2B	SIRPA	0.613
FCGR2B	SPI1	0.486
FCGR2B	SRC	0.461
FCGR2B	STAT1	0.42
FCGR2B	TBX21	0.536
FCGR2B	TGFB1	0.412
FCGR2B	TLR1	0.459
FCGR2B	TLR2	0.727
FCGR2B	TLR3	0.421
FCGR2B	TLR4	0.645
FCGR2B	TLR5	0.468
FCGR2B	TLR6	0.435
FCGR2B	TLR7	0.597
FCGR2B	TLR8	0.529
FCGR2B	TLR9	0.541
FCGR2B	TNF	0.723
FCGR2B	TNFRSF1A	0.49
FCGR2B	TNFSF13B	0.572
FCGR2B	TREM2	0.476
FCGR2B	TYROBP	0.592
FCGR3A	FCGR3B	0.978
FCGR3A	FCGRT	0.853
FCGR3A	FN1	0.638
FCGR3A	FOXP3	0.822
FCGR3A	GZMB	0.799
FCGR3A	ICAM1	0.767
FCGR3A	IDO1	0.556
FCGR3A	IDO2	0.45
FCGR3A	IFNA1	0.659
FCGR3A	IFNB1	0.57
FCGR3A	IFNG	0.926
FCGR3A	IGF1	0.569
FCGR3A	IL10	0.805
FCGR3A	IL10RA	0.712
FCGR3A	IL13	0.685
FCGR3A	IL15	0.924
FCGR3A	IL17A	0.808
FCGR3A	IL17F	0.405
FCGR3A	IL18	0.673
FCGR3A	IL1A	0.627
FCGR3A	IL1B	0.785
FCGR3A	IL1R1	0.456
FCGR3A	IL1RN	0.451
FCGR3A	IL2	0.878
FCGR3A	IL3	0.601
FCGR3A	IL33	0.536
FCGR3A	IL3RA	0.807
FCGR3A	IL4	0.787
FCGR3A	IL4R	0.52
FCGR3A	IL5	0.641
FCGR3A	IL6	0.796
FCGR3A	IL6R	0.442
FCGR3A	IRF8	0.561
FCGR3A	ITGAE	0.71
FCGR3A	ITGAM	0.948
FCGR3A	ITGAX	0.907
FCGR3A	ITGB2	0.777
FCGR3A	LGALS3	0.564
FCGR3A	LY75	0.687
FCGR3A	LY96	0.409
FCGR3A	MMP9	0.54
FCGR3A	MOG	0.447
FCGR3A	MPO	0.743
FCGR3A	MRC1	0.81
FCGR3A	MS4A1	0.483
FCGR3A	MSR1	0.592
FCGR3A	MYD88	0.578
FCGR3A	NFKB1	0.487
FCGR3A	NFKBIA	0.426
FCGR3A	NLRP3	0.495
FCGR3A	NOS2	0.41
FCGR3A	PDCD1LG2	0.769
FCGR3A	PECAM1	0.781
FCGR3A	PRF1	0.891
FCGR3A	PTPRC	0.913
FCGR3A	SCARB1	0.918
FCGR3A	SCARB2	0.918
FCGR3A	SELE	0.594
FCGR3A	SELL	0.852
FCGR3A	SELP	0.562
FCGR3A	SIGLEC1	0.717
FCGR3A	SIRPA	0.776
FCGR3A	SOCS3	0.411
FCGR3A	SPI1	0.611
FCGR3A	SRC	0.766
FCGR3A	STAT1	0.577
FCGR3A	STAT3	0.676
FCGR3A	STAT6	0.477
FCGR3A	TBX21	0.681
FCGR3A	TGFB1	0.56
FCGR3A	THBD	0.639
FCGR3A	TLR1	0.554
FCGR3A	TLR2	0.777
FCGR3A	TLR3	0.567
FCGR3A	TLR4	0.941
FCGR3A	TLR5	0.519
FCGR3A	TLR7	0.653
FCGR3A	TLR8	0.76
FCGR3A	TLR9	0.755
FCGR3A	TNF	0.872
FCGR3A	TNFRSF1A	0.647
FCGR3A	TNFRSF1B	0.482
FCGR3A	TNFSF13B	0.607
FCGR3A	TREM1	0.505
FCGR3A	TREM2	0.563
FCGR3A	TYROBP	0.99
FCGR3A	VCAM1	0.505
FCGR3A	VSIG4	0.587
FCGR3B	FCGRT	0.746
FCGR3B	FN1	0.638
FCGR3B	FOXP3	0.821
FCGR3B	GZMB	0.765
FCGR3B	ICAM1	0.767
FCGR3B	IDO1	0.556
FCGR3B	IDO2	0.433
FCGR3B	IFNA1	0.653
FCGR3B	IFNB1	0.57
FCGR3B	IFNG	0.926
FCGR3B	IGF1	0.558
FCGR3B	IL10	0.802
FCGR3B	IL10RA	0.67
FCGR3B	IL13	0.683
FCGR3B	IL15	0.923
FCGR3B	IL17A	0.808
FCGR3B	IL17F	0.405
FCGR3B	IL18	0.653
FCGR3B	IL1A	0.627
FCGR3B	IL1B	0.783
FCGR3B	IL1R1	0.447
FCGR3B	IL1RN	0.475
FCGR3B	IL2	0.879
FCGR3B	IL3	0.6
FCGR3B	IL33	0.524
FCGR3B	IL3RA	0.798
FCGR3B	IL4	0.787
FCGR3B	IL4R	0.503
FCGR3B	IL5	0.637
FCGR3B	IL6	0.796
FCGR3B	IL6R	0.437
FCGR3B	IRF8	0.505
FCGR3B	ITGAE	0.71
FCGR3B	ITGAM	0.959
FCGR3B	ITGAX	0.901
FCGR3B	ITGB2	0.831
FCGR3B	LGALS3	0.561
FCGR3B	LY75	0.676
FCGR3B	LY96	0.433
FCGR3B	MMP9	0.504
FCGR3B	MOG	0.435
FCGR3B	MPO	0.744
FCGR3B	MRC1	0.791
FCGR3B	MS4A1	0.518
FCGR3B	MSR1	0.567
FCGR3B	MYD88	0.567
FCGR3B	NFKB1	0.473
FCGR3B	NFKBIA	0.411
FCGR3B	NLRP3	0.431
FCGR3B	NOS2	0.41
FCGR3B	PDCD1LG2	0.759
FCGR3B	PECAM1	0.744
FCGR3B	PRF1	0.889
FCGR3B	PTGS2	0.419
FCGR3B	PTPRC	0.908
FCGR3B	SCARB1	0.917
FCGR3B	SCARB2	0.918
FCGR3B	SELE	0.584
FCGR3B	SELL	0.856
FCGR3B	SELP	0.56
FCGR3B	SIGLEC1	0.634
FCGR3B	SIRPA	0.76
FCGR3B	SOCS3	0.402
FCGR3B	SPI1	0.572
FCGR3B	SRC	0.405
FCGR3B	STAT1	0.584
FCGR3B	STAT3	0.676
FCGR3B	STAT6	0.463
FCGR3B	TBX21	0.656
FCGR3B	TGFB1	0.555
FCGR3B	THBD	0.632
FCGR3B	TLR1	0.598
FCGR3B	TLR2	0.673
FCGR3B	TLR3	0.554
FCGR3B	TLR4	0.912
FCGR3B	TLR5	0.462
FCGR3B	TLR7	0.642
FCGR3B	TLR8	0.757
FCGR3B	TLR9	0.758
FCGR3B	TNF	0.873
FCGR3B	TNFRSF1A	0.432
FCGR3B	TNFRSF1B	0.484
FCGR3B	TNFSF13B	0.548
FCGR3B	TREM1	0.568
FCGR3B	TREM2	0.47
FCGR3B	TYROBP	0.951
FCGR3B	VCAM1	0.523
FCGRT	IFNG	0.46
FCGRT	IL1RN	0.411
FCGRT	IL2	0.406
FCGRT	IL4R	0.481
FCGRT	IL6R	0.554
FCGRT	SCARB1	0.42
FCGRT	SCARB2	0.434
FCGRT	SIRPA	0.513
FCGRT	TLR9	0.483
FCGRT	TNF	0.653
FCGRT	TNFRSF1A	0.581
FCGRT	TNFRSF1B	0.49
FCGRT	TYROBP	0.426
FN1	FOXP3	0.444
FN1	GAP43	0.739
FN1	GDNF	0.511
FN1	GFAP	0.57
FN1	GZMB	0.656
FN1	HMOX1	0.479
FN1	ICAM1	0.904
FN1	IFNA1	0.434
FN1	IFNG	0.641
FN1	IGF1	0.907
FN1	IL10	0.752
FN1	IL13	0.735
FN1	IL17A	0.534
FN1	IL18	0.461
FN1	IL1A	0.773
FN1	IL1B	0.869
FN1	IL2	0.804
FN1	IL3	0.479
FN1	IL33	0.4
FN1	IL4	0.837
FN1	IL5	0.431
FN1	IL6	0.9
FN1	ITGAE	0.824
FN1	ITGAM	0.853
FN1	ITGAX	0.865
FN1	ITGB2	0.976
FN1	JUN	0.625
FN1	LGALS3	0.985
FN1	MBL2	0.631
FN1	MMP3	0.936
FN1	MMP9	0.85
FN1	MPO	0.642
FN1	MYD88	0.454
FN1	NFKB1	0.729
FN1	NFKBIA	0.474
FN1	NGF	0.574
FN1	OCLN	0.744
FN1	PECAM1	0.748
FN1	PRF1	0.624
FN1	PTGS2	0.544
FN1	PTPRC	0.842
FN1	SCARB1	0.687
FN1	SCARB2	0.697
FN1	SELE	0.726
FN1	SELL	0.445
FN1	SELP	0.778
FN1	SOD2	0.583
FN1	SRC	0.945
FN1	STAT1	0.603
FN1	STAT3	0.988
FN1	TGFB1	0.969
FN1	THBD	0.401
FN1	TLR2	0.917
FN1	TLR3	0.418
FN1	TLR4	0.995
FN1	TLR5	0.555
FN1	TNF	0.97
FN1	VCAM1	0.983
FOXP3	GZMB	0.823
FOXP3	HMOX1	0.636
FOXP3	ICAM1	0.59
FOXP3	IDO1	0.879
FOXP3	IDO2	0.841
FOXP3	IFNA1	0.623
FOXP3	IFNB1	0.581
FOXP3	IFNG	0.982
FOXP3	IGF1	0.585
FOXP3	IL10	0.955
FOXP3	IL10RA	0.616
FOXP3	IL13	0.808
FOXP3	IL15	0.807
FOXP3	IL17A	0.953
FOXP3	IL17F	0.803
FOXP3	IL18	0.637
FOXP3	IL1A	0.669
FOXP3	IL1B	0.843
FOXP3	IL1R1	0.52
FOXP3	IL2	0.991
FOXP3	IL3	0.494
FOXP3	IL33	0.651
FOXP3	IL3RA	0.571
FOXP3	IL4	0.925
FOXP3	IL4R	0.571
FOXP3	IL5	0.806
FOXP3	IL6	0.913
FOXP3	IL6R	0.664
FOXP3	IRF8	0.501
FOXP3	ITGAE	0.865
FOXP3	ITGAM	0.855
FOXP3	ITGAX	0.875
FOXP3	JUN	0.481
FOXP3	LGALS3	0.418
FOXP3	LY75	0.663
FOXP3	MBP	0.51
FOXP3	MMP9	0.529
FOXP3	MOG	0.718
FOXP3	MPO	0.485
FOXP3	MRC1	0.677
FOXP3	MS4A1	0.404
FOXP3	MSR1	0.421
FOXP3	MYD88	0.719
FOXP3	NFKB1	0.744
FOXP3	NFKBIA	0.451
FOXP3	NLRP3	0.421
FOXP3	NOS2	0.475
FOXP3	PDCD1LG2	0.738
FOXP3	PECAM1	0.596
FOXP3	PRF1	0.837
FOXP3	PTGS2	0.505
FOXP3	PTPRC	0.879
FOXP3	S1PR1	0.478
FOXP3	SCARB1	0.413
FOXP3	SCARB2	0.417
FOXP3	SELE	0.427
FOXP3	SELL	0.862
FOXP3	SELP	0.473
FOXP3	SIRPA	0.497
FOXP3	SOCS3	0.524
FOXP3	SPI1	0.466
FOXP3	SRC	0.401
FOXP3	STAT1	0.849
FOXP3	STAT3	0.984
FOXP3	STAT6	0.683
FOXP3	TBX21	0.934
FOXP3	TGFB1	0.865
FOXP3	THBD	0.409
FOXP3	TLR1	0.446
FOXP3	TLR2	0.663
FOXP3	TLR3	0.555
FOXP3	TLR4	0.68
FOXP3	TLR5	0.491
FOXP3	TLR7	0.611
FOXP3	TLR8	0.473
FOXP3	TLR9	0.631
FOXP3	TNF	0.909
FOXP3	TNFRSF1A	0.532
FOXP3	TNFRSF1B	0.507
FOXP3	TNFSF13B	0.55
FOXP3	VCAM1	0.509
GAP43	GDNF	0.565
GAP43	GFAP	0.716
GAP43	IGF1	0.402
GAP43	JUN	0.443
GAP43	MBP	0.718
GAP43	NEFL	0.695
GAP43	NFASC	0.439
GAP43	NGF	0.904
GAP43	SOX10	0.45
GAP43	SRC	0.565
GAP43	STMN2	0.724
GDNF	GFAP	0.665
GDNF	IFNG	0.437
GDNF	IGF1	0.775
GDNF	IL10	0.52
GDNF	IL18	0.507
GDNF	IL1B	0.582
GDNF	IL6	0.589
GDNF	JUN	0.975
GDNF	MBP	0.494
GDNF	NEFL	0.538
GDNF	NGF	0.926
GDNF	NRG1	0.535
GDNF	P2RX3	0.478
GDNF	SOX10	0.802
GDNF	SRC	0.685
GDNF	TGFB1	0.663
GDNF	TNF	0.529
GDNF	TRPA1	0.422
GDNF	TRPV1	0.684
GFAP	HMOX1	0.451
GFAP	ICAM1	0.493
GFAP	IFNG	0.566
GFAP	IGF1	0.611
GFAP	IL10	0.589
GFAP	IL1A	0.608
GFAP	IL1B	0.82
GFAP	IL4	0.423
GFAP	IL6	0.782
GFAP	IL6R	0.441
GFAP	ITGAM	0.715
GFAP	JUN	0.459
GFAP	KCNA1	0.433
GFAP	LGALS3	0.499
GFAP	MBP	0.876
GFAP	MMP9	0.496
GFAP	MOG	0.722
GFAP	MPO	0.415
GFAP	MRC1	0.439
GFAP	NEFL	0.726
GFAP	NFKB1	0.427
GFAP	NGF	0.653
GFAP	NLRP3	0.484
GFAP	NRG1	0.422
GFAP	OCLN	0.504
GFAP	PECAM1	0.684
GFAP	PTGS2	0.453
GFAP	PTPRC	0.619
GFAP	SCARB1	0.465
GFAP	SCARB2	0.475
GFAP	SOX10	0.733
GFAP	STAT1	0.427
GFAP	STAT3	0.59
GFAP	STMN2	0.65
GFAP	TGFB1	0.503
GFAP	TLR2	0.404
GFAP	TLR4	0.632
GFAP	TNF	0.705
GFAP	TREM2	0.6
GFAP	TRPV1	0.41
GFAP	VCAM1	0.416
GJB1	MBP	0.475
GJB1	NEFL	0.702
GJB1	OCLN	0.952
GJB1	PMP22	0.942
GJB1	PRX	0.893
GJB1	SOX10	0.786
GJB1	SRC	0.904
GZMB	ICAM1	0.536
GZMB	IDO1	0.693
GZMB	IDO2	0.525
GZMB	IFNA1	0.743
GZMB	IFNB1	0.509
GZMB	IFNG	0.956
GZMB	IL10	0.787
GZMB	IL10RA	0.656
GZMB	IL13	0.591
GZMB	IL15	0.791
GZMB	IL17A	0.73
GZMB	IL17F	0.439
GZMB	IL18	0.624
GZMB	IL1A	0.695
GZMB	IL1B	0.765
GZMB	IL1R1	0.59
GZMB	IL2	0.887
GZMB	IL3	0.417
GZMB	IL33	0.443
GZMB	IL3RA	0.504
GZMB	IL4	0.698
GZMB	IL4R	0.412
GZMB	IL5	0.592
GZMB	IL6	0.677
GZMB	IRF8	0.474
GZMB	ITGAE	0.7
GZMB	ITGAM	0.733
GZMB	ITGAX	0.713
GZMB	ITGB2	0.652
GZMB	LGALS3	0.515
GZMB	MMP9	0.464
GZMB	MPO	0.412
GZMB	MRC1	0.511
GZMB	MS4A1	0.431
GZMB	MYD88	0.432
GZMB	NFKB1	0.499
GZMB	NLRP3	0.416
GZMB	PDCD1LG2	0.582
GZMB	PECAM1	0.533
GZMB	PRF1	0.999
GZMB	PTPRC	0.775
GZMB	S1PR1	0.521
GZMB	SELE	0.535
GZMB	SELL	0.778
GZMB	SIGLEC1	0.4
GZMB	SIRPA	0.439
GZMB	SRC	0.612
GZMB	STAT1	0.614
GZMB	STAT3	0.59
GZMB	STAT6	0.407
GZMB	TBX21	0.918
GZMB	TGFB1	0.546
GZMB	TLR2	0.534
GZMB	TLR3	0.469
GZMB	TLR4	0.529
GZMB	TLR7	0.502
GZMB	TLR8	0.458
GZMB	TLR9	0.489
GZMB	TNF	0.87
GZMB	TNFRSF1A	0.464
GZMB	TNFSF13B	0.486
GZMB	TYROBP	0.555
GZMB	VCAM1	0.43
HMOX1	ICAM1	0.675
HMOX1	IDO1	0.533
HMOX1	IDO2	0.476
HMOX1	IFNB1	0.4
HMOX1	IFNG	0.633
HMOX1	IGF1	0.482
HMOX1	IL10	0.726
HMOX1	IL13	0.855
HMOX1	IL17A	0.478
HMOX1	IL18	0.514
HMOX1	IL1A	0.591
HMOX1	IL1B	0.817
HMOX1	IL1RN	0.493
HMOX1	IL2	0.461
HMOX1	IL4	0.878
HMOX1	IL6	0.81
HMOX1	ITGAM	0.468
HMOX1	JUN	0.798
HMOX1	MMP3	0.447
HMOX1	MMP9	0.656
HMOX1	MPO	0.64
HMOX1	MRC1	0.453
HMOX1	MYD88	0.553
HMOX1	NFE2L2	0.989
HMOX1	NFKB1	0.652
HMOX1	NFKBIA	0.675
HMOX1	NGF	0.441
HMOX1	NLRP3	0.892
HMOX1	NOS2	0.716
HMOX1	OCLN	0.478
HMOX1	PECAM1	0.43
HMOX1	PTGS2	0.789
HMOX1	PTPRC	0.41
HMOX1	SCARB1	0.489
HMOX1	SCARB2	0.461
HMOX1	SELE	0.518
HMOX1	SELP	0.425
HMOX1	SOD2	0.743
HMOX1	SRC	0.456
HMOX1	STAT1	0.537
HMOX1	STAT3	0.849
HMOX1	TGFB1	0.646
HMOX1	THBD	0.446
HMOX1	TLR2	0.496
HMOX1	TLR4	0.719
HMOX1	TNF	0.792
HMOX1	TNFRSF1A	0.435
HMOX1	VCAM1	0.62
ICAM1	IDO1	0.603
ICAM1	IDO2	0.475
ICAM1	IFNA1	0.723
ICAM1	IFNB1	0.583
ICAM1	IFNG	0.902
ICAM1	IGF1	0.694
ICAM1	IL10	0.873
ICAM1	IL13	0.768
ICAM1	IL15	0.767
ICAM1	IL17A	0.697
ICAM1	IL18	0.673
ICAM1	IL1A	0.807
ICAM1	IL1B	0.912
ICAM1	IL1R1	0.811
ICAM1	IL1RN	0.588
ICAM1	IL2	0.8
ICAM1	IL3	0.513
ICAM1	IL31	0.518
ICAM1	IL33	0.507
ICAM1	IL4	0.811
ICAM1	IL5	0.622
ICAM1	IL6	0.947
ICAM1	IL6R	0.681
ICAM1	ITGAE	0.471
ICAM1	ITGAM	0.999
ICAM1	ITGAX	0.982
ICAM1	ITGB2	0.999
ICAM1	JUN	0.655
ICAM1	LGALS3	0.672
ICAM1	LY75	0.616
ICAM1	LY96	0.444
ICAM1	MMP3	0.579
ICAM1	MMP9	0.791
ICAM1	MPO	0.769
ICAM1	MRC1	0.522
ICAM1	MYD88	0.623
ICAM1	NFE2L2	0.504
ICAM1	NFKB1	0.903
ICAM1	NFKBIA	0.797
ICAM1	NGF	0.426
ICAM1	NLRP3	0.549
ICAM1	NOS2	0.608
ICAM1	OCLN	0.691
ICAM1	PDCD1LG2	0.525
ICAM1	PECAM1	0.873
ICAM1	PRF1	0.573
ICAM1	PTGS2	0.835
ICAM1	PTPRC	0.828
ICAM1	PTX3	0.446
ICAM1	RETNLB	0.507
ICAM1	S1PR1	0.738
ICAM1	SCARB1	0.815
ICAM1	SCARB2	0.811
ICAM1	SELE	0.949
ICAM1	SELL	0.927
ICAM1	SELP	0.932
ICAM1	SIGLEC1	0.432
ICAM1	SIRPA	0.62
ICAM1	SOCS3	0.686
ICAM1	SOD2	0.502
ICAM1	SRC	0.643
ICAM1	STAT1	0.805
ICAM1	STAT3	0.832
ICAM1	STAT6	0.719
ICAM1	TBX21	0.447
ICAM1	TGFB1	0.73
ICAM1	THBD	0.666
ICAM1	TLR1	0.508
ICAM1	TLR2	0.714
ICAM1	TLR3	0.559
ICAM1	TLR4	0.768
ICAM1	TLR5	0.42
ICAM1	TLR6	0.432
ICAM1	TLR7	0.506
ICAM1	TLR8	0.429
ICAM1	TLR9	0.708
ICAM1	TNF	0.944
ICAM1	TNFRSF1A	0.742
ICAM1	TNFRSF1B	0.754
ICAM1	TNFSF13B	0.515
ICAM1	TREM1	0.414
ICAM1	VCAM1	0.999
IDO1	IDO2	0.919
IDO1	IFNA1	0.67
IDO1	IFNB1	0.594
IDO1	IFNG	0.93
IDO1	IGF1	0.403
IDO1	IL10	0.857
IDO1	IL10RA	0.404
IDO1	IL13	0.607
IDO1	IL15	0.659
IDO1	IL17A	0.804
IDO1	IL18	0.529
IDO1	IL1A	0.614
IDO1	IL1B	0.748
IDO1	IL1RN	0.641
IDO1	IL2	0.808
IDO1	IL3RA	0.463
IDO1	IL4	0.7
IDO1	IL5	0.494
IDO1	IL6	0.791
IDO1	IRF8	0.424
IDO1	ITGAE	0.578
IDO1	ITGAM	0.79
IDO1	ITGAX	0.765
IDO1	LY75	0.413
IDO1	MMP9	0.508
IDO1	MRC1	0.56
IDO1	MSR1	0.4
IDO1	MYD88	0.483
IDO1	NFKB1	0.658
IDO1	NOS2	0.529
IDO1	PDCD1LG2	0.798
IDO1	PECAM1	0.456
IDO1	PRF1	0.649
IDO1	PTGS2	0.621
IDO1	PTPRC	0.643
IDO1	SELL	0.488
IDO1	SIRPA	0.445
IDO1	SOCS3	0.797
IDO1	STAT1	0.807
IDO1	STAT3	0.631
IDO1	STAT6	0.424
IDO1	TBX21	0.527
IDO1	TGFB1	0.673
IDO1	TLR2	0.573
IDO1	TLR3	0.615
IDO1	TLR4	0.627
IDO1	TLR7	0.56
IDO1	TLR8	0.455
IDO1	TLR9	0.582
IDO1	TNF	0.758
IDO1	TNFSF13B	0.461
IDO1	VCAM1	0.505
IDO2	IFNA1	0.597
IDO2	IFNB1	0.48
IDO2	IFNG	0.875
IDO2	IL10	0.824
IDO2	IL13	0.54
IDO2	IL15	0.497
IDO2	IL17A	0.764
IDO2	IL18	0.447
IDO2	IL1A	0.549
IDO2	IL1B	0.669
IDO2	IL2	0.767
IDO2	IL4	0.629
IDO2	IL5	0.458
IDO2	IL6	0.71
IDO2	ITGAE	0.504
IDO2	ITGAM	0.727
IDO2	ITGAX	0.702
IDO2	MRC1	0.429
IDO2	NFKB1	0.569
IDO2	NOS2	0.435
IDO2	PDCD1LG2	0.616
IDO2	PRF1	0.573
IDO2	PTGS2	0.521
IDO2	PTPRC	0.537
IDO2	STAT1	0.622
IDO2	STAT3	0.541
IDO2	TBX21	0.402
IDO2	TGFB1	0.585
IDO2	TLR2	0.443
IDO2	TLR3	0.486
IDO2	TLR4	0.527
IDO2	TLR7	0.458
IDO2	TLR9	0.505
IDO2	TNF	0.681
IDO2	VCAM1	0.412
IFNA1	IFNB1	0.993
IFNA1	IFNG	0.954
IFNA1	IL10	0.852
IFNA1	IL10RA	0.787
IFNA1	IL13	0.713
IFNA1	IL15	0.768
IFNA1	IL17A	0.79
IFNA1	IL17F	0.675
IFNA1	IL18	0.849
IFNA1	IL1A	0.776
IFNA1	IL1B	0.849
IFNA1	IL1R1	0.703
IFNA1	IL1RN	0.479
IFNA1	IL2	0.881
IFNA1	IL3	0.767
IFNA1	IL31	0.431
IFNA1	IL33	0.575
IFNA1	IL3RA	0.861
IFNA1	IL4	0.794
IFNA1	IL4R	0.779
IFNA1	IL5	0.716
IFNA1	IL6	0.927
IFNA1	IL6R	0.803
IFNA1	IRF8	0.716
IFNA1	ITGAE	0.519
IFNA1	ITGAM	0.634
IFNA1	ITGAX	0.706
IFNA1	JUN	0.507
IFNA1	LY75	0.41
IFNA1	LY96	0.415
IFNA1	MMP9	0.473
IFNA1	MPO	0.441
IFNA1	MYD88	0.861
IFNA1	NFKB1	0.901
IFNA1	NFKBIA	0.529
IFNA1	NLRP3	0.552
IFNA1	NOS2	0.635
IFNA1	PDCD1LG2	0.49
IFNA1	PRF1	0.622
IFNA1	PTGS2	0.457
IFNA1	PTPRC	0.621
IFNA1	SCARB1	0.408
IFNA1	SELE	0.4
IFNA1	SELL	0.505
IFNA1	SIGLEC1	0.524
IFNA1	SIRPA	0.416
IFNA1	SOCS3	0.784
IFNA1	SRC	0.451
IFNA1	STAT1	0.96
IFNA1	STAT3	0.696
IFNA1	STAT6	0.505
IFNA1	TBX21	0.663
IFNA1	TGFB1	0.57
IFNA1	THBD	0.506
IFNA1	TIRAP	0.689
IFNA1	TLR1	0.727
IFNA1	TLR2	0.792
IFNA1	TLR3	0.897
IFNA1	TLR4	0.807
IFNA1	TLR5	0.583
IFNA1	TLR6	0.481
IFNA1	TLR7	0.92
IFNA1	TLR8	0.804
IFNA1	TLR9	0.899
IFNA1	TNF	0.928
IFNA1	TNFRSF1A	0.514
IFNA1	TNFSF13B	0.658
IFNA1	VCAM1	0.445
IFNB1	IFNG	0.95
IFNB1	IL10	0.809
IFNB1	IL10RA	0.773
IFNB1	IL13	0.622
IFNB1	IL15	0.617
IFNB1	IL17A	0.718
IFNB1	IL17F	0.605
IFNB1	IL18	0.717
IFNB1	IL1A	0.75
IFNB1	IL1B	0.881
IFNB1	IL1R1	0.747
IFNB1	IL1RN	0.478
IFNB1	IL2	0.73
IFNB1	IL3	0.481
IFNB1	IL33	0.655
IFNB1	IL3RA	0.848
IFNB1	IL4	0.72
IFNB1	IL4R	0.776
IFNB1	IL5	0.585
IFNB1	IL6	0.922
IFNB1	IL6R	0.795
IFNB1	IRF8	0.751
IFNB1	ITGAE	0.433
IFNB1	ITGAM	0.62
IFNB1	ITGAX	0.726
IFNB1	JUN	0.608
IFNB1	LY96	0.755
IFNB1	MBP	0.538
IFNB1	MMP9	0.51
IFNB1	MOG	0.588
IFNB1	MRC1	0.416
IFNB1	MYD88	0.955
IFNB1	NFKB1	0.928
IFNB1	NFKBIA	0.652
IFNB1	NLRP3	0.616
IFNB1	NOS2	0.479
IFNB1	PRF1	0.506
IFNB1	PTGS2	0.522
IFNB1	PTPRC	0.581
IFNB1	SARM1	0.517
IFNB1	SELL	0.409
IFNB1	SIGLEC1	0.467
IFNB1	SOCS3	0.786
IFNB1	SRC	0.449
IFNB1	STAT1	0.954
IFNB1	STAT3	0.741
IFNB1	STAT6	0.544
IFNB1	TBX21	0.474
IFNB1	TGFB1	0.506
IFNB1	TIRAP	0.856
IFNB1	TLR1	0.766
IFNB1	TLR2	0.91
IFNB1	TLR3	0.995
IFNB1	TLR4	0.998
IFNB1	TLR5	0.647
IFNB1	TLR6	0.592
IFNB1	TLR7	0.891
IFNB1	TLR8	0.835
IFNB1	TLR9	0.874
IFNB1	TNF	0.919
IFNB1	TNFRSF1A	0.577
IFNB1	TNFSF13B	0.542
IFNB1	VCAM1	0.477
IFNG	IGF1	0.754
IFNG	IL10	0.995
IFNG	IL10RA	0.912
IFNG	IL13	0.961
IFNG	IL15	0.939
IFNG	IL17A	0.978
IFNG	IL17F	0.882
IFNG	IL18	0.949
IFNG	IL1A	0.971
IFNG	IL1B	0.998
IFNG	IL1R1	0.726
IFNG	IL1RN	0.671
IFNG	IL2	0.99
IFNG	IL3	0.983
IFNG	IL31	0.734
IFNG	IL33	0.778
IFNG	IL3RA	0.847
IFNG	IL4	0.99
IFNG	IL4R	0.962
IFNG	IL5	0.96
IFNG	IL6	0.983
IFNG	IL6R	0.896
IFNG	IRF8	0.859
IFNG	ITGAE	0.77
IFNG	ITGAM	0.92
IFNG	ITGAX	0.928
IFNG	ITGB2	0.62
IFNG	JUN	0.711
IFNG	LGALS3	0.844
IFNG	LY75	0.603
IFNG	LY96	0.555
IFNG	MBL2	0.509
IFNG	MBP	0.667
IFNG	MMP3	0.725
IFNG	MMP9	0.751
IFNG	MOG	0.823
IFNG	MPO	0.789
IFNG	MRC1	0.79
IFNG	MSR1	0.531
IFNG	MYD88	0.899
IFNG	NEFL	0.551
IFNG	NFE2L2	0.515
IFNG	NFKB1	0.932
IFNG	NFKBIA	0.714
IFNG	NGF	0.607
IFNG	NLRP3	0.669
IFNG	NOS2	0.862
IFNG	OCLN	0.711
IFNG	PDCD1LG2	0.834
IFNG	PECAM1	0.656
IFNG	PRF1	0.95
IFNG	PTGS2	0.816
IFNG	PTPRC	0.924
IFNG	PTX3	0.417
IFNG	RETNLB	0.747
IFNG	S1PR1	0.526
IFNG	SCARB1	0.601
IFNG	SCARB2	0.597
IFNG	SELE	0.693
IFNG	SELL	0.87
IFNG	SELP	0.645
IFNG	SIGLEC1	0.565
IFNG	SIRPA	0.606
IFNG	SOCS3	0.886
IFNG	SPI1	0.586
IFNG	SRC	0.607
IFNG	STAT1	0.986
IFNG	STAT3	0.907
IFNG	STAT6	0.9
IFNG	TBX21	0.964
IFNG	TGFB1	0.888
IFNG	THBD	0.546
IFNG	TIRAP	0.477
IFNG	TLR1	0.704
IFNG	TLR2	0.918
IFNG	TLR3	0.884
IFNG	TLR4	0.946
IFNG	TLR5	0.769
IFNG	TLR6	0.634
IFNG	TLR7	0.867
IFNG	TLR8	0.722
IFNG	TLR9	0.891
IFNG	TNF	0.991
IFNG	TNFRSF1A	0.919
IFNG	TNFRSF1B	0.801
IFNG	TNFSF13B	0.765
IFNG	TREM1	0.528
IFNG	TREM2	0.705
IFNG	TYROBP	0.541
IFNG	VCAM1	0.748
IGF1	IL10	0.716
IGF1	IL13	0.51
IGF1	IL15	0.463
IGF1	IL17A	0.479
IGF1	IL18	0.629
IGF1	IL1A	0.664
IGF1	IL1B	0.847
IGF1	IL1RN	0.441
IGF1	IL2	0.509
IGF1	IL3	0.51
IGF1	IL33	0.403
IGF1	IL4	0.631
IGF1	IL6	0.913
IGF1	ITGAM	0.488
IGF1	JUN	0.636
IGF1	MBP	0.528
IGF1	MMP3	0.522
IGF1	MMP9	0.767
IGF1	MRC1	0.552
IGF1	NFE2L2	0.453
IGF1	NFKB1	0.579
IGF1	NGF	0.84
IGF1	NRG1	0.571
IGF1	PECAM1	0.614
IGF1	PTGS2	0.604
IGF1	PTPRC	0.582
IGF1	RETNLB	0.579
IGF1	SCARB1	0.478
IGF1	SCARB2	0.454
IGF1	SOCS3	0.676
IGF1	SOD2	0.586
IGF1	SRC	0.85
IGF1	STAT1	0.447
IGF1	STAT3	0.845
IGF1	TGFB1	0.976
IGF1	TLR2	0.525
IGF1	TLR4	0.583
IGF1	TNF	0.837
IGF1	TNFRSF1A	0.607
IGF1	TNFSF13B	0.443
IGF1	VCAM1	0.683
IL10	IL10RA	0.999
IL10	IL13	0.952
IL10	IL15	0.914
IL10	IL17A	0.98
IL10	IL17F	0.874
IL10	IL18	0.955
IL10	IL1A	0.971
IL10	IL1B	0.991
IL10	IL1R1	0.917
IL10	IL1RN	0.923
IL10	IL2	0.964
IL10	IL3	0.781
IL10	IL31	0.583
IL10	IL33	0.793
IL10	IL3RA	0.824
IL10	IL4	0.986
IL10	IL4R	0.965
IL10	IL5	0.982
IL10	IL6	0.997
IL10	IL6R	0.923
IL10	IRF8	0.601
IL10	ITGAE	0.735
IL10	ITGAM	0.856
IL10	ITGAX	0.834
IL10	ITGB2	0.576
IL10	JUN	0.677
IL10	LBP	0.654
IL10	LGALS3	0.641
IL10	LY75	0.543
IL10	LY96	0.59
IL10	MBL2	0.532
IL10	MBP	0.606
IL10	MMP3	0.837
IL10	MMP9	0.881
IL10	MOG	0.772
IL10	MPO	0.771
IL10	MRC1	0.856
IL10	MSR1	0.642
IL10	MYD88	0.898
IL10	NEFL	0.575
IL10	NFE2L2	0.567
IL10	NFKB1	0.877
IL10	NFKBIA	0.72
IL10	NGF	0.662
IL10	NLRP3	0.69
IL10	NOS2	0.718
IL10	OCLN	0.721
IL10	PDCD1LG2	0.797
IL10	PECAM1	0.65
IL10	PRF1	0.78
IL10	PTGS2	0.789
IL10	PTPRC	0.804
IL10	PTX3	0.484
IL10	RETNLB	0.697
IL10	S1PR1	0.426
IL10	SCARB1	0.639
IL10	SCARB2	0.629
IL10	SELE	0.675
IL10	SELL	0.741
IL10	SELP	0.631
IL10	SIGLEC1	0.556
IL10	SIRPA	0.581
IL10	SOCS3	0.848
IL10	SOD2	0.436
IL10	SPI1	0.684
IL10	SRC	0.583
IL10	STAT1	0.865
IL10	STAT3	0.968
IL10	STAT6	0.907
IL10	TBX21	0.866
IL10	TGFB1	0.932
IL10	THBD	0.546
IL10	TIRAP	0.661
IL10	TLR1	0.793
IL10	TLR2	0.956
IL10	TLR3	0.778
IL10	TLR4	0.943
IL10	TLR5	0.818
IL10	TLR6	0.754
IL10	TLR7	0.782
IL10	TLR8	0.703
IL10	TLR9	0.868
IL10	TNF	0.992
IL10	TNFRSF1A	0.968
IL10	TNFRSF1B	0.843
IL10	TNFSF13B	0.708
IL10	TREM1	0.58
IL10	TREM2	0.542
IL10	TRPV1	0.487
IL10	TYROBP	0.446
IL10	VCAM1	0.726
IL10RA	IL13	0.883
IL10RA	IL15	0.873
IL10RA	IL17A	0.555
IL10RA	IL18	0.629
IL10RA	IL1A	0.466
IL10RA	IL1B	0.791
IL10RA	IL1R1	0.669
IL10RA	IL1RN	0.461
IL10RA	IL2	0.82
IL10RA	IL3	0.747
IL10RA	IL4	0.927
IL10RA	IL4R	0.802
IL10RA	IL5	0.855
IL10RA	IL6	0.956
IL10RA	IL6R	0.789
IL10RA	IRF8	0.631
IL10RA	ITGAM	0.656
IL10RA	ITGAX	0.583
IL10RA	ITGB2	0.599
IL10RA	MRC1	0.413
IL10RA	MYD88	0.484
IL10RA	NFKB1	0.539
IL10RA	NFKBIA	0.428
IL10RA	PDCD1LG2	0.684
IL10RA	PRF1	0.513
IL10RA	PTPRC	0.672
IL10RA	S1PR1	0.416
IL10RA	SELL	0.563
IL10RA	SOCS3	0.653
IL10RA	SPI1	0.484
IL10RA	STAT1	0.861
IL10RA	STAT3	0.984
IL10RA	STAT6	0.453
IL10RA	TBX21	0.557
IL10RA	TGFB1	0.658
IL10RA	TLR1	0.443
IL10RA	TLR2	0.564
IL10RA	TLR4	0.535
IL10RA	TLR7	0.492
IL10RA	TLR8	0.489
IL10RA	TLR9	0.436
IL10RA	TNF	0.864
IL10RA	TNFRSF1A	0.622
IL10RA	TNFRSF1B	0.726
IL10RA	TNFSF13B	0.432
IL10RA	TYROBP	0.583
IL10RA	VSIG4	0.448
IL13	IL15	0.871
IL13	IL17A	0.94
IL13	IL17F	0.842
IL13	IL18	0.916
IL13	IL1A	0.943
IL13	IL1B	0.953
IL13	IL1R1	0.761
IL13	IL1RN	0.702
IL13	IL2	0.934
IL13	IL3	0.891
IL13	IL31	0.837
IL13	IL33	0.937
IL13	IL3RA	0.8
IL13	IL4	0.993
IL13	IL4R	0.999
IL13	IL5	0.991
IL13	IL6	0.957
IL13	IL6R	0.92
IL13	ITGAE	0.608
IL13	ITGAM	0.828
IL13	ITGAX	0.824
IL13	ITGB2	0.618
IL13	JUN	0.544
IL13	LGALS3	0.443
IL13	MMP3	0.481
IL13	MMP9	0.759
IL13	MOG	0.423
IL13	MPO	0.512
IL13	MRC1	0.84
IL13	MSR1	0.476
IL13	MYD88	0.728
IL13	NFKB1	0.584
IL13	NFKBIA	0.477
IL13	NGF	0.516
IL13	NLRP3	0.481
IL13	NOS2	0.622
IL13	OCLN	0.521
IL13	PDCD1LG2	0.681
IL13	PECAM1	0.449
IL13	PRF1	0.6
IL13	PTGS2	0.577
IL13	PTPRC	0.694
IL13	RETNLB	0.662
IL13	SCARB1	0.447
IL13	SCARB2	0.447
IL13	SELE	0.481
IL13	SELL	0.595
IL13	SELP	0.457
IL13	SIRPA	0.424
IL13	SOCS3	0.517
IL13	SPI1	0.436
IL13	SRC	0.4
IL13	STAT1	0.875
IL13	STAT3	0.843
IL13	STAT6	0.971
IL13	TBX21	0.852
IL13	TGFB1	0.816
IL13	TLR1	0.505
IL13	TLR2	0.702
IL13	TLR3	0.599
IL13	TLR4	0.806
IL13	TLR5	0.454
IL13	TLR6	0.462
IL13	TLR7	0.579
IL13	TLR8	0.431
IL13	TLR9	0.613
IL13	TNF	0.957
IL13	TNFRSF1A	0.66
IL13	TNFRSF1B	0.416
IL13	TNFSF13B	0.511
IL13	TREM2	0.41
IL13	VCAM1	0.74
IL15	IL17A	0.916
IL15	IL17F	0.679
IL15	IL18	0.865
IL15	IL1A	0.876
IL15	IL1B	0.872
IL15	IL1R1	0.731
IL15	IL1RN	0.514
IL15	IL2	0.958
IL15	IL3	0.728
IL15	IL31	0.543
IL15	IL33	0.748
IL15	IL3RA	0.824
IL15	IL4	0.915
IL15	IL4R	0.88
IL15	IL5	0.821
IL15	IL6	0.884
IL15	IL6R	0.894
IL15	ITGAE	0.629
IL15	ITGAM	0.645
IL15	ITGAX	0.616
IL15	ITGB2	0.435
IL15	JUN	0.59
IL15	LY75	0.669
IL15	MMP9	0.479
IL15	MYD88	0.538
IL15	NFKB1	0.519
IL15	NFKBIA	0.404
IL15	NGF	0.406
IL15	PDCD1LG2	0.587
IL15	PECAM1	0.428
IL15	PRF1	0.845
IL15	PTGS2	0.435
IL15	PTPRC	0.689
IL15	S1PR1	0.469
IL15	SELE	0.405
IL15	SELL	0.717
IL15	SOCS3	0.628
IL15	STAT1	0.753
IL15	STAT3	0.807
IL15	STAT6	0.518
IL15	TBX21	0.885
IL15	TGFB1	0.606
IL15	TLR1	0.462
IL15	TLR2	0.627
IL15	TLR3	0.675
IL15	TLR4	0.656
IL15	TLR5	0.424
IL15	TLR7	0.625
IL15	TLR8	0.538
IL15	TLR9	0.57
IL15	TNF	0.885
IL15	TNFRSF1A	0.71
IL15	TNFRSF1B	0.472
IL15	TNFSF13B	0.746
IL15	TYROBP	0.456
IL15	VCAM1	0.527
IL17A	IL17F	0.994
IL17A	IL18	0.835
IL17A	IL1A	0.929
IL17A	IL1B	0.962
IL17A	IL1R1	0.723
IL17A	IL1RN	0.698
IL17A	IL2	0.984
IL17A	IL3	0.757
IL17A	IL31	0.782
IL17A	IL33	0.852
IL17A	IL3RA	0.436
IL17A	IL4	0.959
IL17A	IL4R	0.724
IL17A	IL5	0.939
IL17A	IL6	0.98
IL17A	IL6R	0.63
IL17A	IRF8	0.44
IL17A	ITGAE	0.713
IL17A	ITGAM	0.783
IL17A	ITGAX	0.867
IL17A	ITGB2	0.454
IL17A	JUN	0.582
IL17A	LBP	0.546
IL17A	LGALS3	0.615
IL17A	LY75	0.543
IL17A	LY96	0.407
IL17A	MBL2	0.412
IL17A	MBP	0.548
IL17A	MMP3	0.763
IL17A	MMP9	0.814
IL17A	MOG	0.856
IL17A	MPO	0.674
IL17A	MRC1	0.576
IL17A	MYD88	0.824
IL17A	NFE2L2	0.418
IL17A	NFKB1	0.791
IL17A	NFKBIA	0.732
IL17A	NGF	0.508
IL17A	NLRP3	0.612
IL17A	NOS2	0.542
IL17A	OCLN	0.541
IL17A	PDCD1LG2	0.56
IL17A	PECAM1	0.506
IL17A	PRF1	0.714
IL17A	PTGS2	0.642
IL17A	PTPRC	0.782
IL17A	RETNLB	0.52
IL17A	S1PR1	0.44
IL17A	SCARB1	0.438
IL17A	SCARB2	0.43
IL17A	SELE	0.577
IL17A	SELL	0.744
IL17A	SELP	0.534
IL17A	SIRPA	0.402
IL17A	SOCS3	0.772
IL17A	SPI1	0.418
IL17A	SRC	0.473
IL17A	STAT1	0.819
IL17A	STAT3	0.944
IL17A	STAT6	0.877
IL17A	TBX21	0.937
IL17A	TGFB1	0.903
IL17A	TLR1	0.528
IL17A	TLR2	0.766
IL17A	TLR3	0.656
IL17A	TLR4	0.867
IL17A	TLR5	0.591
IL17A	TLR6	0.447
IL17A	TLR7	0.685
IL17A	TLR8	0.547
IL17A	TLR9	0.669
IL17A	TNF	0.958
IL17A	TNFRSF1A	0.826
IL17A	TNFRSF1B	0.65
IL17A	TNFSF13B	0.661
IL17A	TREM1	0.447
IL17A	VCAM1	0.621
IL17F	IL18	0.578
IL17F	IL1A	0.792
IL17F	IL1B	0.899
IL17F	IL1R1	0.522
IL17F	IL2	0.754
IL17F	IL3	0.546
IL17F	IL31	0.593
IL17F	IL33	0.593
IL17F	IL4	0.766
IL17F	IL5	0.845
IL17F	IL6	0.934
IL17F	IL6R	0.46
IL17F	ITGAM	0.471
IL17F	ITGAX	0.458
IL17F	LBP	0.435
IL17F	MMP3	0.62
IL17F	MMP9	0.607
IL17F	MOG	0.45
IL17F	MYD88	0.438
IL17F	NFKB1	0.409
IL17F	PRF1	0.403
IL17F	PTPRC	0.479
IL17F	SELL	0.444
IL17F	SOCS3	0.404
IL17F	STAT1	0.633
IL17F	STAT3	0.868
IL17F	STAT6	0.767
IL17F	TBX21	0.843
IL17F	TGFB1	0.801
IL17F	TLR2	0.463
IL17F	TLR4	0.434
IL17F	TLR7	0.411
IL17F	TNF	0.832
IL17F	TNFRSF1A	0.566
IL17F	TNFRSF1B	0.503
IL17F	TNFSF13B	0.428
IL18	IL1A	0.997
IL18	IL1B	0.99
IL18	IL1R1	0.965
IL18	IL1RN	0.779
IL18	IL2	0.815
IL18	IL3	0.826
IL18	IL31	0.507
IL18	IL33	0.869
IL18	IL4	0.897
IL18	IL4R	0.478
IL18	IL5	0.786
IL18	IL6	0.97
IL18	IL6R	0.69
IL18	IRF8	0.416
IL18	ITGAE	0.509
IL18	ITGAM	0.632
IL18	ITGAX	0.596
IL18	ITGB2	0.428
IL18	JUN	0.952
IL18	LY96	0.488
IL18	MMP3	0.489
IL18	MMP9	0.615
IL18	MPO	0.583
IL18	MRC1	0.687
IL18	MYD88	0.961
IL18	NFE2L2	0.474
IL18	NFKB1	0.979
IL18	NFKBIA	0.584
IL18	NGF	0.476
IL18	NLRP3	0.946
IL18	NOS2	0.479
IL18	OCLN	0.46
IL18	PRF1	0.669
IL18	PTGS2	0.714
IL18	PTPRC	0.6
IL18	RETNLB	0.522
IL18	SCARB1	0.479
IL18	SCARB2	0.478
IL18	SELE	0.533
IL18	SELL	0.523
IL18	SELP	0.464
IL18	SOCS3	0.453
IL18	SPI1	0.413
IL18	SRC	0.405
IL18	STAT1	0.607
IL18	STAT3	0.806
IL18	STAT6	0.483
IL18	TBX21	0.649
IL18	TGFB1	0.628
IL18	TIRAP	0.505
IL18	TLR1	0.606
IL18	TLR2	0.847
IL18	TLR3	0.794
IL18	TLR4	0.908
IL18	TLR5	0.767
IL18	TLR6	0.53
IL18	TLR7	0.685
IL18	TLR8	0.614
IL18	TLR9	0.808
IL18	TNF	0.961
IL18	TNFRSF1A	0.603
IL18	TNFRSF1B	0.45
IL18	TNFSF13B	0.515
IL18	TREM1	0.408
IL18	TREM2	0.528
IL18	TYROBP	0.44
IL18	VCAM1	0.609
IL1A	IL1B	0.999
IL1A	IL1R1	0.999
IL1A	IL1RN	0.99
IL1A	IL2	0.997
IL1A	IL3	0.994
IL1A	IL31	0.541
IL1A	IL33	0.82
IL1A	IL4	0.995
IL1A	IL4R	0.688
IL1A	IL5	0.918
IL1A	IL6	0.989
IL1A	IL6R	0.823
IL1A	ITGAE	0.463
IL1A	ITGAM	0.7
IL1A	ITGAX	0.621
IL1A	ITGB2	0.552
IL1A	JUN	0.944
IL1A	LGALS3	0.455
IL1A	LY75	0.53
IL1A	LY96	0.533
IL1A	MBL2	0.431
IL1A	MMP3	0.807
IL1A	MMP9	0.734
IL1A	MOG	0.401
IL1A	MPO	0.715
IL1A	MRC1	0.596
IL1A	MYD88	0.997
IL1A	NFE2L2	0.491
IL1A	NFKB1	0.946
IL1A	NFKBIA	0.839
IL1A	NGF	0.608
IL1A	NLRP3	0.845
IL1A	NOS2	0.62
IL1A	OCLN	0.45
IL1A	PDCD1LG2	0.674
IL1A	PECAM1	0.533
IL1A	PRF1	0.567
IL1A	PTGS2	0.823
IL1A	PTPRC	0.764
IL1A	PTX3	0.464
IL1A	RETNLB	0.594
IL1A	SCARB1	0.532
IL1A	SCARB2	0.507
IL1A	SELE	0.722
IL1A	SELL	0.558
IL1A	SELP	0.622
IL1A	SOCS3	0.566
IL1A	SOD2	0.648
IL1A	SPI1	0.416
IL1A	SRC	0.517
IL1A	STAT1	0.741
IL1A	STAT3	0.861
IL1A	STAT6	0.518
IL1A	TBX21	0.507
IL1A	TGFB1	0.764
IL1A	THBD	0.491
IL1A	TIRAP	0.678
IL1A	TLR1	0.607
IL1A	TLR2	0.87
IL1A	TLR3	0.807
IL1A	TLR4	0.974
IL1A	TLR5	0.841
IL1A	TLR6	0.555
IL1A	TLR7	0.766
IL1A	TLR8	0.559
IL1A	TLR9	0.897
IL1A	TNF	0.994
IL1A	TNFRSF1A	0.934
IL1A	TNFRSF1B	0.77
IL1A	TNFSF13B	0.543
IL1A	TREM1	0.662
IL1A	TREM2	0.478
IL1A	VCAM1	0.72
IL1B	IL1R1	0.999
IL1B	IL1RN	0.968
IL1B	IL2	0.999
IL1B	IL3	0.977
IL1B	IL31	0.581
IL1B	IL33	0.89
IL1B	IL3RA	0.46
IL1B	IL4	0.998
IL1B	IL4R	0.746
IL1B	IL5	0.998
IL1B	IL6	0.996
IL1B	IL6R	0.975
IL1B	IRF8	0.559
IL1B	ITGAE	0.597
IL1B	ITGAM	0.853
IL1B	ITGAX	0.805
IL1B	ITGB2	0.786
IL1B	JUN	0.987
IL1B	LBP	0.674
IL1B	LGALS3	0.655
IL1B	LY75	0.404
IL1B	LY96	0.723
IL1B	MBL2	0.537
IL1B	MBP	0.589
IL1B	MMP3	0.832
IL1B	MMP9	0.949
IL1B	MOG	0.574
IL1B	MPO	0.86
IL1B	MRC1	0.812
IL1B	MSR1	0.521
IL1B	MYD88	0.999
IL1B	NFE2L2	0.749
IL1B	NFKB1	0.996
IL1B	NFKBIA	0.945
IL1B	NGF	0.728
IL1B	NLRP3	0.997
IL1B	NOS2	0.803
IL1B	OCLN	0.802
IL1B	P2RX3	0.407
IL1B	PDCD1LG2	0.582
IL1B	PECAM1	0.701
IL1B	PRF1	0.664
IL1B	PTGS2	0.974
IL1B	PTPRC	0.807
IL1B	PTX3	0.601
IL1B	RETNLB	0.727
IL1B	SCARB1	0.714
IL1B	SCARB2	0.712
IL1B	SELE	0.804
IL1B	SELL	0.714
IL1B	SELP	0.746
IL1B	SIGLEC1	0.525
IL1B	SIRPA	0.532
IL1B	SOCS3	0.819
IL1B	SOD2	0.806
IL1B	SPI1	0.626
IL1B	SRC	0.653
IL1B	STAT1	0.846
IL1B	STAT3	0.938
IL1B	STAT6	0.694
IL1B	TBX21	0.782
IL1B	TGFB1	0.932
IL1B	THBD	0.629
IL1B	TIRAP	0.744
IL1B	TLR1	0.842
IL1B	TLR2	0.969
IL1B	TLR3	0.871
IL1B	TLR4	0.986
IL1B	TLR5	0.83
IL1B	TLR6	0.694
IL1B	TLR7	0.865
IL1B	TLR8	0.746
IL1B	TLR9	0.975
IL1B	TNF	0.998
IL1B	TNFRSF1A	0.997
IL1B	TNFRSF1B	0.914
IL1B	TNFSF13B	0.656
IL1B	TREM1	0.739
IL1B	TREM2	0.668
IL1B	TRPA1	0.518
IL1B	TRPV1	0.621
IL1B	TYROBP	0.579
IL1B	VCAM1	0.83
IL1R1	IL1RN	0.999
IL1R1	IL2	0.749
IL1R1	IL3	0.622
IL1R1	IL33	0.99
IL1R1	IL4	0.804
IL1R1	IL4R	0.699
IL1R1	IL5	0.803
IL1R1	IL6	0.997
IL1R1	IL6R	0.834
IL1R1	ITGAM	0.589
IL1R1	ITGAX	0.54
IL1R1	JUN	0.603
IL1R1	LY96	0.515
IL1R1	MMP3	0.4
IL1R1	MMP9	0.492
IL1R1	MRC1	0.444
IL1R1	MYD88	0.999
IL1R1	NFKB1	0.817
IL1R1	NFKBIA	0.694
IL1R1	NLRP3	0.806
IL1R1	PTGS2	0.569
IL1R1	PTPRC	0.51
IL1R1	SELE	0.406
IL1R1	SOCS3	0.493
IL1R1	SRC	0.541
IL1R1	STAT1	0.567
IL1R1	STAT3	0.807
IL1R1	STAT6	0.441
IL1R1	TBX21	0.486
IL1R1	TGFB1	0.514
IL1R1	TIRAP	0.986
IL1R1	TLR1	0.763
IL1R1	TLR2	0.867
IL1R1	TLR3	0.832
IL1R1	TLR4	0.944
IL1R1	TLR5	0.838
IL1R1	TLR6	0.657
IL1R1	TLR7	0.762
IL1R1	TLR8	0.675
IL1R1	TLR9	0.801
IL1R1	TNF	0.996
IL1R1	TNFRSF1A	0.921
IL1R1	TNFRSF1B	0.703
IL1R1	TNFSF13B	0.439
IL1R1	VCAM1	0.452
IL1RN	IL2	0.573
IL1RN	IL33	0.619
IL1RN	IL4	0.74
IL1RN	IL4R	0.471
IL1RN	IL5	0.657
IL1RN	IL6	0.925
IL1RN	IL6R	0.612
IL1RN	ITGAM	0.484
IL1RN	MMP3	0.451
IL1RN	MMP9	0.575
IL1RN	MPO	0.408
IL1RN	MRC1	0.438
IL1RN	MS4A1	0.445
IL1RN	MYD88	0.667
IL1RN	NFKB1	0.623
IL1RN	NFKBIA	0.428
IL1RN	NLRP3	0.786
IL1RN	NOS2	0.408
IL1RN	PDCD1LG2	0.421
IL1RN	PTGS2	0.574
IL1RN	SOCS3	0.48
IL1RN	STAT1	0.431
IL1RN	STAT3	0.701
IL1RN	TGFB1	0.534
IL1RN	TIRAP	0.521
IL1RN	TLR1	0.437
IL1RN	TLR2	0.578
IL1RN	TLR4	0.752
IL1RN	TLR5	0.6
IL1RN	TLR8	0.423
IL1RN	TNF	0.844
IL1RN	TNFRSF1A	0.593
IL1RN	TNFRSF1B	0.813
IL1RN	TNFSF13B	0.408
IL1RN	TREM1	0.651
IL2	IL3	0.998
IL2	IL31	0.57
IL2	IL33	0.825
IL2	IL3RA	0.898
IL2	IL4	0.999
IL2	IL4R	0.932
IL2	IL5	0.999
IL2	IL6	0.999
IL2	IL6R	0.9
IL2	ITGAE	0.665
IL2	ITGAM	0.721
IL2	ITGAX	0.729
IL2	ITGB2	0.53
IL2	JUN	0.734
IL2	LGALS3	0.413
IL2	LY75	0.625
IL2	MBP	0.57
IL2	MMP3	0.471
IL2	MMP9	0.601
IL2	MOG	0.621
IL2	MPO	0.514
IL2	MRC1	0.517
IL2	MYD88	0.714
IL2	NEFL	0.532
IL2	NFKB1	0.804
IL2	NFKBIA	0.585
IL2	NGF	0.507
IL2	NLRP3	0.478
IL2	NOS2	0.53
IL2	PDCD1LG2	0.699
IL2	PECAM1	0.532
IL2	PRF1	0.899
IL2	PTGS2	0.607
IL2	PTPRC	0.794
IL2	S1PR1	0.446
IL2	SELE	0.579
IL2	SELL	0.82
IL2	SELP	0.53
IL2	SIRPA	0.46
IL2	SOCS3	0.514
IL2	SRC	0.571
IL2	STAT1	0.797
IL2	STAT3	0.828
IL2	STAT6	0.826
IL2	TBX21	0.868
IL2	TGFB1	0.763
IL2	THBD	0.411
IL2	TLR1	0.491
IL2	TLR2	0.67
IL2	TLR3	0.766
IL2	TLR4	0.731
IL2	TLR5	0.666
IL2	TLR6	0.411
IL2	TLR7	0.647
IL2	TLR8	0.532
IL2	TLR9	0.777
IL2	TNF	0.957
IL2	TNFRSF1A	0.74
IL2	TNFRSF1B	0.528
IL2	TNFSF13B	0.595
IL2	TYROBP	0.432
IL2	VCAM1	0.624
IL2	VSIG4	0.489
IL3	IL31	0.448
IL3	IL33	0.6
IL3	IL3RA	0.999
IL3	IL4	0.981
IL3	IL4R	0.798
IL3	IL5	0.999
IL3	IL6	0.998
IL3	IL6R	0.778
IL3	ITGAM	0.629
IL3	ITGAX	0.576
IL3	JUN	0.433
IL3	MMP9	0.4
IL3	MPO	0.418
IL3	NFKB1	0.412
IL3	NGF	0.642
IL3	PECAM1	0.453
IL3	PTPRC	0.701
IL3	SCARB1	0.417
IL3	SCARB2	0.416
IL3	SELL	0.629
IL3	SIRPA	0.454
IL3	SPI1	0.572
IL3	SRC	0.505
IL3	STAT1	0.639
IL3	STAT3	0.711
IL3	STAT6	0.487
IL3	TBX21	0.404
IL3	TGFB1	0.523
IL3	TLR2	0.416
IL3	TLR4	0.482
IL3	TLR7	0.4
IL3	TLR9	0.431
IL3	TNF	0.852
IL3	VCAM1	0.479
IL31	IL33	0.72
IL31	IL4	0.729
IL31	IL4R	0.506
IL31	IL5	0.712
IL31	IL6	0.621
IL31	IL6R	0.583
IL31	NGF	0.636
IL31	RETNLB	0.538
IL31	STAT1	0.542
IL31	STAT3	0.596
IL31	TNF	0.709
IL31	TRPA1	0.696
IL31	TRPV1	0.681
IL33	IL3RA	0.554
IL33	IL4	0.908
IL33	IL4R	0.769
IL33	IL5	0.938
IL33	IL6	0.798
IL33	IL6R	0.606
IL33	ITGAE	0.541
IL33	ITGAM	0.604
IL33	ITGAX	0.598
IL33	LGALS3	0.444
IL33	LY96	0.514
IL33	MMP9	0.485
IL33	MPO	0.43
IL33	MRC1	0.512
IL33	MYD88	0.954
IL33	NFKB1	0.679
IL33	NLRP3	0.586
IL33	PRF1	0.432
IL33	PTGS2	0.472
IL33	PTPRC	0.592
IL33	RETNLB	0.445
IL33	SELE	0.444
IL33	SELL	0.436
IL33	STAT1	0.542
IL33	STAT3	0.569
IL33	STAT6	0.609
IL33	TBX21	0.608
IL33	TGFB1	0.583
IL33	TLR2	0.814
IL33	TLR3	0.536
IL33	TLR4	0.843
IL33	TLR5	0.412
IL33	TLR7	0.562
IL33	TLR9	0.658
IL33	TNF	0.77
IL33	TNFRSF1A	0.403
IL33	TNFSF13B	0.502
IL33	VCAM1	0.502
IL3RA	IL4	0.839
IL3RA	IL5	0.937
IL3RA	IL6	0.889
IL3RA	IRF8	0.476
IL3RA	ITGAE	0.584
IL3RA	ITGAM	0.752
IL3RA	ITGAX	0.878
IL3RA	LY75	0.45
IL3RA	MPO	0.584
IL3RA	MS4A1	0.563
IL3RA	MYD88	0.54
IL3RA	PRF1	0.434
IL3RA	PTPRC	0.749
IL3RA	SCARB1	0.591
IL3RA	SCARB2	0.594
IL3RA	SELL	0.484
IL3RA	SIRPA	0.462
IL3RA	TBX21	0.403
IL3RA	THBD	0.818
IL3RA	TLR2	0.416
IL3RA	TLR4	0.444
IL3RA	TLR7	0.604
IL3RA	TLR8	0.65
IL3RA	TLR9	0.586
IL3RA	TNF	0.556
IL4	IL4R	0.999
IL4	IL5	0.988
IL4	IL6	0.986
IL4	IL6R	0.905
IL4	IRF8	0.559
IL4	ITGAE	0.656
IL4	ITGAM	0.794
IL4	ITGAX	0.815
IL4	ITGB2	0.52
IL4	JUN	0.608
IL4	LGALS3	0.512
IL4	LY75	0.672
IL4	LY96	0.416
IL4	MBL2	0.424
IL4	MBP	0.574
IL4	MMP3	0.655
IL4	MMP9	0.687
IL4	MOG	0.747
IL4	MPO	0.601
IL4	MRC1	0.874
IL4	MSR1	0.523
IL4	MYD88	0.797
IL4	NEFL	0.514
IL4	NFE2L2	0.568
IL4	NFKB1	0.8
IL4	NFKBIA	0.588
IL4	NGF	0.585
IL4	NLRP3	0.546
IL4	NOS2	0.674
IL4	OCLN	0.474
IL4	PDCD1LG2	0.654
IL4	PECAM1	0.523
IL4	PRF1	0.699
IL4	PTGS2	0.764
IL4	PTPRC	0.79
IL4	RETNLB	0.667
IL4	SCARB1	0.571
IL4	SCARB2	0.571
IL4	SELE	0.602
IL4	SELL	0.754
IL4	SELP	0.659
IL4	SIGLEC1	0.445
IL4	SIRPA	0.522
IL4	SOCS3	0.727
IL4	SPI1	0.572
IL4	SRC	0.509
IL4	STAT1	0.891
IL4	STAT3	0.92
IL4	STAT6	0.997
IL4	TBX21	0.887
IL4	TGFB1	0.852
IL4	THBD	0.449
IL4	TLR1	0.7
IL4	TLR2	0.834
IL4	TLR3	0.667
IL4	TLR4	0.869
IL4	TLR5	0.573
IL4	TLR6	0.657
IL4	TLR7	0.672
IL4	TLR8	0.536
IL4	TLR9	0.78
IL4	TNF	0.977
IL4	TNFRSF1A	0.582
IL4	TNFRSF1B	0.477
IL4	TNFSF13B	0.666
IL4	TREM2	0.512
IL4	TRPV1	0.402
IL4	VCAM1	0.666
IL4R	IL5	0.933
IL4R	IL6	0.937
IL4R	IL6R	0.828
IL4R	IRF8	0.402
IL4R	ITGAM	0.63
IL4R	ITGAX	0.568
IL4R	MRC1	0.598
IL4R	MYD88	0.468
IL4R	NFKB1	0.453
IL4R	NOS2	0.444
IL4R	PDCD1LG2	0.415
IL4R	PTPRC	0.574
IL4R	RETNLB	0.516
IL4R	SCN10A	0.412
IL4R	SELL	0.423
IL4R	SOCS3	0.543
IL4R	STAT1	0.778
IL4R	STAT3	0.809
IL4R	STAT6	0.999
IL4R	TBX21	0.665
IL4R	TGFB1	0.557
IL4R	TLR2	0.531
IL4R	TLR4	0.547
IL4R	TLR9	0.426
IL4R	TNF	0.645
IL4R	TNFRSF1A	0.475
IL4R	TNFRSF1B	0.541
IL4R	TREM2	0.421
IL4R	VCAM1	0.411
IL5	IL6	0.977
IL5	IL6R	0.793
IL5	ITGAE	0.565
IL5	ITGAM	0.672
IL5	ITGAX	0.675
IL5	JUN	0.476
IL5	MMP3	0.531
IL5	MMP9	0.532
IL5	MOG	0.444
IL5	MPO	0.523
IL5	MRC1	0.446
IL5	MYD88	0.698
IL5	NFKB1	0.527
IL5	NFKBIA	0.405
IL5	NGF	0.48
IL5	NOS2	0.432
IL5	PDCD1LG2	0.585
IL5	PRF1	0.586
IL5	PTGS2	0.466
IL5	PTPRC	0.666
IL5	RETNLB	0.473
IL5	SELE	0.475
IL5	SELL	0.595
IL5	SELP	0.411
IL5	SOCS3	0.598
IL5	SPI1	0.43
IL5	STAT1	0.646
IL5	STAT3	0.595
IL5	STAT6	0.833
IL5	TBX21	0.839
IL5	TGFB1	0.67
IL5	TLR1	0.421
IL5	TLR2	0.609
IL5	TLR3	0.561
IL5	TLR4	0.677
IL5	TLR5	0.427
IL5	TLR7	0.536
IL5	TLR9	0.573
IL5	TNF	0.93
IL5	TNFRSF1A	0.446
IL5	TNFSF13B	0.542
IL5	VCAM1	0.582
IL6	IL6R	0.999
IL6	IRF8	0.544
IL6	ITGAE	0.608
IL6	ITGAM	0.897
IL6	ITGAX	0.797
IL6	ITGB2	0.64
IL6	JUN	0.989
IL6	LBP	0.86
IL6	LGALS3	0.768
IL6	LY75	0.44
IL6	LY96	0.713
IL6	MBL2	0.512
IL6	MBP	0.659
IL6	MMP3	0.887
IL6	MMP9	0.959
IL6	MOG	0.628
IL6	MPO	0.872
IL6	MRC1	0.782
IL6	MSR1	0.534
IL6	MYD88	0.949
IL6	NEFL	0.445
IL6	NFE2L2	0.812
IL6	NFKB1	0.994
IL6	NFKBIA	0.927
IL6	NGF	0.747
IL6	NLRP3	0.86
IL6	NOS2	0.781
IL6	OCLN	0.727
IL6	PDCD1LG2	0.673
IL6	PECAM1	0.709
IL6	PRF1	0.671
IL6	PTGS2	0.96
IL6	PTPRC	0.86
IL6	PTX3	0.806
IL6	RETNLB	0.821
IL6	S1PR1	0.638
IL6	SCARB1	0.71
IL6	SCARB2	0.709
IL6	SELE	0.884
IL6	SELL	0.722
IL6	SELP	0.827
IL6	SIGLEC1	0.528
IL6	SIRPA	0.511
IL6	SOCS3	0.947
IL6	SOD2	0.654
IL6	SPI1	0.547
IL6	SRC	0.787
IL6	STAT1	0.972
IL6	STAT3	0.984
IL6	STAT6	0.906
IL6	TBX21	0.829
IL6	TGFB1	0.96
IL6	THBD	0.651
IL6	TIRAP	0.603
IL6	TLR1	0.889
IL6	TLR2	0.942
IL6	TLR3	0.889
IL6	TLR4	0.973
IL6	TLR5	0.824
IL6	TLR6	0.863
IL6	TLR7	0.888
IL6	TLR8	0.821
IL6	TLR9	0.895
IL6	TNF	0.994
IL6	TNFRSF1A	0.997
IL6	TNFRSF1B	0.847
IL6	TNFSF13B	0.74
IL6	TREM1	0.63
IL6	TREM2	0.663
IL6	TRPA1	0.474
IL6	TRPV1	0.643
IL6	TYROBP	0.451
IL6	VCAM1	0.921
IL6R	ITGAM	0.465
IL6R	ITGAX	0.433
IL6R	MMP3	0.511
IL6R	MMP9	0.487
IL6R	MYD88	0.631
IL6R	NFKB1	0.496
IL6R	PTGS2	0.478
IL6R	PTPRC	0.527
IL6R	S1PR1	0.555
IL6R	SELL	0.45
IL6R	SOCS3	0.936
IL6R	SRC	0.937
IL6R	STAT1	0.791
IL6R	STAT3	0.993
IL6R	STAT6	0.714
IL6R	TBX21	0.473
IL6R	TGFB1	0.615
IL6R	TLR1	0.616
IL6R	TLR2	0.481
IL6R	TLR4	0.712
IL6R	TLR9	0.487
IL6R	TNF	0.982
IL6R	TNFRSF1A	0.916
IL6R	TNFRSF1B	0.822
IL6R	TNFSF13B	0.465
IL6R	VCAM1	0.603
IRF8	ITGAE	0.65
IRF8	ITGAM	0.733
IRF8	ITGAX	0.657
IRF8	ITGB2	0.539
IRF8	JUN	0.643
IRF8	LY75	0.519
IRF8	MMP9	0.459
IRF8	MRC1	0.468
IRF8	MS4A1	0.498
IRF8	MYD88	0.705
IRF8	NFKB1	0.701
IRF8	NFKBIA	0.402
IRF8	PTPRC	0.726
IRF8	SCARB1	0.462
IRF8	SCARB2	0.471
IRF8	SELL	0.448
IRF8	SIGLEC1	0.405
IRF8	SIRPA	0.607
IRF8	SOCS3	0.41
IRF8	SPI1	0.999
IRF8	STAT1	0.904
IRF8	STAT3	0.711
IRF8	STAT6	0.503
IRF8	TBX21	0.716
IRF8	THBD	0.566
IRF8	TLR1	0.411
IRF8	TLR2	0.536
IRF8	TLR3	0.548
IRF8	TLR4	0.559
IRF8	TLR7	0.671
IRF8	TLR8	0.61
IRF8	TLR9	0.539
IRF8	TNF	0.745
IRF8	TNFSF13B	0.465
IRF8	TREM2	0.504
IRF8	TYROBP	0.714
IRF8	VCAM1	0.482
ITGAE	ITGAM	0.65
ITGAE	ITGAX	0.66
ITGAE	ITGB2	0.762
ITGAE	LY75	0.662
ITGAE	MOG	0.477
ITGAE	MRC1	0.52
ITGAE	MYD88	0.533
ITGAE	PDCD1LG2	0.494
ITGAE	PECAM1	0.438
ITGAE	PRF1	0.62
ITGAE	PTPRC	0.812
ITGAE	S1PR1	0.629
ITGAE	SELL	0.848
ITGAE	SIGLEC1	0.468
ITGAE	SIRPA	0.64
ITGAE	SRC	0.707
ITGAE	STAT3	0.433
ITGAE	TBX21	0.694
ITGAE	TGFB1	0.516
ITGAE	THBD	0.644
ITGAE	TLR2	0.644
ITGAE	TLR3	0.515
ITGAE	TLR4	0.522
ITGAE	TLR5	0.517
ITGAE	TLR7	0.514
ITGAE	TLR9	0.511
ITGAE	TNF	0.654
ITGAE	VCAM1	0.602
ITGAM	ITGAX	0.729
ITGAM	ITGB2	0.999
ITGAM	JUN	0.474
ITGAM	LBP	0.586
ITGAM	LGALS3	0.571
ITGAM	LY75	0.698
ITGAM	LY96	0.495
ITGAM	MBL2	0.49
ITGAM	MBP	0.7
ITGAM	MMP9	0.713
ITGAM	MOG	0.6
ITGAM	MPO	0.823
ITGAM	MRC1	0.931
ITGAM	MSR1	0.579
ITGAM	MYD88	0.796
ITGAM	NFKB1	0.618
ITGAM	NFKBIA	0.573
ITGAM	NLRP3	0.582
ITGAM	NOS2	0.613
ITGAM	PDCD1LG2	0.617
ITGAM	PECAM1	0.836
ITGAM	PRF1	0.665
ITGAM	PTGS2	0.59
ITGAM	PTPRC	0.971
ITGAM	RETNLB	0.506
ITGAM	S1PR1	0.428
ITGAM	SCARB1	0.776
ITGAM	SCARB2	0.778
ITGAM	SELE	0.762
ITGAM	SELL	0.929
ITGAM	SELP	0.934
ITGAM	SIGLEC1	0.813
ITGAM	SIRPA	0.726
ITGAM	SOCS3	0.497
ITGAM	SPI1	0.977
ITGAM	SRC	0.811
ITGAM	STAT1	0.876
ITGAM	STAT3	0.828
ITGAM	STAT6	0.795
ITGAM	TBX21	0.717
ITGAM	TGFB1	0.687
ITGAM	THBD	0.605
ITGAM	TIRAP	0.535
ITGAM	TLR1	0.748
ITGAM	TLR2	0.893
ITGAM	TLR3	0.606
ITGAM	TLR4	0.92
ITGAM	TLR5	0.698
ITGAM	TLR6	0.426
ITGAM	TLR7	0.807
ITGAM	TLR8	0.649
ITGAM	TLR9	0.797
ITGAM	TNF	0.909
ITGAM	TNFRSF1A	0.646
ITGAM	TNFRSF1B	0.475
ITGAM	TNFSF13B	0.589
ITGAM	TREM1	0.533
ITGAM	TREM2	0.629
ITGAM	TYROBP	0.737
ITGAM	VCAM1	0.991
ITGAM	VSIG4	0.531
ITGAX	ITGB2	0.999
ITGAX	LGALS3	0.523
ITGAX	LY75	0.792
ITGAX	LY96	0.437
ITGAX	MMP9	0.53
ITGAX	MOG	0.577
ITGAX	MPO	0.543
ITGAX	MRC1	0.812
ITGAX	MSR1	0.541
ITGAX	MYD88	0.703
ITGAX	NFKB1	0.53
ITGAX	NFKBIA	0.461
ITGAX	NLRP3	0.506
ITGAX	NOS2	0.493
ITGAX	PDCD1LG2	0.62
ITGAX	PECAM1	0.732
ITGAX	PRF1	0.632
ITGAX	PTGS2	0.417
ITGAX	PTPRC	0.939
ITGAX	RETNLB	0.447
ITGAX	S1PR1	0.405
ITGAX	SCARB1	0.581
ITGAX	SCARB2	0.584
ITGAX	SELE	0.638
ITGAX	SELL	0.827
ITGAX	SELP	0.475
ITGAX	SIGLEC1	0.723
ITGAX	SIRPA	0.728
ITGAX	SOCS3	0.404
ITGAX	SPI1	0.675
ITGAX	SRC	0.769
ITGAX	STAT1	0.865
ITGAX	STAT3	0.781
ITGAX	STAT6	0.762
ITGAX	TBX21	0.743
ITGAX	TGFB1	0.624
ITGAX	THBD	0.795
ITGAX	TLR1	0.581
ITGAX	TLR2	0.763
ITGAX	TLR3	0.63
ITGAX	TLR4	0.769
ITGAX	TLR5	0.629
ITGAX	TLR6	0.428
ITGAX	TLR7	0.738
ITGAX	TLR8	0.631
ITGAX	TLR9	0.816
ITGAX	TNF	0.876
ITGAX	TNFRSF1A	0.428
ITGAX	TNFRSF1B	0.451
ITGAX	TNFSF13B	0.589
ITGAX	TREM1	0.437
ITGAX	TREM2	0.57
ITGAX	TYROBP	0.677
ITGAX	VCAM1	0.936
ITGAX	VSIG4	0.446
ITGB2	LBP	0.627
ITGB2	LGALS3	0.609
ITGB2	LY75	0.424
ITGB2	MBP	0.538
ITGB2	MMP9	0.705
ITGB2	MPO	0.841
ITGB2	MRC1	0.449
ITGB2	MSR1	0.428
ITGB2	MYD88	0.487
ITGB2	NFKB1	0.448
ITGB2	PECAM1	0.814
ITGB2	PRF1	0.679
ITGB2	PTPRC	0.87
ITGB2	SCARB1	0.785
ITGB2	SCARB2	0.781
ITGB2	SELE	0.993
ITGB2	SELL	0.976
ITGB2	SELP	0.978
ITGB2	SIGLEC1	0.4
ITGB2	SIRPA	0.536
ITGB2	SPI1	0.931
ITGB2	SRC	0.904
ITGB2	STAT1	0.692
ITGB2	STAT3	0.684
ITGB2	STAT6	0.653
ITGB2	TGFB1	0.697
ITGB2	THBD	0.575
ITGB2	TLR1	0.86
ITGB2	TLR2	0.791
ITGB2	TLR4	0.672
ITGB2	TLR7	0.66
ITGB2	TLR8	0.58
ITGB2	TLR9	0.452
ITGB2	TNF	0.727
ITGB2	TNFRSF1B	0.51
ITGB2	TNFSF13B	0.539
ITGB2	TREM1	0.411
ITGB2	TREM2	0.42
ITGB2	TYROBP	0.972
ITGB2	VCAM1	0.998
ITGB2	VSIG4	0.599
JUN	LGALS3	0.456
JUN	LY96	0.408
JUN	MBP	0.473
JUN	MMP3	0.587
JUN	MMP9	0.866
JUN	MPO	0.467
JUN	MYD88	0.756
JUN	NFE2L2	0.92
JUN	NFKB1	0.994
JUN	NFKBIA	0.908
JUN	NGF	0.652
JUN	NLRP3	0.488
JUN	NOS2	0.534
JUN	OCLN	0.461
JUN	PECAM1	0.438
JUN	PTGS2	0.866
JUN	PTPRC	0.582
JUN	SCARB1	0.688
JUN	SCARB2	0.448
JUN	SELE	0.483
JUN	SOCS3	0.634
JUN	SOD2	0.456
JUN	SOX10	0.46
JUN	SPI1	0.993
JUN	SRC	0.974
JUN	STAT1	0.91
JUN	STAT3	0.995
JUN	STAT6	0.652
JUN	STMN2	0.582
JUN	TGFB1	0.722
JUN	TIRAP	0.474
JUN	TLR2	0.611
JUN	TLR3	0.535
JUN	TLR4	0.741
JUN	TLR7	0.453
JUN	TLR9	0.474
JUN	TNF	0.989
JUN	TNFRSF1A	0.729
JUN	VCAM1	0.581
KCNA1	MBP	0.403
KCNA1	NEFL	0.404
KCNA1	NFASC	0.64
KCNA1	SCN10A	0.54
KCNA1	SCN8A	0.85
KCNA1	SCN9A	0.565
LBP	LY96	0.979
LBP	MMP3	0.462
LBP	MMP9	0.498
LBP	MYD88	0.424
LBP	STAT3	0.606
LBP	STAT6	0.523
LBP	TGFB1	0.503
LBP	TLR2	0.712
LBP	TLR4	0.979
LBP	TNF	0.689
LGALS3	MMP3	0.417
LGALS3	MMP9	0.824
LGALS3	MPO	0.443
LGALS3	MRC1	0.541
LGALS3	MSR1	0.541
LGALS3	MYD88	0.439
LGALS3	NFKB1	0.619
LGALS3	PDCD1LG2	0.402
LGALS3	PECAM1	0.684
LGALS3	PTGS2	0.417
LGALS3	PTPRC	0.983
LGALS3	PTX3	0.415
LGALS3	SCARB1	0.639
LGALS3	SCARB2	0.646
LGALS3	SELE	0.411
LGALS3	SELP	0.535
LGALS3	SIGLEC1	0.418
LGALS3	SRC	0.635
LGALS3	STAT3	0.449
LGALS3	TGFB1	0.686
LGALS3	TLR2	0.948
LGALS3	TLR4	0.938
LGALS3	TNF	0.626
LGALS3	TREM2	0.821
LGALS3	TYROBP	0.422
LGALS3	VCAM1	0.805
LY75	MYD88	0.4
LY75	PRF1	0.59
LY75	PTPRC	0.689
LY75	SELL	0.448
LY75	SIGLEC1	0.467
LY75	SIRPA	0.595
LY75	THBD	0.609
LY75	TLR1	0.435
LY75	TLR2	0.494
LY75	TLR3	0.58
LY75	TLR4	0.686
LY75	TLR5	0.405
LY75	TLR7	0.562
LY75	TLR8	0.445
LY75	TLR9	0.675
LY75	TNF	0.512
LY96	MMP9	0.515
LY96	MSR1	0.456
LY96	MYD88	0.999
LY96	NFKB1	0.725
LY96	NFKBIA	0.579
LY96	NLRP3	0.499
LY96	PTGS2	0.468
LY96	PTPRC	0.403
LY96	SARM1	0.696
LY96	SCARB1	0.464
LY96	SCARB2	0.471
LY96	SOCS3	0.576
LY96	STAT1	0.621
LY96	TIRAP	0.981
LY96	TLR1	0.957
LY96	TLR2	0.997
LY96	TLR3	0.705
LY96	TLR4	0.999
LY96	TLR5	0.888
LY96	TLR6	0.867
LY96	TLR7	0.693
LY96	TLR8	0.69
LY96	TLR9	0.808
LY96	TNF	0.716
LY96	TNFSF13B	0.483
MBL2	MRC1	0.544
MBL2	PTX3	0.972
MBL2	SIRPA	0.474
MBL2	TGFB1	0.482
MBL2	THBD	0.679
MBL2	TLR1	0.511
MBL2	TLR2	0.625
MBL2	TLR3	0.546
MBL2	TLR4	0.72
MBL2	TLR8	0.531
MBL2	TLR9	0.617
MBL2	TNF	0.507
MBP	MMP9	0.463
MBP	MOG	0.955
MBP	NEFL	0.754
MBP	NFASC	0.622
MBP	NGF	0.603
MBP	NRG1	0.613
MBP	PMP22	0.552
MBP	PRX	0.726
MBP	PTPRC	0.5
MBP	SOX10	0.933
MBP	SRC	0.715
MBP	TLR4	0.426
MBP	TNF	0.606
MMP3	MMP9	0.956
MMP3	MPO	0.616
MMP3	NFKB1	0.695
MMP3	NFKBIA	0.513
MMP3	NGF	0.443
MMP3	NOS2	0.527
MMP3	OCLN	0.401
MMP3	PECAM1	0.483
MMP3	PTGS2	0.673
MMP3	PTPRC	0.406
MMP3	PTX3	0.42
MMP3	SCARB1	0.558
MMP3	SCARB2	0.559
MMP3	SELE	0.49
MMP3	STAT1	0.409
MMP3	STAT3	0.892
MMP3	STAT6	0.642
MMP3	TGFB1	0.787
MMP3	TLR2	0.439
MMP3	TLR4	0.51
MMP3	TNF	0.853
MMP3	TNFRSF1A	0.428
MMP3	VCAM1	0.565
MMP9	MPO	0.969
MMP9	MSR1	0.419
MMP9	MYD88	0.568
MMP9	NFE2L2	0.536
MMP9	NFKB1	0.802
MMP9	NFKBIA	0.704
MMP9	NGF	0.545
MMP9	NLRP3	0.479
MMP9	NOS2	0.681
MMP9	OCLN	0.766
MMP9	PECAM1	0.743
MMP9	PRF1	0.408
MMP9	PTGS2	0.815
MMP9	PTPRC	0.711
MMP9	PTX3	0.441
MMP9	RETNLB	0.602
MMP9	SCARB1	0.557
MMP9	SCARB2	0.534
MMP9	SELE	0.65
MMP9	SELL	0.484
MMP9	SELP	0.601
MMP9	SIRPA	0.473
MMP9	SOCS3	0.51
MMP9	SOD2	0.448
MMP9	SPI1	0.458
MMP9	SRC	0.97
MMP9	STAT1	0.727
MMP9	STAT3	0.89
MMP9	STAT6	0.72
MMP9	TGFB1	0.968
MMP9	THBD	0.428
MMP9	TLR1	0.609
MMP9	TLR2	0.802
MMP9	TLR3	0.432
MMP9	TLR4	0.934
MMP9	TLR7	0.63
MMP9	TLR8	0.617
MMP9	TLR9	0.442
MMP9	TNF	0.93
MMP9	TNFRSF1A	0.554
MMP9	TNFRSF1B	0.644
MMP9	TNFSF13B	0.557
MMP9	TREM1	0.471
MMP9	TREM2	0.42
MMP9	TYROBP	0.626
MMP9	VCAM1	0.748
MOG	NEFL	0.555
MOG	NFASC	0.541
MOG	NGF	0.561
MOG	PTPRC	0.61
MOG	SELL	0.495
MOG	SOX10	0.526
MOG	STAT3	0.444
MOG	TBX21	0.575
MOG	TLR4	0.555
MOG	TNF	0.613
MPO	MRC1	0.436
MPO	MYD88	0.542
MPO	NFE2L2	0.525
MPO	NFKB1	0.518
MPO	NFKBIA	0.575
MPO	NLRP3	0.544
MPO	NOS2	0.515
MPO	OCLN	0.561
MPO	PECAM1	0.532
MPO	PTGS2	0.641
MPO	PTPRC	0.685
MPO	PTX3	0.701
MPO	RETNLB	0.608
MPO	SCARB1	0.51
MPO	SCARB2	0.481
MPO	SELE	0.743
MPO	SELL	0.546
MPO	SELP	0.675
MPO	SOD2	0.407
MPO	SPI1	0.574
MPO	STAT3	0.53
MPO	TGFB1	0.519
MPO	THBD	0.422
MPO	TLR2	0.611
MPO	TLR4	0.728
MPO	TLR9	0.466
MPO	TNF	0.832
MPO	TNFRSF1A	0.415
MPO	TNFRSF1B	0.407
MPO	TREM1	0.651
MPO	TRPV1	0.469
MPO	VCAM1	0.621
MRC1	MSR1	0.795
MRC1	MYD88	0.504
MRC1	NFKB1	0.467
MRC1	NFKBIA	0.428
MRC1	NLRP3	0.443
MRC1	NOS2	0.656
MRC1	PDCD1LG2	0.486
MRC1	PECAM1	0.663
MRC1	PTGS2	0.514
MRC1	PTPRC	0.802
MRC1	RETNLB	0.7
MRC1	SCARB1	0.646
MRC1	SCARB2	0.647
MRC1	SELL	0.713
MRC1	SIGLEC1	0.691
MRC1	SIRPA	0.579
MRC1	SOCS3	0.457
MRC1	SPI1	0.453
MRC1	STAT1	0.573
MRC1	STAT3	0.582
MRC1	STAT6	0.661
MRC1	TGFB1	0.6
MRC1	THBD	0.443
MRC1	TIRAP	0.436
MRC1	TLR2	0.638
MRC1	TLR3	0.428
MRC1	TLR4	0.79
MRC1	TLR7	0.487
MRC1	TLR8	0.475
MRC1	TLR9	0.46
MRC1	TNF	0.79
MRC1	TREM2	0.655
MRC1	TYROBP	0.509
MRC1	VCAM1	0.473
MRC1	VSIG4	0.696
MS4A1	PTPRC	0.631
MS4A1	SCARB1	0.421
MS4A1	SCARB2	0.416
MS4A1	SELL	0.736
MS4A1	SPI1	0.416
MS4A1	TBX21	0.426
MS4A1	TNF	0.434
MS4A1	TNFRSF1B	0.457
MS4A1	VCAM1	0.404
MSR1	PDCD1LG2	0.417
MSR1	PTPRC	0.466
MSR1	SCARB1	0.817
MSR1	SCARB2	0.807
MSR1	SIGLEC1	0.646
MSR1	STAT1	0.422
MSR1	STAT3	0.445
MSR1	TGFB1	0.402
MSR1	TLR2	0.732
MSR1	TLR4	0.582
MSR1	TNF	0.523
MSR1	TREM2	0.677
MSR1	VCAM1	0.417
MSR1	VSIG4	0.529
MYD88	NFE2L2	0.446
MYD88	NFKB1	0.972
MYD88	NFKBIA	0.903
MYD88	NGF	0.697
MYD88	NLRP3	0.747
MYD88	NOS2	0.546
MYD88	OCLN	0.609
MYD88	PDCD1LG2	0.425
MYD88	PRF1	0.492
MYD88	PTGS2	0.742
MYD88	PTPRC	0.605
MYD88	PTX3	0.485
MYD88	SARM1	0.966
MYD88	SCARB1	0.633
MYD88	SCARB2	0.634
MYD88	SELE	0.463
MYD88	SELL	0.53
MYD88	SELP	0.409
MYD88	SIGLEC1	0.406
MYD88	SOCS3	0.716
MYD88	SPI1	0.449
MYD88	SRC	0.877
MYD88	STAT1	0.877
MYD88	STAT3	0.838
MYD88	STAT6	0.583
MYD88	TBX21	0.517
MYD88	TGFB1	0.566
MYD88	TIRAP	0.999
MYD88	TLR1	0.998
MYD88	TLR2	0.999
MYD88	TLR3	0.999
MYD88	TLR4	0.999
MYD88	TLR5	0.999
MYD88	TLR6	0.995
MYD88	TLR7	0.999
MYD88	TLR8	0.999
MYD88	TLR9	0.999
MYD88	TNF	0.939
MYD88	TNFRSF1A	0.818
MYD88	TNFRSF1B	0.409
MYD88	TNFSF13B	0.596
MYD88	TREM1	0.642
MYD88	TYROBP	0.459
MYD88	VCAM1	0.691
NEFL	NFASC	0.466
NEFL	NGF	0.493
NEFL	NRG1	0.542
NEFL	PMP22	0.597
NEFL	PRX	0.633
NEFL	SCN8A	0.509
NEFL	SRC	0.49
NEFL	STMN2	0.529
NEFL	TNF	0.452
NEFL	TREM2	0.538
NFASC	SCN10A	0.579
NFASC	SCN8A	0.888
NFASC	SCN9A	0.609
NFE2L2	NFKB1	0.659
NFE2L2	NFKBIA	0.747
NFE2L2	NLRP3	0.544
NFE2L2	NOS2	0.475
NFE2L2	OCLN	0.441
NFE2L2	PECAM1	0.476
NFE2L2	PTGS2	0.698
NFE2L2	SCARB1	0.436
NFE2L2	SCARB2	0.439
NFE2L2	SOD2	0.701
NFE2L2	SPI1	0.484
NFE2L2	SRC	0.432
NFE2L2	STAT1	0.453
NFE2L2	STAT3	0.742
NFE2L2	TGFB1	0.556
NFE2L2	TLR2	0.408
NFE2L2	TLR4	0.626
NFE2L2	TNF	0.701
NFE2L2	TNFRSF1A	0.543
NFE2L2	VCAM1	0.454
NFKB1	NFKBIA	0.999
NFKB1	NGF	0.711
NFKB1	NLRP3	0.981
NFKB1	NOS2	0.696
NFKB1	OCLN	0.5
NFKB1	PDCD1LG2	0.425
NFKB1	PECAM1	0.514
NFKB1	PRF1	0.483
NFKB1	PTGS2	0.842
NFKB1	PTPRC	0.577
NFKB1	RETNLB	0.414
NFKB1	SARM1	0.468
NFKB1	SCARB1	0.697
NFKB1	SCARB2	0.681
NFKB1	SELE	0.589
NFKB1	SELL	0.428
NFKB1	SELP	0.443
NFKB1	SOCS3	0.662
NFKB1	SOD2	0.56
NFKB1	SPI1	0.693
NFKB1	SRC	0.756
NFKB1	STAT1	0.926
NFKB1	STAT3	0.962
NFKB1	STAT6	0.858
NFKB1	TBX21	0.493
NFKB1	TGFB1	0.711
NFKB1	TIRAP	0.719
NFKB1	TLR1	0.77
NFKB1	TLR2	0.992
NFKB1	TLR3	0.861
NFKB1	TLR4	0.993
NFKB1	TLR5	0.977
NFKB1	TLR6	0.694
NFKB1	TLR7	0.817
NFKB1	TLR8	0.634
NFKB1	TLR9	0.828
NFKB1	TNF	0.999
NFKB1	TNFRSF1A	0.848
NFKB1	TNFRSF1B	0.731
NFKB1	TNFSF13B	0.735
NFKB1	TREM1	0.411
NFKB1	TRPV1	0.557
NFKB1	VCAM1	0.769
NFKBIA	NGF	0.66
NFKBIA	NLRP3	0.626
NFKBIA	NOS2	0.641
NFKBIA	OCLN	0.499
NFKBIA	PECAM1	0.46
NFKBIA	PTGS2	0.856
NFKBIA	PTPRC	0.509
NFKBIA	SCARB1	0.435
NFKBIA	SCARB2	0.428
NFKBIA	SELE	0.607
NFKBIA	SOCS3	0.726
NFKBIA	SOD2	0.705
NFKBIA	SRC	0.797
NFKBIA	STAT1	0.917
NFKBIA	STAT3	0.741
NFKBIA	STAT6	0.474
NFKBIA	TGFB1	0.648
NFKBIA	TIRAP	0.562
NFKBIA	TLR1	0.545
NFKBIA	TLR2	0.749
NFKBIA	TLR3	0.663
NFKBIA	TLR4	0.872
NFKBIA	TLR5	0.719
NFKBIA	TLR6	0.46
NFKBIA	TLR7	0.589
NFKBIA	TLR8	0.525
NFKBIA	TLR9	0.719
NFKBIA	TNF	0.967
NFKBIA	TNFRSF1A	0.809
NFKBIA	TNFRSF1B	0.473
NFKBIA	TNFSF13B	0.523
NFKBIA	VCAM1	0.787
NGF	NRG1	0.719
NGF	P2RX3	0.639
NGF	PECAM1	0.408
NGF	PTGS2	0.526
NGF	PTPRC	0.432
NGF	SCN10A	0.627
NGF	SCN9A	0.6
NGF	SOX10	0.407
NGF	SRC	0.541
NGF	STAT3	0.867
NGF	STMN2	0.4
NGF	TGFB1	0.753
NGF	TLR4	0.463
NGF	TNF	0.714
NGF	TNFRSF1A	0.62
NGF	TNFRSF1B	0.535
NGF	TRPA1	0.916
NGF	TRPV1	0.853
NLRP3	OCLN	0.402
NLRP3	PRF1	0.427
NLRP3	PTGS2	0.707
NLRP3	PTPRC	0.479
NLRP3	SCARB1	0.507
NLRP3	SCARB2	0.506
NLRP3	SOCS3	0.406
NLRP3	SOD2	0.426
NLRP3	SRC	0.53
NLRP3	STAT1	0.53
NLRP3	STAT3	0.558
NLRP3	TGFB1	0.472
NLRP3	TIRAP	0.439
NLRP3	TLR1	0.569
NLRP3	TLR2	0.849
NLRP3	TLR3	0.76
NLRP3	TLR4	0.874
NLRP3	TLR5	0.551
NLRP3	TLR6	0.502
NLRP3	TLR7	0.632
NLRP3	TLR8	0.593
NLRP3	TLR9	0.746
NLRP3	TNF	0.869
NLRP3	TNFRSF1A	0.58
NLRP3	TNFRSF1B	0.517
NLRP3	TREM1	0.589
NLRP3	TREM2	0.404
NLRP3	VCAM1	0.483
NMNAT2	SARM1	0.853
NMNAT2	STMN2	0.611
NOS2	PTGS2	0.908
NOS2	PTPRC	0.473
NOS2	RETNLB	0.495
NOS2	SELE	0.476
NOS2	SOCS3	0.613
NOS2	STAT1	0.738
NOS2	STAT3	0.749
NOS2	STAT6	0.718
NOS2	TGFB1	0.495
NOS2	TIRAP	0.432
NOS2	TLR2	0.692
NOS2	TLR4	0.754
NOS2	TNF	0.858
NOS2	VCAM1	0.472
NRG1	PRX	0.489
NRG1	SOX10	0.598
NRG1	SRC	0.791
OCLN	PECAM1	0.753
OCLN	PTGS2	0.534
OCLN	SCARB1	0.861
OCLN	SELE	0.403
OCLN	SRC	0.952
OCLN	STAT3	0.446
OCLN	TGFB1	0.522
OCLN	TLR2	0.591
OCLN	TLR4	0.746
OCLN	TNF	0.726
OCLN	VCAM1	0.6
P2RX3	SCN10A	0.657
P2RX3	SCN9A	0.598
P2RX3	TRPA1	0.732
P2RX3	TRPV1	0.897
PDCD1LG2	PRF1	0.525
PDCD1LG2	PTPRC	0.613
PDCD1LG2	SELL	0.491
PDCD1LG2	SIRPA	0.439
PDCD1LG2	SRC	0.406
PDCD1LG2	STAT1	0.56
PDCD1LG2	STAT3	0.697
PDCD1LG2	STAT6	0.493
PDCD1LG2	TBX21	0.479
PDCD1LG2	TGFB1	0.567
PDCD1LG2	TLR2	0.409
PDCD1LG2	TLR3	0.417
PDCD1LG2	TLR4	0.517
PDCD1LG2	TLR5	0.403
PDCD1LG2	TLR7	0.623
PDCD1LG2	TLR9	0.424
PDCD1LG2	TNF	0.663
PECAM1	PTGS2	0.515
PECAM1	PTPRC	0.912
PECAM1	S1PR1	0.516
PECAM1	SCARB1	0.685
PECAM1	SCARB2	0.689
PECAM1	SELE	0.959
PECAM1	SELL	0.797
PECAM1	SELP	0.908
PECAM1	SIRPA	0.6
PECAM1	SOX10	0.435
PECAM1	SPI1	0.408
PECAM1	SRC	0.948
PECAM1	STAT1	0.447
PECAM1	STAT3	0.621
PECAM1	STAT6	0.449
PECAM1	TGFB1	0.702
PECAM1	THBD	0.592
PECAM1	TLR2	0.533
PECAM1	TLR4	0.608
PECAM1	TNF	0.728
PECAM1	TNFRSF1A	0.49
PECAM1	TNFSF13B	0.421
PECAM1	TYROBP	0.519
PECAM1	VCAM1	0.82
PMP22	PRX	0.784
PMP22	SOX10	0.646
PRF1	PTPRC	0.716
PRF1	S1PR1	0.419
PRF1	SELL	0.738
PRF1	SELP	0.415
PRF1	SPI1	0.561
PRF1	STAT1	0.576
PRF1	STAT3	0.547
PRF1	TBX21	0.872
PRF1	TGFB1	0.533
PRF1	TLR2	0.529
PRF1	TLR3	0.516
PRF1	TLR4	0.578
PRF1	TLR7	0.526
PRF1	TLR8	0.482
PRF1	TLR9	0.554
PRF1	TNF	0.808
PRF1	TNFRSF1A	0.487
PRF1	TYROBP	0.539
PRX	SOX10	0.908
PTGS2	PTPRC	0.473
PTGS2	PTX3	0.452
PTGS2	SCARB1	0.486
PTGS2	SCARB2	0.479
PTGS2	SELE	0.581
PTGS2	SELP	0.417
PTGS2	SOCS3	0.583
PTGS2	SOD2	0.547
PTGS2	SRC	0.778
PTGS2	STAT1	0.604
PTGS2	STAT3	0.93
PTGS2	STAT6	0.717
PTGS2	TGFB1	0.688
PTGS2	THBD	0.418
PTGS2	TLR1	0.423
PTGS2	TLR2	0.756
PTGS2	TLR3	0.458
PTGS2	TLR4	0.787
PTGS2	TLR9	0.618
PTGS2	TNF	0.916
PTGS2	TNFRSF1A	0.486
PTGS2	TNFRSF1B	0.583
PTGS2	TREM1	0.465
PTGS2	TRPA1	0.456
PTGS2	TRPV1	0.605
PTGS2	VCAM1	0.758
PTPRC	S1PR1	0.498
PTPRC	SCARB1	0.746
PTPRC	SCARB2	0.746
PTPRC	SELE	0.592
PTPRC	SELL	0.928
PTPRC	SELP	0.67
PTPRC	SIGLEC1	0.643
PTPRC	SIRPA	0.767
PTPRC	SOCS3	0.554
PTPRC	SPI1	0.795
PTPRC	SRC	0.683
PTPRC	STAT1	0.764
PTPRC	STAT3	0.662
PTPRC	STAT6	0.543
PTPRC	TBX21	0.765
PTPRC	TGFB1	0.701
PTPRC	THBD	0.551
PTPRC	TLR1	0.585
PTPRC	TLR2	0.712
PTPRC	TLR3	0.624
PTPRC	TLR4	0.768
PTPRC	TLR5	0.51
PTPRC	TLR6	0.429
PTPRC	TLR7	0.821
PTPRC	TLR8	0.674
PTPRC	TLR9	0.751
PTPRC	TNF	0.833
PTPRC	TNFRSF1A	0.505
PTPRC	TNFRSF1B	0.514
PTPRC	TNFSF13B	0.718
PTPRC	TREM2	0.527
PTPRC	TYROBP	0.828
PTPRC	VCAM1	0.832
PTX3	SELE	0.438
PTX3	SELP	0.933
PTX3	TLR2	0.564
PTX3	TLR3	0.489
PTX3	TLR4	0.433
PTX3	TLR9	0.493
PTX3	TNF	0.59
PTX3	VCAM1	0.435
RETNLB	SCARB1	0.477
RETNLB	SCARB2	0.448
RETNLB	SELE	0.432
RETNLB	SOCS3	0.505
RETNLB	STAT3	0.478
RETNLB	STAT6	0.57
RETNLB	TGFB1	0.507
RETNLB	TLR2	0.624
RETNLB	TLR4	0.991
RETNLB	TNF	0.793
RETNLB	VCAM1	0.567
S1PR1	SCARB1	0.433
S1PR1	SELL	0.83
S1PR1	SRC	0.609
S1PR1	STAT3	0.818
S1PR1	STAT6	0.612
S1PR1	TBX21	0.561
S1PR1	TNF	0.511
S1PR1	TNFRSF1B	0.498
S1PR1	VCAM1	0.427
SARM1	STMN2	0.447
SARM1	TIRAP	0.923
SARM1	TLR1	0.453
SARM1	TLR2	0.482
SARM1	TLR3	0.94
SARM1	TLR4	0.974
SARM1	TLR5	0.527
SARM1	TLR6	0.4
SARM1	TLR7	0.667
SARM1	TLR8	0.516
SARM1	TLR9	0.655
SCARB1	SELE	0.71
SCARB1	SELP	0.745
SCARB1	SIRPA	0.64
SCARB1	SRC	0.834
SCARB1	STAT1	0.411
SCARB1	STAT3	0.483
SCARB1	STAT6	0.402
SCARB1	TGFB1	0.529
SCARB1	TLR1	0.941
SCARB1	TLR2	0.996
SCARB1	TLR3	0.489
SCARB1	TLR4	0.996
SCARB1	TLR6	0.993
SCARB1	TLR7	0.456
SCARB1	TLR8	0.409
SCARB1	TLR9	0.478
SCARB1	TNF	0.708
SCARB1	TREM2	0.513
SCARB1	VCAM1	0.781
SCARB2	SELE	0.709
SCARB2	SELP	0.746
SCARB2	SIRPA	0.648
SCARB2	SRC	0.703
SCARB2	STAT1	0.469
SCARB2	STAT3	0.508
SCARB2	TGFB1	0.527
SCARB2	TLR1	0.932
SCARB2	TLR2	0.996
SCARB2	TLR3	0.495
SCARB2	TLR4	0.996
SCARB2	TLR6	0.993
SCARB2	TLR7	0.484
SCARB2	TLR9	0.47
SCARB2	TNF	0.68
SCARB2	TREM2	0.525
SCARB2	VCAM1	0.771
SCN10A	SCN8A	0.594
SCN10A	SCN9A	0.74
SCN10A	TRPA1	0.763
SCN10A	TRPV1	0.806
SCN8A	SCN9A	0.743
SCN8A	TRPA1	0.5
SCN8A	TRPV1	0.494
SCN9A	TRPA1	0.749
SCN9A	TRPV1	0.769
SELE	SELL	0.988
SELE	SELP	0.937
SELE	SRC	0.421
SELE	STAT3	0.449
SELE	TGFB1	0.526
SELE	THBD	0.734
SELE	TLR2	0.535
SELE	TLR3	0.445
SELE	TLR4	0.646
SELE	TLR7	0.427
SELE	TNF	0.872
SELE	TNFRSF1A	0.655
SELE	TNFRSF1B	0.62
SELE	VCAM1	0.979
SELL	SELP	0.986
SELL	SIGLEC1	0.462
SELL	SIRPA	0.428
SELL	SPI1	0.474
SELL	STAT1	0.468
SELL	STAT3	0.513
SELL	STAT6	0.433
SELL	TBX21	0.763
SELL	TGFB1	0.566
SELL	THBD	0.409
SELL	TLR1	0.458
SELL	TLR2	0.561
SELL	TLR3	0.45
SELL	TLR4	0.743
SELL	TLR5	0.417
SELL	TLR7	0.547
SELL	TLR8	0.645
SELL	TLR9	0.533
SELL	TNF	0.796
SELL	TNFRSF1A	0.504
SELL	TNFRSF1B	0.618
SELL	TNFSF13B	0.545
SELL	TYROBP	0.73
SELL	VCAM1	0.97
SELP	SRC	0.456
SELP	TGFB1	0.657
SELP	THBD	0.743
SELP	TLR2	0.524
SELP	TLR4	0.885
SELP	TLR7	0.458
SELP	TLR8	0.406
SELP	TLR9	0.421
SELP	TNF	0.741
SELP	TNFRSF1B	0.535
SELP	VCAM1	0.963
SIGLEC1	SIRPA	0.543
SIGLEC1	SPI1	0.411
SIGLEC1	STAT1	0.442
SIGLEC1	THBD	0.43
SIGLEC1	TLR2	0.469
SIGLEC1	TLR3	0.426
SIGLEC1	TLR4	0.51
SIGLEC1	TLR7	0.555
SIGLEC1	TLR8	0.498
SIGLEC1	TLR9	0.448
SIGLEC1	TNF	0.53
SIGLEC1	TNFSF13B	0.609
SIGLEC1	TREM2	0.444
SIGLEC1	TYROBP	0.794
SIGLEC1	VSIG4	0.54
SIRPA	SPI1	0.481
SIRPA	SRC	0.713
SIRPA	STAT1	0.446
SIRPA	STAT3	0.463
SIRPA	THBD	0.606
SIRPA	TLR2	0.501
SIRPA	TLR3	0.442
SIRPA	TLR4	0.613
SIRPA	TLR7	0.453
SIRPA	TLR8	0.42
SIRPA	TLR9	0.479
SIRPA	TNF	0.542
SIRPA	TREM2	0.965
SIRPA	TYROBP	0.941
SIRPA	VCAM1	0.473
SOCS3	SRC	0.605
SOCS3	STAT1	0.988
SOCS3	STAT3	0.994
SOCS3	STAT6	0.872
SOCS3	TBX21	0.456
SOCS3	TGFB1	0.634
SOCS3	TLR2	0.732
SOCS3	TLR3	0.483
SOCS3	TLR4	0.784
SOCS3	TLR7	0.43
SOCS3	TLR9	0.404
SOCS3	TNF	0.8
SOCS3	TNFRSF1A	0.417
SOCS3	VCAM1	0.576
SOD2	STAT3	0.518
SOD2	TGFB1	0.438
SOD2	TLR4	0.474
SOD2	TNF	0.611
SPI1	STAT1	0.591
SPI1	STAT3	0.56
SPI1	STAT6	0.735
SPI1	TBX21	0.685
SPI1	TGFB1	0.459
SPI1	TLR1	0.485
SPI1	TLR2	0.703
SPI1	TLR4	0.654
SPI1	TLR5	0.413
SPI1	TLR7	0.52
SPI1	TLR8	0.631
SPI1	TLR9	0.461
SPI1	TNF	0.754
SPI1	TNFSF13B	0.414
SPI1	TREM1	0.416
SPI1	TREM2	0.735
SPI1	TYROBP	0.933
SRC	STAT1	0.936
SRC	STAT3	0.999
SRC	STAT6	0.573
SRC	TGFB1	0.787
SRC	TLR2	0.697
SRC	TLR3	0.755
SRC	TLR4	0.88
SRC	TLR9	0.604
SRC	TNF	0.904
SRC	TNFRSF1A	0.934
SRC	TRPV1	0.934
SRC	TYROBP	0.843
SRC	VCAM1	0.551
ST3GAL2	UGCG	0.51
STAT1	STAT3	0.999
STAT1	STAT6	0.877
STAT1	TBX21	0.846
STAT1	TGFB1	0.647
STAT1	TIRAP	0.409
STAT1	TLR1	0.518
STAT1	TLR2	0.681
STAT1	TLR3	0.757
STAT1	TLR4	0.867
STAT1	TLR5	0.482
STAT1	TLR6	0.436
STAT1	TLR7	0.702
STAT1	TLR8	0.593
STAT1	TLR9	0.617
STAT1	TNF	0.875
STAT1	TNFRSF1A	0.628
STAT1	TNFSF13B	0.719
STAT1	TYROBP	0.508
STAT1	VCAM1	0.758
STAT3	STAT6	0.899
STAT3	TBX21	0.789
STAT3	TGFB1	0.87
STAT3	TIRAP	0.422
STAT3	TLR1	0.429
STAT3	TLR2	0.656
STAT3	TLR3	0.606
STAT3	TLR4	0.846
STAT3	TLR5	0.461
STAT3	TLR7	0.727
STAT3	TLR8	0.465
STAT3	TLR9	0.592
STAT3	TNF	0.939
STAT3	TNFRSF1A	0.829
STAT3	TNFRSF1B	0.694
STAT3	TNFSF13B	0.487
STAT3	VCAM1	0.818
STAT6	TBX21	0.878
STAT6	TGFB1	0.862
STAT6	TLR2	0.549
STAT6	TLR3	0.45
STAT6	TLR4	0.594
STAT6	TLR7	0.43
STAT6	TLR9	0.427
STAT6	TNF	0.782
STAT6	TNFRSF1B	0.625
STAT6	VCAM1	0.686
TBX21	TGFB1	0.73
TBX21	TLR2	0.53
TBX21	TLR3	0.415
TBX21	TLR4	0.556
TBX21	TLR5	0.42
TBX21	TLR7	0.513
TBX21	TLR9	0.534
TBX21	TNF	0.838
TBX21	TNFSF13B	0.492
TGFB1	TLR1	0.438
TGFB1	TLR2	0.676
TGFB1	TLR3	0.46
TGFB1	TLR4	0.721
TGFB1	TLR7	0.409
TGFB1	TLR9	0.489
TGFB1	TNF	0.941
TGFB1	TNFRSF1A	0.677
TGFB1	TNFRSF1B	0.651
TGFB1	TNFSF13B	0.45
TGFB1	VCAM1	0.648
THBD	TLR2	0.555
THBD	TLR3	0.565
THBD	TLR4	0.739
THBD	TLR7	0.552
THBD	TLR8	0.465
THBD	TLR9	0.524
THBD	TNF	0.629
THBD	VCAM1	0.674
TIRAP	TLR1	0.992
TIRAP	TLR2	0.999
TIRAP	TLR3	0.98
TIRAP	TLR4	0.999
TIRAP	TLR5	0.94
TIRAP	TLR6	0.997
TIRAP	TLR7	0.819
TIRAP	TLR8	0.791
TIRAP	TLR9	0.988
TIRAP	TNF	0.73
TLR1	TLR2	0.999
TLR1	TLR3	0.651
TLR1	TLR4	0.996
TLR1	TLR5	0.86
TLR1	TLR6	0.999
TLR1	TLR7	0.78
TLR1	TLR8	0.8
TLR1	TLR9	0.663
TLR1	TNF	0.834
TLR1	TNFRSF1A	0.401
TLR1	TNFSF13B	0.522
TLR1	TREM1	0.432
TLR1	TYROBP	0.455
TLR2	TLR3	0.854
TLR2	TLR4	0.999
TLR2	TLR5	0.982
TLR2	TLR6	0.999
TLR2	TLR7	0.634
TLR2	TLR8	0.893
TLR2	TLR9	0.961
TLR2	TNF	0.951
TLR2	TNFRSF1A	0.745
TLR2	TNFRSF1B	0.638
TLR2	TNFSF13B	0.576
TLR2	TREM1	0.677
TLR2	TREM2	0.525
TLR2	TYROBP	0.681
TLR2	VCAM1	0.723
TLR3	TLR4	0.907
TLR3	TLR5	0.53
TLR3	TLR6	0.638
TLR3	TLR7	0.962
TLR3	TLR8	0.939
TLR3	TLR9	0.856
TLR3	TNF	0.882
TLR3	TNFRSF1A	0.752
TLR3	TNFSF13B	0.519
TLR3	VCAM1	0.505
TLR4	TLR5	0.992
TLR4	TLR6	0.999
TLR4	TLR7	0.94
TLR4	TLR8	0.712
TLR4	TLR9	0.979
TLR4	TNF	0.969
TLR4	TNFRSF1A	0.949
TLR4	TNFRSF1B	0.694
TLR4	TNFSF13B	0.649
TLR4	TREM1	0.667
TLR4	TREM2	0.762
TLR4	TRPA1	0.438
TLR4	TRPV1	0.505
TLR4	TYROBP	0.736
TLR4	VCAM1	0.772
TLR5	TLR6	0.852
TLR5	TLR7	0.778
TLR5	TLR8	0.731
TLR5	TLR9	0.608
TLR5	TNF	0.834
TLR5	TNFRSF1A	0.408
TLR5	TNFSF13B	0.525
TLR6	TLR7	0.648
TLR6	TLR8	0.67
TLR6	TLR9	0.623
TLR6	TNF	0.756
TLR7	TLR8	0.997
TLR7	TLR9	0.992
TLR7	TNF	0.88
TLR7	TNFRSF1A	0.441
TLR7	TNFSF13B	0.692
TLR7	TRPA1	0.602
TLR7	TYROBP	0.467
TLR7	VCAM1	0.439
TLR8	TLR9	0.869
TLR8	TNF	0.74
TLR8	TNFSF13B	0.745
TLR8	TREM1	0.535
TLR8	TYROBP	0.628
TLR9	TNF	0.896
TLR9	TNFRSF1A	0.486
TLR9	TNFSF13B	0.622
TLR9	TYROBP	0.416
TLR9	VCAM1	0.417
TNF	TNFRSF1A	0.999
TNF	TNFRSF1B	0.999
TNF	TNFSF13B	0.894
TNF	TREM1	0.624
TNF	TREM2	0.59
TNF	TRPA1	0.449
TNF	TRPV1	0.592
TNF	TYROBP	0.7
TNF	VCAM1	0.923
TNFRSF1A	TNFRSF1B	0.999
TNFRSF1A	TNFSF13B	0.857
TNFRSF1A	TREM1	0.517
TNFRSF1A	TREM2	0.44
TNFRSF1A	VCAM1	0.761
TNFRSF1B	TNFSF13B	0.838
TNFRSF1B	VCAM1	0.626
TNFSF13B	TYROBP	0.412
TNFSF13B	VCAM1	0.465
TREM1	TREM2	0.987
TREM1	TYROBP	0.999
TREM2	TYROBP	0.999
TREM2	VSIG4	0.61
TRPA1	TRPV1	0.991
TRPV1	VCAM1	0.506
TYROBP	VSIG4	0.74
