protein_a	protein_b	combined_score
ABAT	GAD1	0.975
ABAT	GAD2	0.976
ABAT	GLUL	0.562
ABAT	SLC6A1	0.421
ACTB	AGT	0.582
ACTB	AIF1	0.754
ACTB	AKT1	0.923
ACTB	ALB	0.886
ACTB	APP	0.801
ACTB	BACE1	0.596
ACTB	BCL2	0.885
ACTB	BDNF	0.71
ACTB	BECN1	0.785
ACTB	CALB1	0.488
ACTB	CALM3	0.636
ACTB	CALML3	0.6
ACTB	CALML4	0.59
ACTB	CALML5	0.599
ACTB	CALML6	0.572
ACTB	CAMK2A	0.691
ACTB	CASP1	0.729
ACTB	CASP3	0.989
ACTB	CASP8	0.779
ACTB	CASP9	0.819
ACTB	CCK	0.816
ACTB	CCL2	0.697
ACTB	CHAT	0.43
ACTB	CNR1	0.401
ACTB	CREB1	0.696
ACTB	DLG4	0.673
ACTB	ERBB4	0.448
ACTB	FOS	0.722
ACTB	GAD1	0.495
ACTB	GAD2	0.445
ACTB	GAPDH	0.975
ACTB	GDNF	0.514
ACTB	GFAP	0.738
ACTB	GJA1	0.53
ACTB	GLUL	0.478
ACTB	GRIA1	0.545
ACTB	GRIA2	0.447
ACTB	GRIA4	0.474
ACTB	GRIN1	0.438
ACTB	GRIN2A	0.535
ACTB	GRIN2B	0.738
ACTB	GRIN2C	0.506
ACTB	GSK3B	0.847
ACTB	HDAC1	0.766
ACTB	HIF1A	0.787
ACTB	HMGB1	0.643
ACTB	HMOX1	0.785
ACTB	IGF1	0.66
ACTB	IKBKB	0.648
ACTB	IL10	0.729
ACTB	IL18	0.593
ACTB	IL1A	0.621
ACTB	IL1B	0.847
ACTB	IL1R1	0.447
ACTB	IL4	0.7
ACTB	IL6	0.847
ACTB	INS	0.801
ACTB	IRS1	0.623
ACTB	LEP	0.614
ACTB	MAP2	0.669
ACTB	MAPK1	0.767
ACTB	MAPK3	0.844
ACTB	MBP	0.584
ACTB	MECP2	0.421
ACTB	MTOR	0.752
ACTB	NEFL	0.441
ACTB	NFE2L2	0.758
ACTB	NGF	0.585
ACTB	NLRP3	0.61
ACTB	NOS1	0.625
ACTB	NPY	0.447
ACTB	NTRK2	0.558
ACTB	PIK3CA	0.509
ACTB	POMC	0.52
ACTB	PPARA	0.663
ACTB	PPARG	0.971
ACTB	PRKACA	0.619
ACTB	PRKACB	0.579
ACTB	PRKACG	0.577
ACTB	PRKCA	0.955
ACTB	PTEN	0.72
ACTB	PTGS2	0.728
ACTB	PVALB	0.458
ACTB	PXDN	0.925
ACTB	PXDNL	0.924
ACTB	RBFOX3	0.716
ACTB	RPS6KB1	0.74
ACTB	S100B	0.492
ACTB	SIRT1	0.79
ACTB	SLC17A7	0.418
ACTB	SLC1A2	0.435
ACTB	SLC1A3	0.4
ACTB	SLC2A1	0.611
ACTB	SLC6A11	0.453
ACTB	SLC6A3	0.406
ACTB	SNAP25	0.468
ACTB	SOD2	0.653
ACTB	SPTAN1	0.535
ACTB	SRC	0.774
ACTB	SST	0.416
ACTB	STAT3	0.798
ACTB	SYN1	0.614
ACTB	SYN2	0.464
ACTB	SYN3	0.446
ACTB	SYP	0.62
ACTB	TH	0.596
ACTB	TLR4	0.745
ACTB	TNF	0.847
ACTB	TRPV1	0.478
ACTB	TSC1	0.503
ACTB	TSC2	0.492
ADK	ADORA1	0.612
ADK	ADORA2A	0.655
ADK	GAPDH	0.43
ADORA1	ADORA2A	0.784
ADORA1	AGT	0.675
ADORA1	DRD1	0.702
ADORA1	DRD2	0.585
ADORA1	GRM1	0.497
ADORA1	GRM5	0.435
ADORA1	GSK3B	0.484
ADORA1	HTR1B	0.558
ADORA1	HTR2A	0.471
ADORA1	NPY	0.735
ADORA1	OXT	0.711
ADORA1	PPARG	0.494
ADORA1	SRC	0.57
ADORA1	SST	0.722
ADORA2A	AKT1	0.428
ADORA2A	BDNF	0.5
ADORA2A	CALB1	0.413
ADORA2A	CALM3	0.515
ADORA2A	CALML3	0.455
ADORA2A	CALML4	0.446
ADORA2A	CALML5	0.456
ADORA2A	CALML6	0.445
ADORA2A	CASP3	0.575
ADORA2A	CCL2	0.524
ADORA2A	CNR1	0.956
ADORA2A	CREB1	0.464
ADORA2A	DRD2	0.997
ADORA2A	FOS	0.41
ADORA2A	GRIN2B	0.414
ADORA2A	GRM2	0.527
ADORA2A	GRM5	0.976
ADORA2A	HIF1A	0.467
ADORA2A	IL10	0.521
ADORA2A	IL1B	0.506
ADORA2A	IL6	0.67
ADORA2A	NTRK2	0.94
ADORA2A	P2RX4	0.421
ADORA2A	P2RX7	0.415
ADORA2A	PANX1	0.419
ADORA2A	PDYN	0.453
ADORA2A	POMC	0.923
ADORA2A	PPP1R1B	0.691
ADORA2A	PRKACA	0.705
ADORA2A	PRKACB	0.705
ADORA2A	PRKACG	0.594
ADORA2A	SLC1A3	0.448
ADORA2A	SLC6A3	0.537
ADORA2A	SRC	0.621
ADORA2A	TAC1	0.511
ADORA2A	TH	0.47
ADORA2A	TNF	0.552
AGT	AKT1	0.821
AGT	ALB	0.868
AGT	APP	0.627
AGT	BCL2	0.561
AGT	BDNF	0.606
AGT	CACNA1C	0.672
AGT	CALM3	0.632
AGT	CALML3	0.624
AGT	CALML4	0.633
AGT	CALML5	0.624
AGT	CALML6	0.624
AGT	CASP1	0.454
AGT	CASP3	0.606
AGT	CCK	0.817
AGT	CCL2	0.729
AGT	CNR1	0.641
AGT	CREB1	0.511
AGT	CRH	0.675
AGT	FOS	0.613
AGT	GABBR1	0.562
AGT	GABBR2	0.547
AGT	GAPDH	0.643
AGT	GFAP	0.612
AGT	GJA1	0.535
AGT	GPR55	0.561
AGT	GRM1	0.699
AGT	GRM2	0.67
AGT	GRM3	0.682
AGT	GRM5	0.7
AGT	GSK3B	0.485
AGT	HIF1A	0.634
AGT	HMOX1	0.612
AGT	HTR1B	0.584
AGT	HTR2A	0.626
AGT	HTR2C	0.556
AGT	IGF1	0.631
AGT	IL10	0.618
AGT	IL18	0.524
AGT	IL1A	0.588
AGT	IL1B	0.731
AGT	IL4	0.653
AGT	IL6	0.788
AGT	INS	0.863
AGT	IRS1	0.52
AGT	KCNMA1	0.425
AGT	LEP	0.719
AGT	MAPK1	0.566
AGT	MAPK3	0.706
AGT	MTOR	0.531
AGT	NFE2L2	0.504
AGT	NLRP3	0.473
AGT	NOS1	0.605
AGT	NPY	0.784
AGT	NTRK2	0.511
AGT	OPRM1	0.611
AGT	OXT	0.785
AGT	PDYN	0.718
AGT	POMC	0.887
AGT	PPARA	0.767
AGT	PPARG	0.677
AGT	PRKACA	0.591
AGT	PRKACB	0.59
AGT	PRKACG	0.59
AGT	PRKCA	0.457
AGT	PTEN	0.409
AGT	PTGS2	0.609
AGT	PXDN	0.615
AGT	PXDNL	0.609
AGT	RPS6KB1	0.488
AGT	S100B	0.539
AGT	SIRT1	0.602
AGT	SOD2	0.46
AGT	SRC	0.799
AGT	SST	0.839
AGT	STAT3	0.805
AGT	TAC1	0.995
AGT	TH	0.44
AGT	TLR4	0.866
AGT	TNF	0.856
AIF1	AKT1	0.51
AIF1	ALB	0.729
AIF1	APP	0.77
AIF1	BACE1	0.575
AIF1	BCL2	0.467
AIF1	BDNF	0.72
AIF1	CALB1	0.582
AIF1	CALB2	0.445
AIF1	CALM3	0.489
AIF1	CALML3	0.487
AIF1	CALML4	0.496
AIF1	CALML5	0.487
AIF1	CALML6	0.487
AIF1	CAMK2A	0.542
AIF1	CASP1	0.67
AIF1	CASP3	0.698
AIF1	CASP9	0.474
AIF1	CCL2	0.698
AIF1	CHAT	0.529
AIF1	CREB1	0.465
AIF1	DLG4	0.798
AIF1	FOS	0.547
AIF1	GAD1	0.537
AIF1	GAD2	0.473
AIF1	GAPDH	0.75
AIF1	GDNF	0.515
AIF1	GFAP	0.913
AIF1	GLUL	0.553
AIF1	GRIN2B	0.447
AIF1	GSK3B	0.428
AIF1	HMGB1	0.465
AIF1	HMOX1	0.528
AIF1	IGF1	0.488
AIF1	IL10	0.705
AIF1	IL18	0.52
AIF1	IL1A	0.558
AIF1	IL1B	0.851
AIF1	IL1R1	0.404
AIF1	IL4	0.589
AIF1	IL6	0.777
AIF1	INS	0.436
AIF1	MAP2	0.671
AIF1	MAPK3	0.503
AIF1	MBP	0.782
AIF1	NEFL	0.516
AIF1	NGF	0.518
AIF1	NLRP3	0.561
AIF1	NTRK2	0.454
AIF1	P2RX4	0.485
AIF1	POMC	0.6
AIF1	PPP1R1B	0.434
AIF1	PTGS2	0.59
AIF1	PVALB	0.57
AIF1	PXDN	0.738
AIF1	PXDNL	0.738
AIF1	RBFOX3	0.909
AIF1	S100B	0.706
AIF1	SLC17A6	0.456
AIF1	SLC17A7	0.553
AIF1	SLC1A2	0.577
AIF1	SLC1A3	0.541
AIF1	SLC6A3	0.408
AIF1	SNAP25	0.441
AIF1	STAT3	0.453
AIF1	SYN1	0.58
AIF1	SYN2	0.422
AIF1	SYN3	0.411
AIF1	SYP	0.706
AIF1	TH	0.683
AIF1	TLR4	0.722
AIF1	TNF	0.846
AIF1	TRPV1	0.448
AKT1	ALB	0.795
AKT1	APP	0.665
AKT1	BACE1	0.524
AKT1	BCL2	0.993
AKT1	BDNF	0.835
AKT1	BECN1	0.918
AKT1	CACNA1A	0.473
AKT1	CALM3	0.802
AKT1	CALML3	0.719
AKT1	CALML4	0.713
AKT1	CALML5	0.719
AKT1	CALML6	0.713
AKT1	CASP1	0.617
AKT1	CASP3	0.945
AKT1	CASP8	0.79
AKT1	CASP9	0.989
AKT1	CCK	0.791
AKT1	CCL2	0.72
AKT1	CNR1	0.444
AKT1	CREB1	0.965
AKT1	DLG4	0.747
AKT1	DRD2	0.677
AKT1	ERBB4	0.583
AKT1	FOS	0.746
AKT1	GAPDH	0.911
AKT1	GDNF	0.592
AKT1	GFAP	0.623
AKT1	GJA1	0.692
AKT1	GLUL	0.422
AKT1	GPHN	0.472
AKT1	GRIA1	0.48
AKT1	GRIN2A	0.659
AKT1	GRIN2B	0.51
AKT1	GRM1	0.421
AKT1	GRM5	0.44
AKT1	GSK3B	0.996
AKT1	HDAC1	0.758
AKT1	HIF1A	0.932
AKT1	HMGB1	0.598
AKT1	HMOX1	0.796
AKT1	IGF1	0.935
AKT1	IKBKB	0.99
AKT1	IL10	0.731
AKT1	IL18	0.581
AKT1	IL1A	0.666
AKT1	IL1B	0.864
AKT1	IL1R1	0.46
AKT1	IL4	0.699
AKT1	IL6	0.872
AKT1	INS	0.953
AKT1	IRS1	0.972
AKT1	LEP	0.825
AKT1	MAP2	0.423
AKT1	MAPK1	0.988
AKT1	MAPK3	0.957
AKT1	MBP	0.456
AKT1	MECP2	0.436
AKT1	MTOR	0.999
AKT1	NFE2L2	0.923
AKT1	NGF	0.818
AKT1	NLRP3	0.569
AKT1	NOS1	0.953
AKT1	NPY	0.447
AKT1	OPRM1	0.568
AKT1	PIK3CA	0.998
AKT1	POMC	0.531
AKT1	PPARA	0.7
AKT1	PPARG	0.79
AKT1	PTEN	0.988
AKT1	PTGS2	0.775
AKT1	PXDN	0.876
AKT1	PXDNL	0.875
AKT1	RBFOX3	0.549
AKT1	RPS6KB1	0.982
AKT1	S100B	0.418
AKT1	SHANK3	0.548
AKT1	SIGMAR1	0.626
AKT1	SIRT1	0.873
AKT1	SLC1A2	0.412
AKT1	SLC2A1	0.708
AKT1	SLC6A3	0.407
AKT1	SOD2	0.631
AKT1	SRC	0.995
AKT1	SST	0.489
AKT1	STAT3	0.966
AKT1	SYN1	0.466
AKT1	SYP	0.511
AKT1	TAC1	0.436
AKT1	TH	0.515
AKT1	TLR4	0.769
AKT1	TNF	0.907
AKT1	TRPV1	0.679
AKT1	TSC1	0.985
AKT1	TSC2	0.99
ALB	APP	0.901
ALB	BACE1	0.454
ALB	BCL2	0.748
ALB	BDNF	0.684
ALB	BECN1	0.59
ALB	CA2	0.622
ALB	CALB1	0.561
ALB	CALB2	0.462
ALB	CALM3	0.789
ALB	CALML3	0.792
ALB	CALML4	0.791
ALB	CALML5	0.794
ALB	CALML6	0.789
ALB	CASP1	0.611
ALB	CASP3	0.815
ALB	CASP8	0.595
ALB	CASP9	0.634
ALB	CCK	0.733
ALB	CCL2	0.739
ALB	CHAT	0.507
ALB	CNR1	0.418
ALB	CREB1	0.608
ALB	CRH	0.453
ALB	DLG4	0.555
ALB	FOS	0.621
ALB	GAD1	0.524
ALB	GAD2	0.462
ALB	GAPDH	0.895
ALB	GDNF	0.584
ALB	GFAP	0.771
ALB	GJA1	0.574
ALB	GLUL	0.523
ALB	GRIA1	0.424
ALB	GRIN2B	0.436
ALB	GSK3B	0.674
ALB	HDAC1	0.448
ALB	HIF1A	0.642
ALB	HMGB1	0.553
ALB	HMOX1	0.683
ALB	IGF1	0.83
ALB	IKBKB	0.471
ALB	IL10	0.847
ALB	IL18	0.63
ALB	IL1A	0.725
ALB	IL1B	0.836
ALB	IL4	0.725
ALB	IL6	0.926
ALB	INS	0.999
ALB	IRS1	0.542
ALB	KCNH2	0.433
ALB	LEP	0.805
ALB	MAP2	0.613
ALB	MAPK1	0.563
ALB	MAPK3	0.697
ALB	MBP	0.649
ALB	MTOR	0.628
ALB	NEFL	0.534
ALB	NFE2L2	0.59
ALB	NGF	0.763
ALB	NLRP3	0.481
ALB	NOS1	0.484
ALB	NPY	0.53
ALB	NTRK2	0.426
ALB	OXT	0.501
ALB	POMC	0.822
ALB	PPARA	0.751
ALB	PPARG	0.682
ALB	PRKACA	0.612
ALB	PRKACB	0.61
ALB	PRKACG	0.612
ALB	PRKCA	0.468
ALB	PTEN	0.607
ALB	PTGS2	0.772
ALB	PVALB	0.717
ALB	PXDN	0.938
ALB	PXDNL	0.937
ALB	RBFOX3	0.728
ALB	RPS6KB1	0.592
ALB	S100B	0.585
ALB	SCN2A	0.529
ALB	SIRT1	0.611
ALB	SLC17A6	0.46
ALB	SLC17A7	0.496
ALB	SLC1A2	0.428
ALB	SLC1A3	0.418
ALB	SLC2A1	0.63
ALB	SLC6A3	0.4
ALB	SNAP25	0.41
ALB	SOD2	0.521
ALB	SRC	0.655
ALB	SST	0.63
ALB	STAT3	0.694
ALB	SYN1	0.516
ALB	SYN2	0.413
ALB	SYN3	0.435
ALB	SYP	0.587
ALB	TAC1	0.603
ALB	TH	0.601
ALB	TLR4	0.821
ALB	TNF	0.87
ALB	TRPV1	0.543
APP	BACE1	0.999
APP	BCL2	0.594
APP	BDNF	0.858
APP	BECN1	0.511
APP	CALB1	0.442
APP	CALM3	0.52
APP	CALML3	0.486
APP	CALML4	0.491
APP	CALML5	0.488
APP	CALML6	0.486
APP	CAMK2A	0.551
APP	CASP1	0.502
APP	CASP3	0.908
APP	CASP8	0.431
APP	CASP9	0.43
APP	CCL2	0.506
APP	CHAT	0.619
APP	CREB1	0.713
APP	CRH	0.524
APP	CYP46A1	0.652
APP	DLG4	0.829
APP	ERBB4	0.431
APP	FOS	0.543
APP	GAPDH	0.98
APP	GDNF	0.506
APP	GFAP	0.772
APP	GRIA1	0.587
APP	GRIA2	0.487
APP	GRIN1	0.776
APP	GRIN2A	0.848
APP	GRIN2B	0.872
APP	GRM1	0.498
APP	GRM5	0.754
APP	GSK3B	0.897
APP	HIF1A	0.483
APP	HMGB1	0.583
APP	HMOX1	0.512
APP	HTR1A	0.45
APP	HTR2A	0.448
APP	IGF1	0.548
APP	IL10	0.561
APP	IL18	0.416
APP	IL1A	0.507
APP	IL1B	0.828
APP	IL1R1	0.517
APP	IL4	0.452
APP	IL6	0.68
APP	INS	0.799
APP	IRS1	0.47
APP	KCNMA1	0.423
APP	LEP	0.416
APP	MAP2	0.592
APP	MAPK1	0.827
APP	MAPK3	0.753
APP	MBP	0.744
APP	MECP2	0.435
APP	MTOR	0.491
APP	NEFL	0.861
APP	NFE2L2	0.546
APP	NGF	0.85
APP	NLGN1	0.416
APP	NOS1	0.501
APP	NRXN1	0.653
APP	NTRK2	0.602
APP	PPARG	0.548
APP	PRKACA	0.48
APP	PRKACB	0.47
APP	PRKACG	0.468
APP	PTEN	0.592
APP	PTGS2	0.642
APP	PVALB	0.471
APP	PXDN	0.669
APP	PXDNL	0.658
APP	RBFOX3	0.67
APP	RPS6KB1	0.446
APP	S100B	0.748
APP	SCN10A	0.669
APP	SCN11A	0.403
APP	SCN8A	0.535
APP	SIGMAR1	0.533
APP	SIRT1	0.572
APP	SLC12A5	0.542
APP	SLC17A7	0.433
APP	SLC1A2	0.632
APP	SLC1A3	0.417
APP	SLC6A3	0.479
APP	SNAP25	0.564
APP	SRC	0.864
APP	SST	0.788
APP	STAT3	0.753
APP	STX1A	0.741
APP	SV2A	0.409
APP	SYN1	0.773
APP	SYN2	0.489
APP	SYN3	0.453
APP	SYP	0.918
APP	SYT1	0.478
APP	TH	0.506
APP	TLR4	0.67
APP	TNF	0.799
ARHGEF9	CDKL5	0.718
ARHGEF9	DLG4	0.434
ARHGEF9	GABRA1	0.635
ARHGEF9	GABRA2	0.94
ARHGEF9	GABRA3	0.47
ARHGEF9	GABRA4	0.517
ARHGEF9	GABRA5	0.544
ARHGEF9	GABRA6	0.566
ARHGEF9	GABRB1	0.612
ARHGEF9	GABRB2	0.618
ARHGEF9	GABRB3	0.784
ARHGEF9	GABRG2	0.733
ARHGEF9	GABRG3	0.604
ARHGEF9	GAD2	0.417
ARHGEF9	GPHN	0.998
ARHGEF9	KCNQ2	0.678
ARHGEF9	KCNT1	0.467
ARHGEF9	MECP2	0.535
ARHGEF9	NLGN1	0.537
ARHGEF9	NRXN1	0.541
ARHGEF9	PCDH10	0.741
ARHGEF9	PCDH19	0.795
ARHGEF9	PRRT2	0.405
ARHGEF9	SCN1A	0.653
ARHGEF9	SCN2A	0.653
ARHGEF9	SLC2A1	0.402
ARHGEF9	SLC32A1	0.523
ARHGEF9	SRC	0.568
ARHGEF9	STXBP1	0.712
BACE1	BCL2	0.67
BACE1	BDNF	0.638
BACE1	BECN1	0.4
BACE1	CA2	0.438
BACE1	CALM3	0.636
BACE1	CASP3	0.67
BACE1	CHAT	0.447
BACE1	CREB1	0.541
BACE1	DLG4	0.618
BACE1	DRD2	0.464
BACE1	GABRB1	0.409
BACE1	GAPDH	0.516
BACE1	GFAP	0.566
BACE1	GRIA1	0.413
BACE1	GRIN2B	0.418
BACE1	GSK3B	0.677
BACE1	HMOX1	0.4
BACE1	IL1B	0.559
BACE1	IL6	0.503
BACE1	INS	0.513
BACE1	MAP2	0.473
BACE1	MAPK3	0.406
BACE1	NEFL	0.489
BACE1	NFE2L2	0.433
BACE1	NGF	0.485
BACE1	NTRK2	0.446
BACE1	PPARG	0.493
BACE1	PTGS2	0.446
BACE1	PXDN	0.514
BACE1	PXDNL	0.481
BACE1	RBFOX3	0.427
BACE1	SCN1A	0.649
BACE1	SCN2B	0.582
BACE1	SIRT1	0.553
BACE1	SNAP25	0.48
BACE1	SYN1	0.656
BACE1	SYN2	0.591
BACE1	SYN3	0.548
BACE1	SYP	0.786
BACE1	TNF	0.532
BCL2	BDNF	0.793
BCL2	BECN1	0.999
BCL2	CALM3	0.677
BCL2	CALML3	0.505
BCL2	CALML4	0.526
BCL2	CALML5	0.505
BCL2	CALML6	0.505
BCL2	CASP1	0.817
BCL2	CASP3	0.987
BCL2	CASP8	0.984
BCL2	CASP9	0.946
BCL2	CCK	0.833
BCL2	CCL2	0.607
BCL2	CNR1	0.494
BCL2	CREB1	0.925
BCL2	DLG4	0.403
BCL2	ERBB4	0.66
BCL2	FOS	0.784
BCL2	GAPDH	0.876
BCL2	GDNF	0.506
BCL2	GFAP	0.538
BCL2	GJA1	0.478
BCL2	GRIN3A	0.409
BCL2	GSK3B	0.731
BCL2	HDAC1	0.558
BCL2	HIF1A	0.946
BCL2	HMGB1	0.602
BCL2	HMOX1	0.856
BCL2	IGF1	0.765
BCL2	IKBKB	0.727
BCL2	IL10	0.718
BCL2	IL18	0.552
BCL2	IL1A	0.625
BCL2	IL1B	0.808
BCL2	IL4	0.607
BCL2	IL6	0.868
BCL2	INS	0.721
BCL2	IRS1	0.785
BCL2	LEP	0.617
BCL2	MAPK1	0.969
BCL2	MAPK3	0.985
BCL2	MTOR	0.765
BCL2	NFE2L2	0.687
BCL2	NGF	0.623
BCL2	NLRP3	0.516
BCL2	NOS1	0.616
BCL2	NTRK2	0.52
BCL2	PIK3CA	0.61
BCL2	PPARA	0.649
BCL2	PPARG	0.649
BCL2	PRKACA	0.706
BCL2	PRKACB	0.707
BCL2	PRKACG	0.7
BCL2	PRKCA	0.695
BCL2	PTEN	0.815
BCL2	PTGS2	0.745
BCL2	PXDN	0.844
BCL2	PXDNL	0.844
BCL2	RBFOX3	0.524
BCL2	RPS6KB1	0.679
BCL2	SIGMAR1	0.603
BCL2	SIRT1	0.744
BCL2	SLC2A1	0.512
BCL2	SOD2	0.633
BCL2	SRC	0.86
BCL2	SST	0.4
BCL2	STAT3	0.959
BCL2	SYP	0.522
BCL2	TH	0.504
BCL2	TLR4	0.724
BCL2	TNF	0.885
BCL2	TSC2	0.532
BDNF	CACNA1C	0.448
BDNF	CALB1	0.616
BDNF	CALB2	0.553
BDNF	CALM3	0.746
BDNF	CALML3	0.748
BDNF	CALML4	0.814
BDNF	CALML5	0.748
BDNF	CALML6	0.748
BDNF	CAMK2A	0.647
BDNF	CASP1	0.457
BDNF	CASP3	0.72
BDNF	CASP9	0.435
BDNF	CCK	0.504
BDNF	CCL2	0.597
BDNF	CHAT	0.697
BDNF	CHRNA2	0.501
BDNF	CNR1	0.784
BDNF	CREB1	0.956
BDNF	CRH	0.818
BDNF	DLG4	0.786
BDNF	DRD1	0.795
BDNF	DRD2	0.79
BDNF	ERBB4	0.781
BDNF	FOS	0.748
BDNF	GABBR1	0.582
BDNF	GABBR2	0.482
BDNF	GABRA1	0.533
BDNF	GABRA2	0.505
BDNF	GABRA4	0.429
BDNF	GABRA5	0.496
BDNF	GAD1	0.696
BDNF	GAD2	0.739
BDNF	GAPDH	0.709
BDNF	GDNF	0.963
BDNF	GFAP	0.804
BDNF	GJA1	0.409
BDNF	GLUL	0.428
BDNF	GPHN	0.475
BDNF	GRIA1	0.828
BDNF	GRIA2	0.618
BDNF	GRIA3	0.469
BDNF	GRIA4	0.479
BDNF	GRIN1	0.745
BDNF	GRIN2A	0.819
BDNF	GRIN2B	0.931
BDNF	GRIN2C	0.624
BDNF	GRIN2D	0.628
BDNF	GRIN3A	0.587
BDNF	GRM1	0.529
BDNF	GRM2	0.61
BDNF	GRM3	0.659
BDNF	GRM5	0.636
BDNF	GSK3B	0.672
BDNF	HAP1	0.826
BDNF	HDAC1	0.726
BDNF	HIF1A	0.521
BDNF	HMGB1	0.423
BDNF	HMOX1	0.627
BDNF	HTR1A	0.816
BDNF	HTR1B	0.561
BDNF	HTR2A	0.89
BDNF	HTR2C	0.581
BDNF	HTR3A	0.424
BDNF	IGF1	0.859
BDNF	IL10	0.695
BDNF	IL18	0.482
BDNF	IL1A	0.645
BDNF	IL1B	0.844
BDNF	IL1R1	0.468
BDNF	IL4	0.589
BDNF	IL6	0.846
BDNF	INS	0.75
BDNF	IRS1	0.418
BDNF	LEP	0.732
BDNF	MAP2	0.713
BDNF	MAPK1	0.845
BDNF	MAPK3	0.942
BDNF	MBP	0.683
BDNF	MECP2	0.965
BDNF	MTOR	0.652
BDNF	NEFL	0.535
BDNF	NFE2L2	0.494
BDNF	NGF	0.698
BDNF	NLGN1	0.469
BDNF	NOS1	0.511
BDNF	NPY	0.825
BDNF	NRXN1	0.515
BDNF	NTRK2	0.999
BDNF	OPRM1	0.599
BDNF	OXT	0.61
BDNF	P2RX4	0.571
BDNF	PDYN	0.582
BDNF	PIK3CA	0.573
BDNF	POMC	0.727
BDNF	PPARA	0.439
BDNF	PPARG	0.561
BDNF	PPP1R1B	0.603
BDNF	PRKACA	0.648
BDNF	PRKACB	0.637
BDNF	PRKACG	0.748
BDNF	PTEN	0.625
BDNF	PTGS2	0.654
BDNF	PVALB	0.776
BDNF	PXDN	0.773
BDNF	PXDNL	0.766
BDNF	RBFOX3	0.769
BDNF	RPS6KB1	0.642
BDNF	S100B	0.786
BDNF	SCN10A	0.406
BDNF	SCN11A	0.567
BDNF	SHANK3	0.474
BDNF	SIGMAR1	0.504
BDNF	SIRT1	0.652
BDNF	SLC12A2	0.492
BDNF	SLC12A5	0.794
BDNF	SLC17A6	0.531
BDNF	SLC17A7	0.63
BDNF	SLC1A2	0.619
BDNF	SLC1A3	0.573
BDNF	SLC2A1	0.601
BDNF	SLC32A1	0.479
BDNF	SLC6A3	0.697
BDNF	SLC6A4	0.922
BDNF	SNAP25	0.588
BDNF	SRC	0.688
BDNF	SST	0.723
BDNF	STAT3	0.685
BDNF	SV2A	0.556
BDNF	SYN1	0.772
BDNF	SYN2	0.619
BDNF	SYN3	0.619
BDNF	SYP	0.833
BDNF	SYT1	0.513
BDNF	TAC1	0.84
BDNF	TH	0.837
BDNF	TLR4	0.593
BDNF	TNF	0.739
BDNF	TRPV1	0.653
BECN1	CALM3	0.454
BECN1	CALML3	0.447
BECN1	CALML4	0.406
BECN1	CALML5	0.446
BECN1	CALML6	0.406
BECN1	CASP1	0.613
BECN1	CASP3	0.925
BECN1	CASP8	0.914
BECN1	CASP9	0.928
BECN1	CCK	0.63
BECN1	CREB1	0.413
BECN1	GAPDH	0.757
BECN1	GFAP	0.444
BECN1	GJA1	0.79
BECN1	GSK3B	0.554
BECN1	HIF1A	0.632
BECN1	HMGB1	0.999
BECN1	HMOX1	0.58
BECN1	IGF1	0.489
BECN1	IKBKB	0.437
BECN1	IL10	0.485
BECN1	IL18	0.532
BECN1	IL1B	0.65
BECN1	IL6	0.609
BECN1	INS	0.563
BECN1	IRS1	0.921
BECN1	MAPK1	0.431
BECN1	MAPK3	0.6
BECN1	MTOR	0.891
BECN1	NFE2L2	0.568
BECN1	NLRP3	0.718
BECN1	PIK3CA	0.696
BECN1	PPARG	0.451
BECN1	PTEN	0.639
BECN1	PTGS2	0.435
BECN1	PXDN	0.738
BECN1	PXDNL	0.734
BECN1	RPS6KB1	0.728
BECN1	S100B	0.623
BECN1	SIRT1	0.7
BECN1	SOD2	0.467
BECN1	SRC	0.466
BECN1	STAT3	0.803
BECN1	TLR4	0.574
BECN1	TNF	0.602
BECN1	TSC1	0.532
BECN1	TSC2	0.689
CA2	CALM3	0.698
CA2	CALML4	0.405
CA2	FOS	0.411
CA2	GAPDH	0.45
CA2	GLUL	0.41
CA2	MBP	0.569
CA2	SRC	0.555
CACNA1A	CACNA1B	0.945
CACNA1A	CACNA1C	0.952
CACNA1A	CACNA1D	0.673
CACNA1A	CACNA1G	0.778
CACNA1A	CACNA1H	0.762
CACNA1A	CACNA1I	0.675
CACNA1A	CACNA2D1	0.951
CACNA1A	CACNB1	0.919
CACNA1A	CACNB2	0.955
CACNA1A	CACNB3	0.853
CACNA1A	CACNB4	0.995
CACNA1A	CACNG2	0.912
CACNA1A	CACNG3	0.815
CACNA1A	CACNG4	0.662
CACNA1A	CALB1	0.467
CACNA1A	CALM3	0.977
CACNA1A	CALML3	0.801
CACNA1A	CALML4	0.752
CACNA1A	CALML5	0.801
CACNA1A	CALML6	0.752
CACNA1A	CAMK2A	0.434
CACNA1A	CASP3	0.406
CACNA1A	CDKL5	0.514
CACNA1A	GABRA1	0.55
CACNA1A	GABRA6	0.447
CACNA1A	GABRB3	0.661
CACNA1A	GABRD	0.471
CACNA1A	GABRG2	0.501
CACNA1A	GAD1	0.552
CACNA1A	GRIA1	0.504
CACNA1A	GRIA2	0.581
CACNA1A	GRIN2A	0.504
CACNA1A	GRIN2B	0.458
CACNA1A	GRM1	0.69
CACNA1A	GRM3	0.519
CACNA1A	INS	0.926
CACNA1A	KCNA1	0.892
CACNA1A	KCNA2	0.603
CACNA1A	KCNC1	0.533
CACNA1A	KCND2	0.453
CACNA1A	KCNMA1	0.593
CACNA1A	KCNQ2	0.734
CACNA1A	KCNQ3	0.551
CACNA1A	KCNT1	0.508
CACNA1A	MAPK3	0.475
CACNA1A	NRXN1	0.461
CACNA1A	PRKCA	0.915
CACNA1A	PRKCG	0.98
CACNA1A	PRRT2	0.704
CACNA1A	PVALB	0.509
CACNA1A	SCN1A	0.467
CACNA1A	SCN1B	0.675
CACNA1A	SCN2B	0.582
CACNA1A	SLC12A5	0.434
CACNA1A	SLC17A7	0.441
CACNA1A	SLC1A3	0.544
CACNA1A	SLC6A1	0.414
CACNA1A	SLC6A11	0.521
CACNA1A	SNAP25	0.875
CACNA1A	STX1A	0.774
CACNA1A	STXBP1	0.531
CACNA1A	SYN1	0.422
CACNA1A	SYT1	0.765
CACNA1A	TRPV1	0.57
CACNA1B	CACNA1C	0.756
CACNA1B	CACNA1D	0.772
CACNA1B	CACNA1G	0.853
CACNA1B	CACNA1H	0.772
CACNA1B	CACNA1I	0.666
CACNA1B	CACNA2D1	0.991
CACNA1B	CACNB1	0.982
CACNA1B	CACNB2	0.911
CACNA1B	CACNB3	0.998
CACNA1B	CACNB4	0.885
CACNA1B	CACNG2	0.873
CACNA1B	CACNG3	0.688
CACNA1B	CACNG4	0.822
CACNA1B	CALM3	0.978
CACNA1B	CALML3	0.776
CACNA1B	CALML4	0.722
CACNA1B	CALML5	0.777
CACNA1B	CALML6	0.722
CACNA1B	CAMK2A	0.438
CACNA1B	CHRNA4	0.44
CACNA1B	DRD2	0.535
CACNA1B	GABBR1	0.601
CACNA1B	GABBR2	0.536
CACNA1B	GABRA1	0.451
CACNA1B	GRIA1	0.488
CACNA1B	GRIA2	0.404
CACNA1B	GRIN2A	0.469
CACNA1B	GRIN2B	0.444
CACNA1B	GRM1	0.523
CACNA1B	GRM5	0.484
CACNA1B	INS	0.919
CACNA1B	KCNA1	0.578
CACNA1B	KCNA2	0.605
CACNA1B	KCNC1	0.622
CACNA1B	KCND2	0.556
CACNA1B	KCNH2	0.432
CACNA1B	KCNMA1	0.552
CACNA1B	KCNQ2	0.594
CACNA1B	KCNQ3	0.478
CACNA1B	NRXN1	0.427
CACNA1B	PVALB	0.482
CACNA1B	SCN1B	0.581
CACNA1B	SCN2B	0.609
CACNA1B	SCN3B	0.4
CACNA1B	SIGMAR1	0.429
CACNA1B	SNAP25	0.884
CACNA1B	STX1A	0.99
CACNA1B	SYN1	0.461
CACNA1B	SYN2	0.4
CACNA1B	SYT1	0.778
CACNA1B	TAC1	0.46
CACNA1B	TRPV1	0.519
CACNA1C	CACNA1D	0.981
CACNA1C	CACNA1G	0.846
CACNA1C	CACNA1H	0.917
CACNA1C	CACNA1I	0.736
CACNA1C	CACNA2D1	0.998
CACNA1C	CACNB1	0.988
CACNA1C	CACNB2	0.999
CACNA1C	CACNB3	0.997
CACNA1C	CACNB4	0.97
CACNA1C	CACNG2	0.797
CACNA1C	CACNG3	0.91
CACNA1C	CACNG4	0.953
CACNA1C	CALM3	0.999
CACNA1C	CALML3	0.999
CACNA1C	CALML4	0.999
CACNA1C	CALML5	0.999
CACNA1C	CALML6	0.999
CACNA1C	CAMK2A	0.863
CACNA1C	CNTNAP2	0.425
CACNA1C	CREB1	0.433
CACNA1C	DLG4	0.65
CACNA1C	DRD2	0.508
CACNA1C	GAPDH	0.418
CACNA1C	GJA1	0.598
CACNA1C	GRIA1	0.478
CACNA1C	GRIN2A	0.534
CACNA1C	GRIN2B	0.443
CACNA1C	GRM3	0.529
CACNA1C	HTR2A	0.937
CACNA1C	HTR2C	0.918
CACNA1C	INS	0.956
CACNA1C	KCNA1	0.483
CACNA1C	KCNA2	0.557
CACNA1C	KCNC1	0.564
CACNA1C	KCND2	0.726
CACNA1C	KCNH2	0.891
CACNA1C	KCNMA1	0.918
CACNA1C	KCNQ2	0.485
CACNA1C	KCNQ3	0.415
CACNA1C	MECP2	0.417
CACNA1C	NOS1	0.924
CACNA1C	NRXN1	0.492
CACNA1C	PCDH19	0.422
CACNA1C	PPP1R1B	0.439
CACNA1C	PRKACA	0.971
CACNA1C	PRKACB	0.972
CACNA1C	PRKACG	0.961
CACNA1C	PRKCA	0.953
CACNA1C	PRKCG	0.916
CACNA1C	PVALB	0.432
CACNA1C	SCN1B	0.88
CACNA1C	SCN2B	0.744
CACNA1C	SCN3B	0.792
CACNA1C	SCN4B	0.819
CACNA1C	SCN5A	0.592
CACNA1C	SHANK3	0.508
CACNA1C	SLC1A2	0.437
CACNA1C	SLC6A4	0.461
CACNA1C	SNAP25	0.782
CACNA1C	STX1A	0.759
CACNA1C	STXBP1	0.567
CACNA1C	TNF	0.451
CACNA1C	TRPM4	0.57
CACNA1C	TRPV1	0.425
CACNA1D	CACNA1G	0.852
CACNA1D	CACNA1H	0.856
CACNA1D	CACNA1I	0.654
CACNA1D	CACNA2D1	0.999
CACNA1D	CACNB1	0.99
CACNA1D	CACNB2	0.997
CACNA1D	CACNB3	0.997
CACNA1D	CACNB4	0.965
CACNA1D	CACNG2	0.867
CACNA1D	CACNG3	0.957
CACNA1D	CACNG4	0.986
CACNA1D	CALB1	0.596
CACNA1D	CALM3	0.99
CACNA1D	CALML3	0.99
CACNA1D	CALML4	0.985
CACNA1D	CALML5	0.99
CACNA1D	CALML6	0.985
CACNA1D	CAMK2A	0.861
CACNA1D	CLCN2	0.591
CACNA1D	GABBR1	0.465
CACNA1D	GABBR2	0.505
CACNA1D	GRIA1	0.507
CACNA1D	GRIA2	0.403
CACNA1D	GRIN2A	0.515
CACNA1D	GRM5	0.432
CACNA1D	HTR2A	0.916
CACNA1D	HTR2C	0.921
CACNA1D	INS	0.934
CACNA1D	KCNA1	0.459
CACNA1D	KCND2	0.518
CACNA1D	KCNH2	0.485
CACNA1D	KCNMA1	0.848
CACNA1D	KCNQ2	0.409
CACNA1D	MAP2	0.456
CACNA1D	NOS1	0.918
CACNA1D	PRKACA	0.935
CACNA1D	PRKACB	0.934
CACNA1D	PRKACG	0.933
CACNA1D	PRKCA	0.917
CACNA1D	PRKCG	0.943
CACNA1D	PVALB	0.423
CACNA1D	SCN1B	0.628
CACNA1D	SCN2A	0.48
CACNA1D	SCN2B	0.584
CACNA1D	SHANK3	0.758
CACNA1D	SLC17A8	0.435
CACNA1D	SNAP25	0.736
CACNA1D	STX1A	0.717
CACNA1D	STXBP1	0.535
CACNA1D	SYT1	0.767
CACNA1G	CACNA1H	0.944
CACNA1G	CACNA1I	0.963
CACNA1G	CACNA2D1	0.768
CACNA1G	CACNB1	0.779
CACNA1G	CACNB2	0.766
CACNA1G	CACNB3	0.825
CACNA1G	CACNB4	0.739
CACNA1G	CACNG2	0.674
CACNA1G	CACNG3	0.697
CACNA1G	CACNG4	0.819
CACNA1G	CALM3	0.98
CACNA1G	CALML3	0.98
CACNA1G	CALML4	0.979
CACNA1G	CALML5	0.979
CACNA1G	CALML6	0.979
CACNA1G	CLCN2	0.459
CACNA1G	GABBR1	0.714
CACNA1G	GRIK2	0.624
CACNA1G	GRIK3	0.586
CACNA1G	GRIK4	0.616
CACNA1G	GRIK5	0.471
CACNA1G	INS	0.916
CACNA1G	KCNA1	0.478
CACNA1G	KCNA2	0.506
CACNA1G	KCND2	0.529
CACNA1G	KCNH2	0.479
CACNA1G	KCNMA1	0.558
CACNA1G	KCNQ2	0.474
CACNA1G	NOS1	0.916
CACNA1G	PRKCA	0.429
CACNA1G	SCN10A	0.692
CACNA1G	SCN11A	0.681
CACNA1G	SCN1A	0.726
CACNA1G	SCN1B	0.722
CACNA1G	SCN2A	0.721
CACNA1G	SCN2B	0.714
CACNA1G	SCN3A	0.706
CACNA1G	SCN3B	0.677
CACNA1G	SCN4A	0.701
CACNA1G	SCN4B	0.683
CACNA1G	SCN5A	0.716
CACNA1G	SCN7A	0.686
CACNA1G	SCN8A	0.719
CACNA1G	SCN9A	0.695
CACNA1G	TRPM4	0.676
CACNA1H	CACNA1I	0.979
CACNA1H	CACNA2D1	0.919
CACNA1H	CACNB1	0.761
CACNA1H	CACNB2	0.856
CACNA1H	CACNB3	0.891
CACNA1H	CACNB4	0.861
CACNA1H	CACNG2	0.801
CACNA1H	CACNG3	0.818
CACNA1H	CACNG4	0.829
CACNA1H	CALM3	0.957
CACNA1H	CALML3	0.943
CACNA1H	CALML4	0.941
CACNA1H	CALML5	0.943
CACNA1H	CALML6	0.94
CACNA1H	CLCN2	0.894
CACNA1H	CNTNAP2	0.49
CACNA1H	GABBR1	0.474
CACNA1H	GABRA1	0.707
CACNA1H	GABRB3	0.671
CACNA1H	GABRD	0.585
CACNA1H	GABRG2	0.736
CACNA1H	GRIK2	0.606
CACNA1H	GRIK3	0.619
CACNA1H	GRIK4	0.636
CACNA1H	GRIK5	0.509
CACNA1H	KCNA1	0.467
CACNA1H	KCNA2	0.482
CACNA1H	KCND2	0.494
CACNA1H	KCNH2	0.484
CACNA1H	KCNMA1	0.572
CACNA1H	KCNQ3	0.434
CACNA1H	KCNT1	0.453
CACNA1H	NOS1	0.92
CACNA1H	PANX1	0.463
CACNA1H	SCN10A	0.713
CACNA1H	SCN11A	0.693
CACNA1H	SCN1A	0.715
CACNA1H	SCN1B	0.748
CACNA1H	SCN2A	0.707
CACNA1H	SCN2B	0.681
CACNA1H	SCN3A	0.704
CACNA1H	SCN3B	0.721
CACNA1H	SCN4A	0.689
CACNA1H	SCN4B	0.692
CACNA1H	SCN5A	0.701
CACNA1H	SCN7A	0.689
CACNA1H	SCN8A	0.712
CACNA1H	SCN9A	0.712
CACNA1H	SLC6A1	0.555
CACNA1H	SNAP25	0.469
CACNA1H	STX1A	0.539
CACNA1H	TRPM4	0.677
CACNA1H	TRPV1	0.584
CACNA1I	CACNA2D1	0.547
CACNA1I	CACNB1	0.607
CACNA1I	CACNB2	0.778
CACNA1I	CACNB3	0.532
CACNA1I	CACNB4	0.561
CACNA1I	CACNG2	0.474
CACNA1I	CACNG3	0.513
CACNA1I	CACNG4	0.443
CACNA1I	CALM3	0.94
CACNA1I	CALML3	0.938
CACNA1I	CALML4	0.936
CACNA1I	CALML5	0.938
CACNA1I	CALML6	0.936
CACNA1I	GRIK2	0.575
CACNA1I	GRIK3	0.591
CACNA1I	GRIK4	0.576
CACNA1I	GRIK5	0.441
CACNA1I	GRIN2B	0.545
CACNA1I	KCNA1	0.453
CACNA1I	KCNA2	0.512
CACNA1I	KCND2	0.487
CACNA1I	KCNMA1	0.452
CACNA1I	NOS1	0.919
CACNA1I	PVALB	0.445
CACNA1I	SCN10A	0.689
CACNA1I	SCN11A	0.677
CACNA1I	SCN1A	0.796
CACNA1I	SCN1B	0.662
CACNA1I	SCN2A	0.699
CACNA1I	SCN2B	0.597
CACNA1I	SCN3A	0.694
CACNA1I	SCN3B	0.619
CACNA1I	SCN4A	0.682
CACNA1I	SCN4B	0.67
CACNA1I	SCN5A	0.685
CACNA1I	SCN7A	0.662
CACNA1I	SCN8A	0.795
CACNA1I	SCN9A	0.685
CACNA1I	TRPM4	0.616
CACNA1I	TRPV1	0.435
CACNA2D1	CACNB1	0.999
CACNA2D1	CACNB2	0.995
CACNA2D1	CACNB3	0.995
CACNA2D1	CACNB4	0.983
CACNA2D1	CACNG2	0.912
CACNA2D1	CACNG3	0.978
CACNA2D1	CACNG4	0.972
CACNA2D1	CAMK2A	0.757
CACNA2D1	GRIA2	0.409
CACNA2D1	GRIN1	0.446
CACNA2D1	KCND2	0.519
CACNA2D1	KCNH2	0.633
CACNA2D1	PRKACA	0.701
CACNA2D1	PRKACB	0.704
CACNA2D1	PRKACG	0.698
CACNA2D1	PRKCG	0.419
CACNA2D1	SCN10A	0.71
CACNA2D1	SCN11A	0.506
CACNA2D1	SCN1A	0.509
CACNA2D1	SCN1B	0.679
CACNA2D1	SCN2A	0.507
CACNA2D1	SCN2B	0.632
CACNA2D1	SCN3A	0.481
CACNA2D1	SCN3B	0.712
CACNA2D1	SCN4A	0.493
CACNA2D1	SCN4B	0.517
CACNA2D1	SCN5A	0.855
CACNA2D1	SCN7A	0.575
CACNA2D1	SCN8A	0.487
CACNA2D1	SCN9A	0.538
CACNA2D1	STX1A	0.468
CACNA2D1	STXBP1	0.465
CACNA2D1	TRPM4	0.526
CACNB1	CACNB2	0.942
CACNB1	CACNB3	0.937
CACNB1	CACNB4	0.577
CACNB1	CACNG2	0.847
CACNB1	CACNG3	0.912
CACNB1	CACNG4	0.928
CACNB1	CAMK2A	0.762
CACNB1	GABRA5	0.431
CACNB1	GAD2	0.434
CACNB1	GRIA3	0.413
CACNB1	NTRK2	0.587
CACNB1	PRKACA	0.671
CACNB1	PRKACB	0.672
CACNB1	PRKACG	0.662
CACNB1	PRKCG	0.447
CACNB1	SCN10A	0.42
CACNB1	SCN11A	0.413
CACNB1	SCN1A	0.634
CACNB1	SCN2A	0.557
CACNB1	SCN3A	0.555
CACNB1	SCN4A	0.658
CACNB1	SCN5A	0.548
CACNB1	SCN7A	0.456
CACNB1	SCN8A	0.465
CACNB1	SCN9A	0.473
CACNB1	SYN2	0.409
CACNB2	CACNB3	0.961
CACNB2	CACNB4	0.891
CACNB2	CACNG2	0.813
CACNB2	CACNG3	0.779
CACNB2	CACNG4	0.793
CACNB2	CAMK2A	0.722
CACNB2	GRIN2A	0.42
CACNB2	INS	0.455
CACNB2	KCND2	0.471
CACNB2	KCNH2	0.773
CACNB2	PRKACA	0.671
CACNB2	PRKACB	0.68
CACNB2	PRKACG	0.67
CACNB2	SCN10A	0.677
CACNB2	SCN1A	0.559
CACNB2	SCN1B	0.828
CACNB2	SCN2A	0.49
CACNB2	SCN2B	0.635
CACNB2	SCN3A	0.458
CACNB2	SCN3B	0.846
CACNB2	SCN4A	0.468
CACNB2	SCN4B	0.561
CACNB2	SCN5A	0.905
CACNB2	SCN7A	0.509
CACNB2	SCN8A	0.462
CACNB2	SCN9A	0.485
CACNB2	SNAP25	0.506
CACNB2	STX1A	0.426
CACNB2	STXBP1	0.531
CACNB2	TRPM4	0.515
CACNB3	CACNB4	0.964
CACNB3	CACNG2	0.867
CACNB3	CACNG3	0.938
CACNB3	CACNG4	0.962
CACNB3	CAMK2A	0.688
CACNB3	INS	0.431
CACNB3	PRKACA	0.658
CACNB3	PRKACB	0.656
CACNB3	PRKACG	0.656
CACNB3	SCN10A	0.409
CACNB3	SCN11A	0.412
CACNB3	SCN1A	0.411
CACNB3	SCN2A	0.463
CACNB3	SCN3A	0.456
CACNB3	SCN5A	0.415
CACNB3	SCN8A	0.453
CACNB3	SCN9A	0.418
CACNB3	SNAP25	0.447
CACNB3	SRC	0.45
CACNB3	STX1A	0.49
CACNB3	STXBP1	0.505
CACNB4	CACNG2	0.951
CACNB4	CACNG3	0.958
CACNB4	CACNG4	0.934
CACNB4	CALM3	0.463
CACNB4	CAMK2A	0.717
CACNB4	CLCN2	0.801
CACNB4	GABRA1	0.772
CACNB4	GABRB3	0.534
CACNB4	GABRD	0.799
CACNB4	GABRG2	0.555
CACNB4	GRIA1	0.45
CACNB4	GRIN2A	0.54
CACNB4	KCNA1	0.777
CACNB4	KCNA2	0.55
CACNB4	KCNMA1	0.438
CACNB4	KCNQ2	0.727
CACNB4	PRKACA	0.664
CACNB4	PRKACB	0.794
CACNB4	PRKACG	0.664
CACNB4	PRRT2	0.499
CACNB4	SCN10A	0.403
CACNB4	SCN1A	0.708
CACNB4	SCN1B	0.495
CACNB4	SCN2A	0.693
CACNB4	SCN3A	0.431
CACNB4	SCN4A	0.469
CACNB4	SCN8A	0.589
CACNB4	SCN9A	0.47
CACNB4	SLC1A3	0.754
CACNG2	CACNG3	0.756
CACNG2	CACNG4	0.734
CACNG2	CAMK2A	0.808
CACNG2	DLG4	0.999
CACNG2	GRIA1	0.999
CACNG2	GRIA2	0.995
CACNG2	GRIA3	0.984
CACNG2	GRIA4	0.975
CACNG2	GRIK2	0.747
CACNG2	GRIK3	0.707
CACNG2	GRIK4	0.706
CACNG2	GRIK5	0.584
CACNG2	GRIN1	0.894
CACNG2	GRIN2A	0.88
CACNG2	GRIN2B	0.893
CACNG2	GRIN2C	0.817
CACNG2	GRIN2D	0.795
CACNG2	GRIN3A	0.852
CACNG2	GSK3B	0.465
CACNG2	HTR3A	0.748
CACNG2	LGI1	0.907
CACNG2	NLGN1	0.413
CACNG2	NRXN1	0.435
CACNG2	PRKACA	0.727
CACNG2	PRKACB	0.726
CACNG2	PRKACG	0.728
CACNG2	STAT3	0.42
CACNG3	CACNG4	0.905
CACNG3	CAMK2A	0.805
CACNG3	DLG4	0.663
CACNG3	GABRA1	0.503
CACNG3	GABRA6	0.406
CACNG3	GABRD	0.466
CACNG3	GABRG2	0.489
CACNG3	GRIA1	0.867
CACNG3	GRIA2	0.923
CACNG3	GRIA3	0.852
CACNG3	GRIA4	0.869
CACNG3	GRIK2	0.628
CACNG3	GRIK3	0.662
CACNG3	GRIK4	0.608
CACNG3	GRIK5	0.494
CACNG3	GRIN1	0.83
CACNG3	GRIN2A	0.794
CACNG3	GRIN2B	0.8
CACNG3	GRIN2C	0.788
CACNG3	GRIN2D	0.748
CACNG3	GRIN3A	0.794
CACNG3	HTR3A	0.737
CACNG3	LGI1	0.571
CACNG3	PRKACA	0.65
CACNG3	PRKACB	0.661
CACNG3	PRKACG	0.658
CACNG3	SLC12A5	0.436
CACNG4	CAMK2A	0.703
CACNG4	DLG4	0.606
CACNG4	GRIA1	0.843
CACNG4	GRIA2	0.907
CACNG4	GRIA3	0.837
CACNG4	GRIA4	0.867
CACNG4	GRIK2	0.556
CACNG4	GRIK3	0.627
CACNG4	GRIK4	0.662
CACNG4	GRIK5	0.416
CACNG4	GRIN1	0.773
CACNG4	GRIN2A	0.764
CACNG4	GRIN2B	0.763
CACNG4	GRIN2C	0.779
CACNG4	GRIN2D	0.787
CACNG4	GRIN3A	0.774
CACNG4	HTR3A	0.72
CACNG4	LGI1	0.532
CACNG4	PRKACA	0.65
CACNG4	PRKACB	0.65
CACNG4	PRKACG	0.65
CACNG4	PRKCA	0.461
CALB1	CALM3	0.593
CALB1	CALML4	0.59
CALB1	CALML5	0.586
CALB1	CALML6	0.584
CALB1	CAMK2A	0.569
CALB1	CASP3	0.81
CALB1	CCK	0.662
CALB1	CHAT	0.728
CALB1	CRH	0.405
CALB1	DLG4	0.551
CALB1	FOS	0.542
CALB1	GAD1	0.873
CALB1	GAD2	0.726
CALB1	GAPDH	0.504
CALB1	GDNF	0.447
CALB1	GFAP	0.765
CALB1	GLUL	0.526
CALB1	GPHN	0.529
CALB1	GRIA1	0.48
CALB1	GRIN1	0.405
CALB1	GRIN2A	0.417
CALB1	GRIN2B	0.418
CALB1	GRM1	0.485
CALB1	HTR3A	0.44
CALB1	KCNA1	0.464
CALB1	KCNC1	0.466
CALB1	KCND2	0.41
CALB1	MAP2	0.576
CALB1	MBP	0.467
CALB1	NEFL	0.477
CALB1	NOS1	0.486
CALB1	NPY	0.763
CALB1	NTRK2	0.479
CALB1	PDYN	0.472
CALB1	PPP1R1B	0.604
CALB1	PRKCA	0.619
CALB1	PRKCG	0.664
CALB1	PVALB	0.964
CALB1	PXDN	0.512
CALB1	PXDNL	0.512
CALB1	RBFOX3	0.805
CALB1	S100B	0.757
CALB1	SCN8A	0.414
CALB1	SLC12A5	0.405
CALB1	SLC17A6	0.73
CALB1	SLC17A7	0.724
CALB1	SLC17A8	0.62
CALB1	SLC1A3	0.47
CALB1	SLC32A1	0.69
CALB1	SLC6A1	0.498
CALB1	SLC6A3	0.505
CALB1	SNAP25	0.51
CALB1	SST	0.882
CALB1	SYN1	0.546
CALB1	SYN2	0.463
CALB1	SYN3	0.442
CALB1	SYP	0.755
CALB1	TAC1	0.681
CALB1	TH	0.778
CALB2	CALML4	0.445
CALB2	CALML6	0.445
CALB2	CAMK2A	0.561
CALB2	CCK	0.678
CALB2	CHAT	0.761
CALB2	CRH	0.611
CALB2	DLG4	0.471
CALB2	FOS	0.475
CALB2	GAD1	0.832
CALB2	GAD2	0.755
CALB2	GAPDH	0.431
CALB2	GFAP	0.705
CALB2	GLUL	0.456
CALB2	GPHN	0.544
CALB2	GRIA1	0.416
CALB2	GRM1	0.406
CALB2	HTR3A	0.598
CALB2	KCNA1	0.41
CALB2	KCNC1	0.506
CALB2	MAP2	0.549
CALB2	NEFL	0.418
CALB2	NOS1	0.579
CALB2	NPY	0.902
CALB2	NTRK2	0.446
CALB2	PDYN	0.495
CALB2	PPP1R1B	0.588
CALB2	PRKCA	0.533
CALB2	PRKCG	0.457
CALB2	PVALB	0.967
CALB2	PXDN	0.474
CALB2	PXDNL	0.474
CALB2	RBFOX3	0.758
CALB2	S100B	0.5
CALB2	SLC12A5	0.433
CALB2	SLC17A6	0.731
CALB2	SLC17A7	0.689
CALB2	SLC17A8	0.628
CALB2	SLC1A3	0.424
CALB2	SLC32A1	0.697
CALB2	SLC6A1	0.545
CALB2	SLC6A11	0.519
CALB2	SNAP25	0.516
CALB2	SST	0.938
CALB2	SYN1	0.546
CALB2	SYN2	0.48
CALB2	SYN3	0.419
CALB2	SYP	0.743
CALB2	TAC1	0.658
CALB2	TH	0.731
CALM3	CALML3	0.996
CALM3	CALML4	0.996
CALM3	CALML5	0.996
CALM3	CALML6	0.996
CALM3	CAMK2A	0.999
CALM3	CASP3	0.518
CALM3	CNR1	0.582
CALM3	CREB1	0.891
CALM3	DLG4	0.989
CALM3	DRD2	0.756
CALM3	FOS	0.672
CALM3	GABRB3	0.411
CALM3	GAPDH	0.684
CALM3	GJA1	0.81
CALM3	GLUL	0.403
CALM3	GRIA1	0.583
CALM3	GRIA2	0.434
CALM3	GRIN1	0.996
CALM3	GRIN2A	0.901
CALM3	GRIN2B	0.91
CALM3	GRIN2C	0.758
CALM3	GRIN2D	0.755
CALM3	GRIN3A	0.515
CALM3	GRM1	0.445
CALM3	GRM3	0.496
CALM3	GRM5	0.688
CALM3	GSK3B	0.812
CALM3	HIF1A	0.446
CALM3	HTR2A	0.453
CALM3	IGF1	0.447
CALM3	IKBKB	0.541
CALM3	IL1B	0.516
CALM3	IL6	0.482
CALM3	INS	0.77
CALM3	IRS1	0.657
CALM3	KCNA2	0.653
CALM3	KCNC1	0.501
CALM3	KCND2	0.452
CALM3	KCNH2	0.689
CALM3	KCNMA1	0.535
CALM3	KCNQ2	0.993
CALM3	KCNQ3	0.984
CALM3	MAP2	0.679
CALM3	MAPK1	0.553
CALM3	MAPK3	0.673
CALM3	MBP	0.988
CALM3	MTOR	0.714
CALM3	NGF	0.868
CALM3	NOS1	0.999
CALM3	NTRK2	0.708
CALM3	OXT	0.435
CALM3	P2RX4	0.56
CALM3	P2RX7	0.506
CALM3	PDYN	0.548
CALM3	POMC	0.828
CALM3	PPARA	0.595
CALM3	PPARG	0.423
CALM3	PPP1R1B	0.444
CALM3	PRKACA	0.989
CALM3	PRKACB	0.989
CALM3	PRKACG	0.992
CALM3	PRKCA	0.73
CALM3	PTEN	0.451
CALM3	PTGS2	0.411
CALM3	PVALB	0.783
CALM3	PXDN	0.586
CALM3	PXDNL	0.586
CALM3	RPS6KB1	0.471
CALM3	S100B	0.658
CALM3	SCN10A	0.505
CALM3	SCN11A	0.591
CALM3	SCN1A	0.562
CALM3	SCN2A	0.993
CALM3	SCN3A	0.559
CALM3	SCN4A	0.989
CALM3	SCN4B	0.41
CALM3	SCN5A	0.999
CALM3	SCN8A	0.896
CALM3	SCN9A	0.778
CALM3	SIRT1	0.429
CALM3	SLC6A1	0.424
CALM3	SLC6A3	0.565
CALM3	SNAP25	0.687
CALM3	SPTAN1	0.963
CALM3	SRC	0.858
CALM3	STAT3	0.607
CALM3	STX1A	0.526
CALM3	SYN1	0.835
CALM3	SYN2	0.692
CALM3	SYN3	0.678
CALM3	SYP	0.662
CALM3	SYT1	0.672
CALM3	TAC1	0.791
CALM3	TH	0.42
CALM3	TLR4	0.412
CALM3	TNF	0.82
CALM3	TRPM4	0.697
CALM3	TRPV1	0.998
CALML3	CALML4	0.963
CALML3	CALML5	0.967
CALML3	CALML6	0.962
CALML3	CAMK2A	0.999
CALML3	CASP3	0.518
CALML3	CNR1	0.572
CALML3	CREB1	0.89
CALML3	DLG4	0.891
CALML3	FOS	0.634
CALML3	GAD1	0.591
CALML3	GAD2	0.585
CALML3	GAPDH	0.671
CALML3	GJA1	0.862
CALML3	GRIA1	0.581
CALML3	GRIN1	0.96
CALML3	GRIN2A	0.895
CALML3	GRIN2B	0.927
CALML3	GRIN2C	0.741
CALML3	GRIN2D	0.74
CALML3	GRM1	0.432
CALML3	GRM3	0.488
CALML3	GRM5	0.493
CALML3	GSK3B	0.781
CALML3	HIF1A	0.445
CALML3	IGF1	0.434
CALML3	IL1B	0.512
CALML3	IL6	0.477
CALML3	INS	0.764
CALML3	IRS1	0.652
CALML3	KCNA2	0.438
CALML3	KCNC1	0.473
CALML3	KCND2	0.434
CALML3	KCNH2	0.612
CALML3	KCNMA1	0.512
CALML3	KCNQ2	0.965
CALML3	KCNQ3	0.821
CALML3	MAP2	0.68
CALML3	MAPK1	0.497
CALML3	MAPK3	0.648
CALML3	MBP	0.987
CALML3	MTOR	0.707
CALML3	NGF	0.864
CALML3	NOS1	0.999
CALML3	NTRK2	0.67
CALML3	OXT	0.434
CALML3	P2RX4	0.558
CALML3	P2RX7	0.515
CALML3	PDYN	0.547
CALML3	PIK3CA	0.518
CALML3	POMC	0.83
CALML3	PPARA	0.577
CALML3	PPARG	0.416
CALML3	PPP1R1B	0.418
CALML3	PRKACA	0.989
CALML3	PRKACB	0.989
CALML3	PRKACG	0.992
CALML3	PRKCA	0.719
CALML3	PTEN	0.437
CALML3	PVALB	0.776
CALML3	PXDN	0.56
CALML3	PXDNL	0.56
CALML3	RPS6KB1	0.47
CALML3	S100B	0.652
CALML3	SCN10A	0.467
CALML3	SCN1A	0.548
CALML3	SCN2A	0.828
CALML3	SCN3A	0.553
CALML3	SCN4A	0.857
CALML3	SCN5A	0.974
CALML3	SCN8A	0.818
CALML3	SCN9A	0.671
CALML3	SIRT1	0.428
CALML3	SLC6A3	0.563
CALML3	SNAP25	0.483
CALML3	SPTAN1	0.46
CALML3	SRC	0.927
CALML3	STX1A	0.493
CALML3	SYN1	0.775
CALML3	SYN2	0.678
CALML3	SYN3	0.678
CALML3	SYP	0.607
CALML3	SYT1	0.65
CALML3	TAC1	0.791
CALML3	TH	0.425
CALML3	TLR4	0.405
CALML3	TNF	0.74
CALML3	TRPM4	0.683
CALML3	TRPV1	0.992
CALML4	CALML5	0.964
CALML4	CALML6	0.961
CALML4	CAMK2A	0.999
CALML4	CASP3	0.514
CALML4	CNR1	0.571
CALML4	CREB1	0.891
CALML4	DLG4	0.892
CALML4	FOS	0.589
CALML4	GAD1	0.592
CALML4	GAD2	0.586
CALML4	GAPDH	0.648
CALML4	GJA1	0.861
CALML4	GRIA1	0.586
CALML4	GRIA2	0.404
CALML4	GRIN1	0.964
CALML4	GRIN2A	0.897
CALML4	GRIN2B	0.926
CALML4	GRIN2C	0.741
CALML4	GRIN2D	0.74
CALML4	GRM1	0.427
CALML4	GRM3	0.491
CALML4	GRM5	0.49
CALML4	GSK3B	0.771
CALML4	HIF1A	0.461
CALML4	IGF1	0.437
CALML4	IL1B	0.512
CALML4	IL6	0.482
CALML4	INS	0.771
CALML4	IRS1	0.653
CALML4	KCNA2	0.436
CALML4	KCNC1	0.431
CALML4	KCND2	0.43
CALML4	KCNH2	0.612
CALML4	KCNMA1	0.523
CALML4	KCNQ2	0.955
CALML4	KCNQ3	0.768
CALML4	LEP	0.422
CALML4	MAP2	0.664
CALML4	MAPK1	0.473
CALML4	MAPK3	0.633
CALML4	MBP	0.987
CALML4	MTOR	0.707
CALML4	NGF	0.868
CALML4	NOS1	0.999
CALML4	NTRK2	0.675
CALML4	OXT	0.422
CALML4	P2RX4	0.559
CALML4	P2RX7	0.51
CALML4	PDYN	0.547
CALML4	PIK3CA	0.517
CALML4	POMC	0.832
CALML4	PPARA	0.546
CALML4	PPP1R1B	0.418
CALML4	PRKACA	0.989
CALML4	PRKACB	0.989
CALML4	PRKACG	0.992
CALML4	PRKCA	0.719
CALML4	PTEN	0.413
CALML4	PVALB	0.776
CALML4	PXDN	0.573
CALML4	PXDNL	0.573
CALML4	RPS6KB1	0.443
CALML4	S100B	0.645
CALML4	SCN1A	0.427
CALML4	SCN2A	0.781
CALML4	SCN4A	0.822
CALML4	SCN5A	0.967
CALML4	SCN8A	0.769
CALML4	SCN9A	0.583
CALML4	SIRT1	0.421
CALML4	SLC6A3	0.563
CALML4	SNAP25	0.477
CALML4	SPTAN1	0.597
CALML4	SRC	0.927
CALML4	STX1A	0.489
CALML4	SYN1	0.805
CALML4	SYN2	0.721
CALML4	SYN3	0.721
CALML4	SYP	0.6
CALML4	SYT1	0.658
CALML4	TAC1	0.788
CALML4	TH	0.42
CALML4	TLR4	0.403
CALML4	TNF	0.74
CALML4	TRPM4	0.682
CALML4	TRPV1	0.99
CALML5	CALML6	0.963
CALML5	CAMK2A	0.999
CALML5	CASP3	0.518
CALML5	CNR1	0.572
CALML5	CREB1	0.89
CALML5	DLG4	0.891
CALML5	FOS	0.654
CALML5	GAD1	0.59
CALML5	GAD2	0.585
CALML5	GAPDH	0.67
CALML5	GJA1	0.861
CALML5	GRIA1	0.581
CALML5	GRIN1	0.96
CALML5	GRIN2A	0.895
CALML5	GRIN2B	0.927
CALML5	GRIN2C	0.744
CALML5	GRIN2D	0.739
CALML5	GRM1	0.432
CALML5	GRM3	0.488
CALML5	GRM5	0.494
CALML5	GSK3B	0.781
CALML5	HIF1A	0.444
CALML5	IGF1	0.434
CALML5	IL1B	0.514
CALML5	IL6	0.478
CALML5	INS	0.764
CALML5	IRS1	0.652
CALML5	KCNA2	0.436
CALML5	KCNC1	0.473
CALML5	KCND2	0.434
CALML5	KCNH2	0.612
CALML5	KCNMA1	0.512
CALML5	KCNQ2	0.965
CALML5	KCNQ3	0.821
CALML5	MAP2	0.681
CALML5	MAPK1	0.497
CALML5	MAPK3	0.648
CALML5	MBP	0.987
CALML5	MTOR	0.706
CALML5	NGF	0.865
CALML5	NOS1	0.999
CALML5	NTRK2	0.667
CALML5	OXT	0.432
CALML5	P2RX4	0.559
CALML5	P2RX7	0.508
CALML5	PDYN	0.547
CALML5	PIK3CA	0.518
CALML5	POMC	0.83
CALML5	PPARA	0.578
CALML5	PPARG	0.416
CALML5	PPP1R1B	0.423
CALML5	PRKACA	0.989
CALML5	PRKACB	0.989
CALML5	PRKACG	0.992
CALML5	PRKCA	0.719
CALML5	PTEN	0.434
CALML5	PVALB	0.775
CALML5	PXDN	0.56
CALML5	PXDNL	0.56
CALML5	RPS6KB1	0.47
CALML5	S100B	0.652
CALML5	SCN10A	0.466
CALML5	SCN1A	0.548
CALML5	SCN2A	0.827
CALML5	SCN3A	0.553
CALML5	SCN4A	0.857
CALML5	SCN5A	0.974
CALML5	SCN8A	0.818
CALML5	SCN9A	0.671
CALML5	SIRT1	0.428
CALML5	SLC6A3	0.563
CALML5	SNAP25	0.483
CALML5	SPTAN1	0.468
CALML5	SRC	0.927
CALML5	STX1A	0.493
CALML5	SYN1	0.775
CALML5	SYN2	0.678
CALML5	SYN3	0.678
CALML5	SYP	0.608
CALML5	SYT1	0.657
CALML5	TAC1	0.791
CALML5	TH	0.439
CALML5	TLR4	0.408
CALML5	TNF	0.74
CALML5	TRPM4	0.685
CALML5	TRPV1	0.992
CALML6	CAMK2A	0.999
CALML6	CASP3	0.509
CALML6	CNR1	0.571
CALML6	CREB1	0.884
CALML6	DLG4	0.891
CALML6	FOS	0.589
CALML6	GAD1	0.591
CALML6	GAD2	0.585
CALML6	GAPDH	0.648
CALML6	GJA1	0.861
CALML6	GRIA1	0.581
CALML6	GRIN1	0.959
CALML6	GRIN2A	0.895
CALML6	GRIN2B	0.926
CALML6	GRIN2C	0.741
CALML6	GRIN2D	0.738
CALML6	GRM1	0.428
CALML6	GRM3	0.486
CALML6	GRM5	0.49
CALML6	GSK3B	0.771
CALML6	HIF1A	0.425
CALML6	IGF1	0.435
CALML6	IL1B	0.51
CALML6	IL6	0.474
CALML6	INS	0.764
CALML6	IRS1	0.653
CALML6	KCNA2	0.437
CALML6	KCNC1	0.431
CALML6	KCND2	0.43
CALML6	KCNH2	0.612
CALML6	KCNMA1	0.475
CALML6	KCNQ2	0.955
CALML6	KCNQ3	0.768
CALML6	MAP2	0.664
CALML6	MAPK1	0.473
CALML6	MAPK3	0.633
CALML6	MBP	0.987
CALML6	MTOR	0.707
CALML6	NGF	0.865
CALML6	NOS1	0.999
CALML6	NTRK2	0.667
CALML6	OXT	0.427
CALML6	P2RX4	0.559
CALML6	P2RX7	0.51
CALML6	PDYN	0.547
CALML6	PIK3CA	0.517
CALML6	POMC	0.831
CALML6	PPARA	0.546
CALML6	PPP1R1B	0.418
CALML6	PRKACA	0.988
CALML6	PRKACB	0.988
CALML6	PRKACG	0.991
CALML6	PRKCA	0.719
CALML6	PTEN	0.437
CALML6	PVALB	0.774
CALML6	PXDN	0.544
CALML6	PXDNL	0.548
CALML6	RPS6KB1	0.443
CALML6	S100B	0.642
CALML6	SCN1A	0.427
CALML6	SCN2A	0.781
CALML6	SCN4A	0.826
CALML6	SCN5A	0.967
CALML6	SCN8A	0.769
CALML6	SCN9A	0.583
CALML6	SIRT1	0.416
CALML6	SLC6A3	0.563
CALML6	SNAP25	0.477
CALML6	SPTAN1	0.597
CALML6	SRC	0.927
CALML6	STX1A	0.485
CALML6	SYN1	0.763
CALML6	SYN2	0.661
CALML6	SYN3	0.662
CALML6	SYP	0.6
CALML6	SYT1	0.63
CALML6	TAC1	0.788
CALML6	TH	0.42
CALML6	TLR4	0.403
CALML6	TNF	0.74
CALML6	TRPM4	0.682
CALML6	TRPV1	0.99
CAMK2A	CCK	0.403
CAMK2A	CREB1	0.887
CAMK2A	CRH	0.539
CAMK2A	DLG4	0.92
CAMK2A	DRD1	0.507
CAMK2A	DRD2	0.447
CAMK2A	ERBB4	0.489
CAMK2A	FOS	0.545
CAMK2A	GABRG2	0.575
CAMK2A	GAD1	0.637
CAMK2A	GAD2	0.578
CAMK2A	GAPDH	0.469
CAMK2A	GFAP	0.623
CAMK2A	GPHN	0.418
CAMK2A	GRIA1	0.999
CAMK2A	GRIA2	0.977
CAMK2A	GRIA3	0.808
CAMK2A	GRIA4	0.814
CAMK2A	GRIK2	0.715
CAMK2A	GRIK5	0.585
CAMK2A	GRIN1	0.911
CAMK2A	GRIN2A	0.968
CAMK2A	GRIN2B	0.999
CAMK2A	GRIN2C	0.735
CAMK2A	GRIN2D	0.607
CAMK2A	GRM1	0.968
CAMK2A	GRM3	0.552
CAMK2A	GRM5	0.975
CAMK2A	KCNA1	0.505
CAMK2A	KCNC1	0.545
CAMK2A	MAP2	0.491
CAMK2A	MBP	0.401
CAMK2A	MECP2	0.67
CAMK2A	NEFL	0.627
CAMK2A	NLGN1	0.414
CAMK2A	NOS1	0.929
CAMK2A	NRXN1	0.542
CAMK2A	PDYN	0.561
CAMK2A	PPP1R1B	0.439
CAMK2A	PRKCA	0.456
CAMK2A	PVALB	0.744
CAMK2A	RBFOX3	0.635
CAMK2A	SCN1B	0.918
CAMK2A	SCN2B	0.416
CAMK2A	SCN4B	0.916
CAMK2A	SCN5A	0.919
CAMK2A	SCN7A	0.91
CAMK2A	SHANK3	0.509
CAMK2A	SLC17A6	0.562
CAMK2A	SLC17A7	0.636
CAMK2A	SLC1A2	0.416
CAMK2A	SLC32A1	0.622
CAMK2A	SLC6A1	0.619
CAMK2A	SLC6A3	0.949
CAMK2A	SNAP25	0.589
CAMK2A	SRC	0.483
CAMK2A	SST	0.459
CAMK2A	SYN1	0.733
CAMK2A	SYN2	0.647
CAMK2A	SYN3	0.56
CAMK2A	SYP	0.579
CAMK2A	SYT1	0.661
CAMK2A	TRPV1	0.922
CASP1	CASP3	0.709
CASP1	CASP8	0.999
CASP1	CASP9	0.712
CASP1	CCK	0.502
CASP1	CCL2	0.707
CASP1	FOS	0.74
CASP1	GAPDH	0.688
CASP1	GFAP	0.483
CASP1	GSK3B	0.403
CASP1	HIF1A	0.506
CASP1	HMGB1	0.687
CASP1	HMOX1	0.598
CASP1	IKBKB	0.549
CASP1	IL10	0.724
CASP1	IL18	0.998
CASP1	IL1A	0.968
CASP1	IL1B	0.999
CASP1	IL1R1	0.876
CASP1	IL4	0.616
CASP1	IL6	0.881
CASP1	INS	0.532
CASP1	LEP	0.416
CASP1	MAPK3	0.69
CASP1	MTOR	0.453
CASP1	NFE2L2	0.644
CASP1	NLRP3	0.999
CASP1	P2RX4	0.412
CASP1	P2RX7	0.793
CASP1	PANX1	0.836
CASP1	PPARA	0.406
CASP1	PPARG	0.518
CASP1	PTEN	0.594
CASP1	PTGS2	0.631
CASP1	PXDN	0.628
CASP1	PXDNL	0.627
CASP1	SIRT1	0.544
CASP1	SOD2	0.452
CASP1	SRC	0.456
CASP1	STAT3	0.609
CASP1	TLR4	0.916
CASP1	TNF	0.904
CASP3	CASP8	0.999
CASP3	CASP9	0.999
CASP3	CCK	0.858
CASP3	CCL2	0.654
CASP3	CHAT	0.432
CASP3	CREB1	0.682
CASP3	DLG4	0.678
CASP3	ERBB4	0.407
CASP3	FOS	0.749
CASP3	GAPDH	0.89
CASP3	GDNF	0.511
CASP3	GFAP	0.808
CASP3	GJA1	0.513
CASP3	GLUL	0.447
CASP3	GRIN2B	0.425
CASP3	GSK3B	0.747
CASP3	HDAC1	0.738
CASP3	HIF1A	0.766
CASP3	HMGB1	0.755
CASP3	HMOX1	0.806
CASP3	IGF1	0.68
CASP3	IKBKB	0.631
CASP3	IL10	0.786
CASP3	IL18	0.639
CASP3	IL1A	0.725
CASP3	IL1B	0.899
CASP3	IL4	0.599
CASP3	IL6	0.881
CASP3	INS	0.761
CASP3	IRS1	0.491
CASP3	LEP	0.639
CASP3	MAP2	0.545
CASP3	MAPK1	0.961
CASP3	MAPK3	0.985
CASP3	MBP	0.601
CASP3	MTOR	0.723
CASP3	NFE2L2	0.717
CASP3	NGF	0.858
CASP3	NLRP3	0.6
CASP3	NOS1	0.486
CASP3	NTRK2	0.53
CASP3	OPRM1	0.495
CASP3	PANX1	0.819
CASP3	PIK3CA	0.556
CASP3	PPARA	0.572
CASP3	PPARG	0.694
CASP3	PRKACA	0.537
CASP3	PRKACB	0.544
CASP3	PRKACG	0.532
CASP3	PRKCA	0.948
CASP3	PRKCG	0.921
CASP3	PTEN	0.748
CASP3	PTGS2	0.865
CASP3	PVALB	0.448
CASP3	PXDN	0.918
CASP3	PXDNL	0.918
CASP3	RBFOX3	0.729
CASP3	RPS6KB1	0.737
CASP3	S100B	0.513
CASP3	SIRT1	0.725
CASP3	SLC1A2	0.581
CASP3	SLC2A1	0.456
CASP3	SOD2	0.653
CASP3	SPTAN1	0.972
CASP3	SRC	0.685
CASP3	STAT3	0.804
CASP3	SYN1	0.424
CASP3	SYP	0.575
CASP3	TH	0.709
CASP3	TLR4	0.74
CASP3	TNF	0.939
CASP3	TRPV1	0.426
CASP3	TSC2	0.472
CASP8	CASP9	0.944
CASP8	CCK	0.557
CASP8	CCL2	0.669
CASP8	CREB1	0.436
CASP8	FOS	0.653
CASP8	GAPDH	0.717
CASP8	GSK3B	0.5
CASP8	HDAC1	0.403
CASP8	HIF1A	0.556
CASP8	HMGB1	0.496
CASP8	HMOX1	0.665
CASP8	IGF1	0.448
CASP8	IKBKB	0.87
CASP8	IL10	0.558
CASP8	IL18	0.631
CASP8	IL1A	0.582
CASP8	IL1B	0.943
CASP8	IL1R1	0.443
CASP8	IL4	0.423
CASP8	IL6	0.739
CASP8	INS	0.504
CASP8	MAPK1	0.839
CASP8	MAPK3	0.709
CASP8	MTOR	0.611
CASP8	NFE2L2	0.497
CASP8	NLRP3	0.948
CASP8	NOS1	0.586
CASP8	PIK3CA	0.488
CASP8	PPARG	0.445
CASP8	PRKCA	0.49
CASP8	PTEN	0.781
CASP8	PTGS2	0.7
CASP8	PXDN	0.703
CASP8	PXDNL	0.703
CASP8	RPS6KB1	0.48
CASP8	SIRT1	0.447
CASP8	SOD2	0.4
CASP8	SRC	0.853
CASP8	STAT3	0.634
CASP8	TLR4	0.885
CASP8	TNF	0.999
CASP9	CCK	0.722
CASP9	CCL2	0.401
CASP9	CREB1	0.484
CASP9	FOS	0.636
CASP9	GAPDH	0.786
CASP9	GFAP	0.414
CASP9	GSK3B	0.631
CASP9	HDAC1	0.412
CASP9	HIF1A	0.746
CASP9	HMGB1	0.456
CASP9	HMOX1	0.612
CASP9	IGF1	0.481
CASP9	IKBKB	0.517
CASP9	IL10	0.506
CASP9	IL18	0.487
CASP9	IL1A	0.435
CASP9	IL1B	0.826
CASP9	IL6	0.785
CASP9	INS	0.544
CASP9	MAPK1	0.841
CASP9	MAPK3	0.883
CASP9	MTOR	0.738
CASP9	NFE2L2	0.702
CASP9	NGF	0.403
CASP9	NLRP3	0.587
CASP9	PIK3CA	0.583
CASP9	PPARG	0.484
CASP9	PTEN	0.642
CASP9	PTGS2	0.726
CASP9	PXDN	0.759
CASP9	PXDNL	0.759
CASP9	RPS6KB1	0.595
CASP9	SIRT1	0.559
CASP9	SOD2	0.482
CASP9	SRC	0.657
CASP9	STAT3	0.648
CASP9	TLR4	0.587
CASP9	TNF	0.816
CCK	CCL2	0.418
CCK	CNR1	0.554
CCK	CREB1	0.443
CCK	CRH	0.735
CCK	FOS	0.708
CCK	GAD1	0.613
CCK	GAD2	0.526
CCK	GAPDH	0.881
CCK	GFAP	0.514
CCK	GPHN	0.411
CCK	GRM5	0.438
CCK	GSK3B	0.584
CCK	HIF1A	0.628
CCK	HMGB1	0.429
CCK	HMOX1	0.556
CCK	HTR1A	0.484
CCK	HTR3A	0.447
CCK	IGF1	0.533
CCK	IL10	0.545
CCK	IL18	0.431
CCK	IL1A	0.436
CCK	IL1B	0.727
CCK	IL4	0.488
CCK	IL6	0.719
CCK	INS	0.843
CCK	LEP	0.882
CCK	MAPK3	0.628
CCK	MTOR	0.571
CCK	NFE2L2	0.501
CCK	NGF	0.411
CCK	NLRP3	0.416
CCK	NOS1	0.448
CCK	NPY	0.916
CCK	OPRM1	0.747
CCK	OXT	0.837
CCK	PDYN	0.764
CCK	POMC	0.82
CCK	PPARA	0.407
CCK	PPARG	0.514
CCK	PRKCA	0.438
CCK	PTEN	0.624
CCK	PTGS2	0.51
CCK	PVALB	0.819
CCK	PXDN	0.855
CCK	PXDNL	0.856
CCK	RBFOX3	0.483
CCK	RPS6KB1	0.514
CCK	SIRT1	0.543
CCK	SLC17A6	0.485
CCK	SLC17A7	0.507
CCK	SLC17A8	0.47
CCK	SLC32A1	0.528
CCK	SLC6A1	0.436
CCK	SNAP25	0.445
CCK	SRC	0.462
CCK	SST	0.933
CCK	STAT3	0.702
CCK	SYN1	0.402
CCK	SYP	0.434
CCK	TAC1	0.92
CCK	TH	0.666
CCK	TLR4	0.54
CCK	TNF	0.688
CCK	TRPV1	0.404
CCL2	CREB1	0.48
CCL2	FOS	0.756
CCL2	GAPDH	0.729
CCL2	GDNF	0.447
CCL2	GFAP	0.584
CCL2	GJA1	0.428
CCL2	GSK3B	0.454
CCL2	HIF1A	0.692
CCL2	HMGB1	0.641
CCL2	HMOX1	0.697
CCL2	IGF1	0.76
CCL2	IKBKB	0.593
CCL2	IL10	0.963
CCL2	IL18	0.881
CCL2	IL1A	0.934
CCL2	IL1B	0.97
CCL2	IL1R1	0.682
CCL2	IL4	0.921
CCL2	IL6	0.985
CCL2	INS	0.78
CCL2	IRS1	0.507
CCL2	LEP	0.769
CCL2	MAPK3	0.747
CCL2	MBP	0.403
CCL2	MTOR	0.511
CCL2	NEFL	0.419
CCL2	NFE2L2	0.581
CCL2	NGF	0.623
CCL2	NLRP3	0.664
CCL2	P2RX7	0.404
CCL2	PPARA	0.616
CCL2	PPARG	0.731
CCL2	PRKACA	0.419
CCL2	PRKACB	0.419
CCL2	PRKACG	0.419
CCL2	PTEN	0.505
CCL2	PTGS2	0.867
CCL2	PXDN	0.657
CCL2	PXDNL	0.65
CCL2	RBFOX3	0.403
CCL2	S100B	0.476
CCL2	SIRT1	0.575
CCL2	SOD2	0.526
CCL2	SRC	0.733
CCL2	STAT3	0.867
CCL2	TAC1	0.488
CCL2	TLR4	0.847
CCL2	TNF	0.978
CCL2	TRPV1	0.452
CDKL5	CNTNAP2	0.444
CDKL5	DEPDC5	0.481
CDKL5	DLG4	0.419
CDKL5	GABRA1	0.574
CDKL5	GABRA3	0.585
CDKL5	GABRB3	0.724
CDKL5	GABRG2	0.573
CDKL5	GRIN2A	0.513
CDKL5	GRIN2B	0.485
CDKL5	KCNA2	0.403
CDKL5	KCNQ2	0.844
CDKL5	KCNQ3	0.527
CDKL5	KCNT1	0.678
CDKL5	LGI1	0.415
CDKL5	MECP2	0.975
CDKL5	NRXN1	0.44
CDKL5	PCDH10	0.834
CDKL5	PCDH19	0.9
CDKL5	PRRT2	0.594
CDKL5	SCN1A	0.861
CDKL5	SCN1B	0.481
CDKL5	SCN2A	0.821
CDKL5	SCN8A	0.653
CDKL5	SHANK3	0.514
CDKL5	SLC32A1	0.416
CDKL5	SLC6A1	0.4
CDKL5	SPTAN1	0.715
CDKL5	STXBP1	0.865
CDKL5	SYN1	0.426
CHAT	CREB1	0.416
CHAT	CRH	0.414
CHAT	DLG4	0.419
CHAT	DRD1	0.434
CHAT	DRD2	0.483
CHAT	FOS	0.541
CHAT	GAD1	0.703
CHAT	GAD2	0.633
CHAT	GAPDH	0.44
CHAT	GDNF	0.593
CHAT	GFAP	0.743
CHAT	GRIA2	0.589
CHAT	GRIN1	0.456
CHAT	INS	0.42
CHAT	MAP2	0.73
CHAT	NEFL	0.598
CHAT	NGF	0.773
CHAT	NOS1	0.76
CHAT	NPY	0.696
CHAT	NTRK2	0.461
CHAT	PDYN	0.449
CHAT	PPP1R1B	0.542
CHAT	PVALB	0.772
CHAT	PXDN	0.545
CHAT	PXDNL	0.567
CHAT	RBFOX3	0.661
CHAT	SLC17A6	0.679
CHAT	SLC17A7	0.647
CHAT	SLC17A8	0.598
CHAT	SLC32A1	0.63
CHAT	SLC6A3	0.453
CHAT	SST	0.668
CHAT	SYN1	0.584
CHAT	SYN2	0.443
CHAT	SYN3	0.455
CHAT	SYP	0.623
CHAT	TAC1	0.83
CHAT	TH	0.881
CHRNA2	CHRNA4	0.939
CHRNA2	CHRNB2	0.948
CHRNA2	DEPDC5	0.58
CHRNA2	DRD1	0.532
CHRNA2	DRD2	0.583
CHRNA2	GABBR2	0.767
CHRNA2	GABRG2	0.437
CHRNA2	KCNQ2	0.455
CHRNA2	KCNQ3	0.491
CHRNA2	KCNT1	0.684
CHRNA2	LGI1	0.526
CHRNA2	NTRK2	0.581
CHRNA2	PCDH19	0.448
CHRNA2	PRRT2	0.45
CHRNA2	SCN1A	0.499
CHRNA2	SCN1B	0.445
CHRNA2	SCN2A	0.427
CHRNA2	SLC17A6	0.652
CHRNA2	SLC17A7	0.603
CHRNA2	SLC1A2	0.489
CHRNA2	SLC6A3	0.501
CHRNA2	SLC6A4	0.506
CHRNA2	SPTAN1	0.463
CHRNA4	CHRNB2	0.994
CHRNA4	DEPDC5	0.582
CHRNA4	DRD1	0.709
CHRNA4	DRD2	0.633
CHRNA4	GABBR2	0.707
CHRNA4	GABRA1	0.412
CHRNA4	GABRB2	0.586
CHRNA4	GABRB3	0.442
CHRNA4	GABRD	0.438
CHRNA4	GABRG1	0.431
CHRNA4	GABRG2	0.522
CHRNA4	GRIK1	0.508
CHRNA4	GRIK3	0.415
CHRNA4	GRIN1	0.406
CHRNA4	GRIN2A	0.509
CHRNA4	GRIN2B	0.584
CHRNA4	GRIN2D	0.408
CHRNA4	GRM1	0.405
CHRNA4	GRM5	0.408
CHRNA4	HTR1A	0.433
CHRNA4	HTR1B	0.656
CHRNA4	HTR2A	0.651
CHRNA4	HTR2C	0.64
CHRNA4	KCNA1	0.45
CHRNA4	KCNMA1	0.404
CHRNA4	KCNQ2	0.924
CHRNA4	KCNQ3	0.752
CHRNA4	KCNT1	0.669
CHRNA4	LGI1	0.565
CHRNA4	OPRM1	0.625
CHRNA4	PCDH19	0.483
CHRNA4	PRRT2	0.597
CHRNA4	SCN1A	0.607
CHRNA4	SCN1B	0.528
CHRNA4	SCN2A	0.545
CHRNA4	SCN8A	0.427
CHRNA4	SLC17A6	0.656
CHRNA4	SLC17A7	0.542
CHRNA4	SLC1A2	0.543
CHRNA4	SLC6A1	0.515
CHRNA4	SLC6A3	0.62
CHRNA4	SLC6A4	0.687
CHRNA4	SNAP25	0.499
CHRNA4	STXBP1	0.405
CHRNB2	DEPDC5	0.585
CHRNB2	DRD1	0.6
CHRNB2	DRD2	0.649
CHRNB2	GABBR2	0.698
CHRNB2	GABRA1	0.412
CHRNB2	GABRB3	0.555
CHRNB2	GABRG2	0.5
CHRNB2	GABRG3	0.413
CHRNB2	GRIA2	0.442
CHRNB2	GRIK3	0.586
CHRNB2	GRIN2A	0.643
CHRNB2	GRIN2B	0.636
CHRNB2	HTR1A	0.564
CHRNB2	HTR2A	0.576
CHRNB2	KCNQ2	0.584
CHRNB2	KCNQ3	0.567
CHRNB2	KCNT1	0.695
CHRNB2	LGI1	0.51
CHRNB2	MECP2	0.491
CHRNB2	NTRK2	0.49
CHRNB2	PCDH19	0.439
CHRNB2	PRRT2	0.495
CHRNB2	SCN1A	0.545
CHRNB2	SCN1B	0.493
CHRNB2	SCN2A	0.536
CHRNB2	SCN8A	0.418
CHRNB2	SLC17A6	0.706
CHRNB2	SLC17A7	0.609
CHRNB2	SLC1A2	0.573
CHRNB2	SLC6A3	0.608
CHRNB2	SLC6A4	0.536
CHRNB2	SPTAN1	0.476
CHRNB2	STXBP1	0.446
CLCN2	GABRA1	0.876
CLCN2	GABRA6	0.618
CLCN2	GABRB2	0.478
CLCN2	GABRB3	0.691
CLCN2	GABRD	0.776
CLCN2	GABRG2	0.892
CLCN2	KCNJ10	0.405
CLCN2	KCNQ2	0.456
CLCN2	KCNQ3	0.451
CLCN2	SCN1A	0.718
CLCN2	SCN1B	0.709
CLCN2	SCN2A	0.421
CLCN2	SCN8A	0.456
CLCN2	SLC12A2	0.489
CLCN2	SLC6A1	0.429
CNR1	CRH	0.439
CNR1	DRD1	0.462
CNR1	DRD2	0.99
CNR1	FOS	0.432
CNR1	GAD1	0.476
CNR1	GPR55	0.983
CNR1	GRIA1	0.456
CNR1	GRIA2	0.43
CNR1	GRIN1	0.413
CNR1	GRIN2A	0.443
CNR1	GRIN2B	0.471
CNR1	GRM1	0.504
CNR1	GRM2	0.453
CNR1	GRM5	0.624
CNR1	HTR2A	0.76
CNR1	IGF1	0.414
CNR1	INS	0.488
CNR1	LEP	0.45
CNR1	MAPK3	0.405
CNR1	NPY	0.676
CNR1	NTRK2	0.822
CNR1	OPRM1	0.632
CNR1	PDYN	0.477
CNR1	POMC	0.514
CNR1	PPARA	0.514
CNR1	PPARG	0.513
CNR1	PPP1R1B	0.417
CNR1	PRKACA	0.462
CNR1	PRKACB	0.476
CNR1	PRKACG	0.462
CNR1	PTGS2	0.438
CNR1	PVALB	0.605
CNR1	SIGMAR1	0.603
CNR1	SLC17A6	0.44
CNR1	SLC17A7	0.438
CNR1	SLC17A8	0.436
CNR1	SLC32A1	0.468
CNR1	SLC6A3	0.482
CNR1	SLC6A4	0.489
CNR1	SRC	0.609
CNR1	SST	0.459
CNR1	TAC1	0.448
CNR1	TH	0.447
CNR1	TRPV1	0.781
CNTNAP2	DLG4	0.673
CNTNAP2	DRD2	0.461
CNTNAP2	GABBR1	0.629
CNTNAP2	GABBR2	0.465
CNTNAP2	GABRB3	0.581
CNTNAP2	GAD1	0.44
CNTNAP2	GAD2	0.825
CNTNAP2	GRIA1	0.609
CNTNAP2	GRIN1	0.508
CNTNAP2	GRIN2A	0.475
CNTNAP2	GRIN2B	0.542
CNTNAP2	GRM1	0.624
CNTNAP2	GRM5	0.69
CNTNAP2	KCNA1	0.979
CNTNAP2	KCNA2	0.983
CNTNAP2	KCND2	0.401
CNTNAP2	KCNQ2	0.562
CNTNAP2	KCNQ3	0.459
CNTNAP2	LGI1	0.994
CNTNAP2	MECP2	0.599
CNTNAP2	NLGN1	0.765
CNTNAP2	NRXN1	0.543
CNTNAP2	OXT	0.446
CNTNAP2	PCDH10	0.45
CNTNAP2	PCDH19	0.443
CNTNAP2	PTEN	0.478
CNTNAP2	PVALB	0.509
CNTNAP2	SCN1A	0.558
CNTNAP2	SCN2A	0.548
CNTNAP2	SCN8A	0.473
CNTNAP2	SHANK3	0.789
CREB1	CRH	0.815
CREB1	DLG4	0.673
CREB1	DRD1	0.464
CREB1	DRD2	0.522
CREB1	FOS	0.998
CREB1	GABBR1	0.413
CREB1	GAD1	0.409
CREB1	GAPDH	0.689
CREB1	GDNF	0.726
CREB1	GFAP	0.512
CREB1	GRIA1	0.66
CREB1	GRIA2	0.492
CREB1	GRIN1	0.665
CREB1	GRIN2A	0.746
CREB1	GRIN2B	0.821
CREB1	GRIN2C	0.517
CREB1	GRIN2D	0.529
CREB1	GRM5	0.448
CREB1	GSK3B	0.988
CREB1	HDAC1	0.877
CREB1	HIF1A	0.833
CREB1	HMOX1	0.557
CREB1	HTR1A	0.621
CREB1	HTR1B	0.579
CREB1	HTR2A	0.402
CREB1	IGF1	0.593
CREB1	IKBKB	0.48
CREB1	IL10	0.893
CREB1	IL18	0.42
CREB1	IL1A	0.475
CREB1	IL1B	0.672
CREB1	IL1R1	0.537
CREB1	IL4	0.468
CREB1	IL6	0.918
CREB1	INS	0.776
CREB1	IRS1	0.48
CREB1	LEP	0.66
CREB1	MAP2	0.424
CREB1	MAPK1	0.962
CREB1	MAPK3	0.987
CREB1	MBP	0.407
CREB1	MECP2	0.996
CREB1	MTOR	0.624
CREB1	NFE2L2	0.551
CREB1	NGF	0.677
CREB1	NOS1	0.439
CREB1	NPY	0.528
CREB1	NTRK2	0.771
CREB1	OPRM1	0.477
CREB1	OXT	0.424
CREB1	PDYN	0.571
CREB1	PIK3CA	0.433
CREB1	POMC	0.647
CREB1	PPARA	0.593
CREB1	PPARG	0.672
CREB1	PPP1R1B	0.594
CREB1	PRKACA	0.996
CREB1	PRKACB	0.995
CREB1	PRKACG	0.994
CREB1	PRKCA	0.803
CREB1	PRKCG	0.758
CREB1	PTEN	0.704
CREB1	PTGS2	0.629
CREB1	PVALB	0.417
CREB1	PXDN	0.664
CREB1	PXDNL	0.662
CREB1	RBFOX3	0.549
CREB1	RPS6KB1	0.597
CREB1	SIRT1	0.781
CREB1	SLC1A2	0.408
CREB1	SLC6A3	0.448
CREB1	SLC6A4	0.449
CREB1	SOD2	0.4
CREB1	SRC	0.628
CREB1	SST	0.866
CREB1	STAT3	0.924
CREB1	SYN1	0.637
CREB1	SYN2	0.474
CREB1	SYN3	0.451
CREB1	SYP	0.586
CREB1	TAC1	0.425
CREB1	TH	0.593
CREB1	TLR4	0.749
CREB1	TNF	0.681
CREB1	TRPV1	0.436
CREB1	TSC2	0.403
CRH	DRD1	0.448
CRH	DRD2	0.52
CRH	FOS	0.792
CRH	GABRG2	0.521
CRH	GAD1	0.583
CRH	GAD2	0.499
CRH	GAPDH	0.41
CRH	GRIN2B	0.442
CRH	GRM2	0.506
CRH	GRM5	0.426
CRH	HTR1A	0.741
CRH	HTR1B	0.43
CRH	HTR2A	0.527
CRH	HTR2C	0.479
CRH	IGF1	0.506
CRH	IL10	0.437
CRH	IL1A	0.541
CRH	IL1B	0.738
CRH	IL6	0.61
CRH	INS	0.666
CRH	LEP	0.865
CRH	MECP2	0.845
CRH	NGF	0.509
CRH	NPY	0.951
CRH	NTRK2	0.48
CRH	OPRM1	0.737
CRH	OXT	0.92
CRH	PDYN	0.84
CRH	POMC	0.992
CRH	PRKACA	0.572
CRH	PRKACB	0.572
CRH	PRKACG	0.572
CRH	PVALB	0.453
CRH	PXDNL	0.4
CRH	SLC17A6	0.542
CRH	SLC32A1	0.593
CRH	SLC6A3	0.468
CRH	SLC6A4	0.763
CRH	SRC	0.584
CRH	SST	0.873
CRH	STAT3	0.531
CRH	TAC1	0.733
CRH	TH	0.646
CRH	TLR4	0.417
CRH	TNF	0.558
DEPDC5	GABRA1	0.407
DEPDC5	GABRG2	0.482
DEPDC5	KCNQ2	0.556
DEPDC5	KCNQ3	0.419
DEPDC5	KCNT1	0.696
DEPDC5	LGI1	0.526
DEPDC5	MTOR	0.756
DEPDC5	PCDH10	0.48
DEPDC5	PCDH19	0.581
DEPDC5	PIK3CA	0.433
DEPDC5	PRRT2	0.592
DEPDC5	SCN1A	0.631
DEPDC5	SCN2A	0.493
DEPDC5	SCN8A	0.503
DEPDC5	TSC1	0.563
DEPDC5	TSC2	0.702
DLG4	DRD1	0.735
DLG4	DRD2	0.478
DLG4	ERBB4	0.998
DLG4	FOS	0.488
DLG4	GABBR1	0.654
DLG4	GAD1	0.649
DLG4	GAD2	0.73
DLG4	GAPDH	0.695
DLG4	GDNF	0.42
DLG4	GFAP	0.699
DLG4	GLUL	0.421
DLG4	GPHN	0.884
DLG4	GRIA1	0.994
DLG4	GRIA2	0.968
DLG4	GRIA3	0.873
DLG4	GRIA4	0.829
DLG4	GRIK1	0.943
DLG4	GRIK2	0.998
DLG4	GRIK3	0.685
DLG4	GRIK4	0.717
DLG4	GRIK5	0.949
DLG4	GRIN1	0.998
DLG4	GRIN2A	0.999
DLG4	GRIN2B	0.999
DLG4	GRIN2C	0.99
DLG4	GRIN2D	0.976
DLG4	GRIN3A	0.966
DLG4	GRM1	0.862
DLG4	GRM2	0.473
DLG4	GRM3	0.405
DLG4	GRM5	0.902
DLG4	GSK3B	0.6
DLG4	HTR2A	0.915
DLG4	HTR2C	0.655
DLG4	HTR3A	0.61
DLG4	IL1B	0.475
DLG4	IL6	0.404
DLG4	INS	0.403
DLG4	KCNA1	0.898
DLG4	KCNA2	0.853
DLG4	KCNC1	0.458
DLG4	KCND2	0.877
DLG4	KCNJ10	0.678
DLG4	KCNMA1	0.499
DLG4	KCNQ2	0.651
DLG4	LGI1	0.965
DLG4	MAP2	0.827
DLG4	MAPK3	0.525
DLG4	MBP	0.468
DLG4	MECP2	0.521
DLG4	MTOR	0.492
DLG4	NEFL	0.795
DLG4	NGF	0.519
DLG4	NLGN1	0.999
DLG4	NOS1	0.996
DLG4	NRXN1	0.991
DLG4	NTRK2	0.86
DLG4	PCDH10	0.528
DLG4	PPP1R1B	0.472
DLG4	PRKACA	0.55
DLG4	PRKACB	0.538
DLG4	PRKACG	0.526
DLG4	PRKCA	0.957
DLG4	PTEN	0.745
DLG4	PVALB	0.789
DLG4	PXDN	0.603
DLG4	PXDNL	0.603
DLG4	RBFOX3	0.723
DLG4	RPS6KB1	0.415
DLG4	S100B	0.453
DLG4	SHANK3	0.996
DLG4	SLC12A5	0.485
DLG4	SLC17A6	0.776
DLG4	SLC17A7	0.978
DLG4	SLC1A2	0.722
DLG4	SLC1A3	0.486
DLG4	SLC32A1	0.853
DLG4	SLC6A1	0.424
DLG4	SLC6A3	0.44
DLG4	SNAP25	0.853
DLG4	SRC	0.979
DLG4	STX1A	0.498
DLG4	STXBP1	0.454
DLG4	SV2A	0.639
DLG4	SYN1	0.958
DLG4	SYN2	0.865
DLG4	SYN3	0.852
DLG4	SYP	0.898
DLG4	SYT1	0.667
DLG4	TH	0.489
DLG4	TNF	0.411
DRD1	DRD2	0.63
DRD1	FOS	0.524
DRD1	GABBR2	0.597
DRD1	GABRA1	0.535
DRD1	GABRA2	0.5
DRD1	GABRA3	0.431
DRD1	GABRA4	0.467
DRD1	GABRA5	0.484
DRD1	GABRA6	0.436
DRD1	GABRB2	0.62
DRD1	GABRG1	0.433
DRD1	GABRG2	0.508
DRD1	GABRG3	0.401
DRD1	GAD1	0.517
DRD1	GAD2	0.454
DRD1	GRIA1	0.74
DRD1	GRIA2	0.668
DRD1	GRIK1	0.503
DRD1	GRIN1	0.699
DRD1	GRIN2A	0.772
DRD1	GRIN2B	0.641
DRD1	GRIN2C	0.4
DRD1	GRM1	0.436
DRD1	GRM2	0.455
DRD1	GRM3	0.462
DRD1	GRM5	0.676
DRD1	GSK3B	0.518
DRD1	HTR1A	0.543
DRD1	HTR3A	0.445
DRD1	IGF1	0.437
DRD1	NPY	0.443
DRD1	NTRK2	0.45
DRD1	OPRM1	0.592
DRD1	PDYN	0.652
DRD1	POMC	0.938
DRD1	PPP1R1B	0.841
DRD1	PRKACA	0.623
DRD1	PRKACB	0.5
DRD1	PRKACG	0.49
DRD1	PVALB	0.499
DRD1	SIGMAR1	0.593
DRD1	SLC17A6	0.66
DRD1	SLC17A7	0.604
DRD1	SLC32A1	0.466
DRD1	SLC6A1	0.446
DRD1	SLC6A3	0.906
DRD1	SLC6A4	0.763
DRD1	SNAP25	0.451
DRD1	SRC	0.573
DRD1	SST	0.404
DRD1	SYN1	0.419
DRD1	SYN2	0.603
DRD1	SYN3	0.469
DRD1	TAC1	0.608
DRD1	TH	0.669
DRD2	FOS	0.565
DRD2	GABBR1	0.466
DRD2	GABBR2	0.593
DRD2	GABRA1	0.487
DRD2	GABRA2	0.609
DRD2	GABRA6	0.402
DRD2	GABRB2	0.465
DRD2	GABRG1	0.432
DRD2	GABRG2	0.425
DRD2	GABRG3	0.407
DRD2	GAD1	0.622
DRD2	GAD2	0.455
DRD2	GAPDH	0.415
DRD2	GRIA1	0.615
DRD2	GRIA2	0.497
DRD2	GRIK2	0.418
DRD2	GRIK3	0.451
DRD2	GRIK5	0.459
DRD2	GRIN1	0.592
DRD2	GRIN2A	0.618
DRD2	GRIN2B	0.637
DRD2	GRM1	0.479
DRD2	GRM2	0.616
DRD2	GRM3	0.575
DRD2	GRM5	0.627
DRD2	GSK3B	0.458
DRD2	HTR1A	0.56
DRD2	HTR1B	0.543
DRD2	HTR2A	0.799
DRD2	HTR2C	0.548
DRD2	HTR3A	0.627
DRD2	INS	0.448
DRD2	KCND2	0.459
DRD2	LEP	0.448
DRD2	NPY	0.833
DRD2	NRXN1	0.429
DRD2	NTRK2	0.48
DRD2	OPRM1	0.556
DRD2	OXT	0.838
DRD2	PDYN	0.688
DRD2	POMC	0.64
DRD2	PPP1R1B	0.764
DRD2	PRKACA	0.505
DRD2	PRKACB	0.505
DRD2	PRKACG	0.506
DRD2	PVALB	0.552
DRD2	S100B	0.543
DRD2	SCN8A	0.426
DRD2	SIGMAR1	0.736
DRD2	SLC17A6	0.609
DRD2	SLC17A7	0.58
DRD2	SLC1A2	0.441
DRD2	SLC32A1	0.472
DRD2	SLC6A3	0.999
DRD2	SLC6A4	0.91
DRD2	SNAP25	0.516
DRD2	SST	0.946
DRD2	STAT3	0.508
DRD2	SYT1	0.539
DRD2	TAC1	0.615
DRD2	TH	0.841
ERBB4	GABRA1	0.597
ERBB4	GABRB1	0.59
ERBB4	GABRB2	0.627
ERBB4	GABRB3	0.56
ERBB4	GABRG2	0.596
ERBB4	GABRG3	0.545
ERBB4	GAD1	0.508
ERBB4	GAPDH	0.601
ERBB4	GFAP	0.658
ERBB4	GRIN1	0.672
ERBB4	GRIN2A	0.768
ERBB4	GRIN2B	0.753
ERBB4	GRIN2C	0.651
ERBB4	GRIN2D	0.458
ERBB4	GRM3	0.444
ERBB4	IGF1	0.789
ERBB4	INS	0.774
ERBB4	IRS1	0.734
ERBB4	MTOR	0.43
ERBB4	NEFL	0.491
ERBB4	NGF	0.747
ERBB4	NOS1	0.418
ERBB4	NTRK2	0.737
ERBB4	PIK3CA	0.97
ERBB4	PTEN	0.793
ERBB4	PVALB	0.756
ERBB4	PXDN	0.441
ERBB4	PXDNL	0.441
ERBB4	S100B	0.674
ERBB4	SLC17A7	0.503
ERBB4	SLC6A1	0.562
ERBB4	SRC	0.916
ERBB4	STAT3	0.512
FOS	GAD1	0.623
FOS	GAD2	0.495
FOS	GAPDH	0.722
FOS	GDNF	0.934
FOS	GFAP	0.563
FOS	GJA1	0.523
FOS	GRIA1	0.583
FOS	GRIA2	0.424
FOS	GRIN1	0.425
FOS	GRIN2A	0.512
FOS	GRIN2B	0.598
FOS	GRM2	0.408
FOS	GRM5	0.421
FOS	GSK3B	0.543
FOS	HDAC1	0.823
FOS	HIF1A	0.805
FOS	HMGB1	0.447
FOS	HMOX1	0.531
FOS	HTR1A	0.551
FOS	HTR1B	0.428
FOS	HTR2A	0.506
FOS	HTR2C	0.425
FOS	IGF1	0.585
FOS	IKBKB	0.645
FOS	IL10	0.736
FOS	IL18	0.428
FOS	IL1A	0.899
FOS	IL1B	0.894
FOS	IL1R1	0.417
FOS	IL4	0.7
FOS	IL6	0.891
FOS	INS	0.674
FOS	IRS1	0.418
FOS	LEP	0.695
FOS	MAPK1	0.992
FOS	MAPK3	0.994
FOS	MECP2	0.451
FOS	MTOR	0.501
FOS	NFE2L2	0.728
FOS	NGF	0.669
FOS	NOS1	0.529
FOS	NPY	0.727
FOS	NTRK2	0.606
FOS	OPRM1	0.564
FOS	OXT	0.762
FOS	PDYN	0.697
FOS	PIK3CA	0.625
FOS	POMC	0.84
FOS	PPARA	0.481
FOS	PPARG	0.612
FOS	PPP1R1B	0.512
FOS	PRKACA	0.959
FOS	PRKACB	0.959
FOS	PRKACG	0.959
FOS	PRKCA	0.946
FOS	PRKCG	0.938
FOS	PTEN	0.715
FOS	PTGS2	0.819
FOS	PVALB	0.649
FOS	PXDN	0.739
FOS	PXDNL	0.739
FOS	RBFOX3	0.769
FOS	RPS6KB1	0.946
FOS	SIRT1	0.713
FOS	SLC17A6	0.639
FOS	SLC17A7	0.476
FOS	SLC17A8	0.422
FOS	SLC32A1	0.566
FOS	SLC6A3	0.53
FOS	SLC6A4	0.519
FOS	SRC	0.986
FOS	SST	0.677
FOS	STAT3	0.995
FOS	SYN1	0.508
FOS	SYN2	0.41
FOS	SYN3	0.406
FOS	SYP	0.614
FOS	TAC1	0.669
FOS	TH	0.741
FOS	TLR4	0.599
FOS	TNF	0.728
FOS	TRPV1	0.599
GABBR1	GABBR2	0.999
GABBR1	GABRA1	0.873
GABBR1	GABRA2	0.772
GABBR1	GABRA3	0.754
GABBR1	GABRA4	0.737
GABBR1	GABRA5	0.848
GABBR1	GABRA6	0.7
GABBR1	GABRB1	0.871
GABBR1	GABRB2	0.702
GABBR1	GABRB3	0.733
GABBR1	GABRD	0.866
GABBR1	GABRG1	0.744
GABBR1	GABRG2	0.879
GABBR1	GABRG3	0.706
GABBR1	GABRR3	0.587
GABBR1	GAD1	0.652
GABBR1	GAD2	0.665
GABBR1	GPHN	0.592
GABBR1	GRIA1	0.606
GABBR1	GRIA2	0.514
GABBR1	GRIA4	0.402
GABBR1	GRIN1	0.495
GABBR1	GRIN2A	0.442
GABBR1	GRIN2B	0.481
GABBR1	GRIN2D	0.459
GABBR1	GRM1	0.905
GABBR1	GRM2	0.684
GABBR1	GRM3	0.662
GABBR1	GRM5	0.486
GABBR1	HAP1	0.467
GABBR1	HTR1A	0.469
GABBR1	KCNJ10	0.604
GABBR1	LGI1	0.736
GABBR1	NPY	0.785
GABBR1	NTRK2	0.535
GABBR1	OXT	0.743
GABBR1	PVALB	0.528
GABBR1	SLC12A5	0.447
GABBR1	SLC17A6	0.412
GABBR1	SLC17A7	0.418
GABBR1	SLC32A1	0.598
GABBR1	SLC6A1	0.578
GABBR1	SRC	0.581
GABBR1	SST	0.787
GABBR2	GABRA1	0.901
GABBR2	GABRA2	0.89
GABBR2	GABRA3	0.804
GABBR2	GABRA4	0.812
GABBR2	GABRA5	0.835
GABBR2	GABRA6	0.77
GABBR2	GABRB1	0.884
GABBR2	GABRB2	0.817
GABBR2	GABRB3	0.925
GABBR2	GABRD	0.815
GABBR2	GABRG1	0.786
GABBR2	GABRG2	0.83
GABBR2	GABRG3	0.774
GABBR2	GABRR3	0.636
GABBR2	GAD1	0.608
GABBR2	GAD2	0.547
GABBR2	GLUL	0.477
GABBR2	GRIA1	0.545
GABBR2	GRIA2	0.547
GABBR2	GRIA3	0.507
GABBR2	GRIA4	0.472
GABBR2	GRIN1	0.418
GABBR2	GRIN2A	0.491
GABBR2	GRIN2B	0.741
GABBR2	GRM1	0.827
GABBR2	GRM2	0.66
GABBR2	GRM3	0.705
GABBR2	GRM5	0.443
GABBR2	HTR1A	0.403
GABBR2	HTR2C	0.439
GABBR2	KCNJ10	0.589
GABBR2	LGI1	0.413
GABBR2	MBP	0.401
GABBR2	NPY	0.721
GABBR2	NRXN1	0.414
GABBR2	NTRK2	0.512
GABBR2	OXT	0.692
GABBR2	PPP1R1B	0.442
GABBR2	SCN1A	0.409
GABBR2	SCN2A	0.409
GABBR2	SLC12A5	0.401
GABBR2	SLC17A6	0.723
GABBR2	SLC17A7	0.726
GABBR2	SLC1A2	0.631
GABBR2	SLC32A1	0.575
GABBR2	SLC6A1	0.623
GABBR2	SLC6A11	0.457
GABBR2	SLC6A3	0.531
GABBR2	SLC6A4	0.542
GABBR2	SRC	0.54
GABBR2	SST	0.745
GABRA1	GABRA2	0.854
GABRA1	GABRA3	0.61
GABRA1	GABRA4	0.659
GABRA1	GABRA5	0.749
GABRA1	GABRA6	0.818
GABRA1	GABRB1	0.97
GABRA1	GABRB2	0.996
GABRA1	GABRB3	0.993
GABRA1	GABRD	0.792
GABRA1	GABRG1	0.811
GABRA1	GABRG2	0.998
GABRA1	GABRG3	0.832
GABRA1	GABRR3	0.609
GABRA1	GAD1	0.774
GABRA1	GAD2	0.633
GABRA1	GAPDH	0.535
GABRA1	GFAP	0.438
GABRA1	GPHN	0.687
GABRA1	GRIA1	0.634
GABRA1	GRIA2	0.641
GABRA1	GRIA3	0.577
GABRA1	GRIA4	0.562
GABRA1	GRIK1	0.674
GABRA1	GRIK2	0.454
GABRA1	GRIK3	0.472
GABRA1	GRIK5	0.478
GABRA1	GRIN1	0.528
GABRA1	GRIN2A	0.734
GABRA1	GRIN2B	0.619
GABRA1	GRIN2C	0.519
GABRA1	GRIN3A	0.515
GABRA1	GRM1	0.511
GABRA1	GRM3	0.482
GABRA1	GRM5	0.576
GABRA1	HAP1	0.935
GABRA1	HTR1A	0.483
GABRA1	HTR1B	0.417
GABRA1	HTR2A	0.56
GABRA1	HTR2C	0.447
GABRA1	KCNA1	0.537
GABRA1	KCNA2	0.54
GABRA1	KCNC1	0.623
GABRA1	KCNQ2	0.656
GABRA1	KCNQ3	0.598
GABRA1	KCNT1	0.554
GABRA1	LGI1	0.457
GABRA1	NEFL	0.575
GABRA1	NRXN1	0.509
GABRA1	PCDH10	0.608
GABRA1	PCDH19	0.651
GABRA1	PRKCG	0.452
GABRA1	PRRT2	0.521
GABRA1	PTGS2	0.43
GABRA1	PVALB	0.48
GABRA1	SCN1A	0.817
GABRA1	SCN1B	0.765
GABRA1	SCN2A	0.692
GABRA1	SCN8A	0.6
GABRA1	SLC12A2	0.54
GABRA1	SLC12A5	0.858
GABRA1	SLC17A6	0.43
GABRA1	SLC17A7	0.526
GABRA1	SLC2A1	0.45
GABRA1	SLC32A1	0.664
GABRA1	SLC6A1	0.657
GABRA1	SLC6A11	0.423
GABRA1	SLC6A3	0.514
GABRA1	SLC6A4	0.401
GABRA1	SNAP25	0.524
GABRA1	SPTAN1	0.462
GABRA1	STXBP1	0.643
GABRA1	SYN1	0.416
GABRA1	SYT1	0.639
GABRA2	GABRA3	0.622
GABRA2	GABRA4	0.782
GABRA2	GABRA5	0.655
GABRA2	GABRA6	0.724
GABRA2	GABRB1	0.917
GABRA2	GABRB2	0.812
GABRA2	GABRB3	0.829
GABRA2	GABRD	0.72
GABRA2	GABRG1	0.809
GABRA2	GABRG2	0.793
GABRA2	GABRG3	0.693
GABRA2	GABRR3	0.617
GABRA2	GAD1	0.533
GABRA2	GAD2	0.537
GABRA2	GLUL	0.417
GABRA2	GPHN	0.509
GABRA2	GRIA1	0.488
GABRA2	GRIA2	0.555
GABRA2	GRIA3	0.551
GABRA2	GRIA4	0.52
GABRA2	GRIK1	0.459
GABRA2	GRIK2	0.415
GABRA2	GRIK5	0.435
GABRA2	GRIN2A	0.508
GABRA2	GRIN2B	0.49
GABRA2	GRM5	0.414
GABRA2	HTR1B	0.406
GABRA2	HTR2A	0.512
GABRA2	NRXN1	0.44
GABRA2	OPRM1	0.595
GABRA2	SCN1A	0.479
GABRA2	SCN2A	0.402
GABRA2	SCN8A	0.409
GABRA2	SLC12A5	0.402
GABRA2	SLC32A1	0.547
GABRA2	SLC6A1	0.515
GABRA2	SLC6A4	0.595
GABRA2	TH	0.402
GABRA3	GABRA4	0.598
GABRA3	GABRA5	0.851
GABRA3	GABRA6	0.6
GABRA3	GABRB1	0.767
GABRA3	GABRB2	0.77
GABRA3	GABRB3	0.855
GABRA3	GABRD	0.695
GABRA3	GABRG1	0.752
GABRA3	GABRG2	0.762
GABRA3	GABRG3	0.735
GABRA3	GABRR3	0.615
GABRA3	GAD2	0.433
GABRA3	GPHN	0.436
GABRA3	GRIA1	0.584
GABRA3	GRIA2	0.622
GABRA3	GRIA3	0.673
GABRA3	GRIA4	0.536
GABRA3	GRIK1	0.402
GABRA3	GRIK2	0.52
GABRA3	GRIK5	0.496
GABRA3	GRIN2B	0.433
GABRA3	HAP1	0.906
GABRA3	HTR2C	0.547
GABRA3	KCNA1	0.499
GABRA3	MECP2	0.518
GABRA3	SLC32A1	0.61
GABRA3	SLC6A1	0.419
GABRA3	SYP	0.44
GABRA4	GABRA5	0.653
GABRA4	GABRA6	0.62
GABRA4	GABRB1	0.93
GABRA4	GABRB2	0.756
GABRA4	GABRB3	0.969
GABRA4	GABRD	0.973
GABRA4	GABRG1	0.794
GABRA4	GABRG2	0.929
GABRA4	GABRG3	0.609
GABRA4	GABRR3	0.607
GABRA4	GAD1	0.456
GABRA4	GAD2	0.487
GABRA4	GPHN	0.427
GABRA4	GRIA1	0.477
GABRA4	GRIA2	0.532
GABRA4	GRIA3	0.473
GABRA4	GRIA4	0.468
GABRA4	GRIK5	0.401
GABRA4	GRIN2A	0.482
GABRA4	GRIN2B	0.463
GABRA4	HAP1	0.901
GABRA4	HTR2A	0.446
GABRA4	NRXN1	0.663
GABRA4	SHANK3	0.645
GABRA4	SLC12A5	0.405
GABRA4	SLC32A1	0.451
GABRA4	SLC6A1	0.616
GABRA4	SLC6A4	0.534
GABRA4	SYT1	0.485
GABRA5	GABRA6	0.659
GABRA5	GABRB1	0.834
GABRA5	GABRB2	0.788
GABRA5	GABRB3	0.808
GABRA5	GABRD	0.747
GABRA5	GABRG1	0.766
GABRA5	GABRG2	0.776
GABRA5	GABRG3	0.766
GABRA5	GABRR3	0.618
GABRA5	GAD1	0.585
GABRA5	GAD2	0.54
GABRA5	GPHN	0.428
GABRA5	GRIA1	0.552
GABRA5	GRIA2	0.498
GABRA5	GRIA3	0.574
GABRA5	GRIA4	0.53
GABRA5	GRIK2	0.408
GABRA5	GRIN2A	0.512
GABRA5	GRIN2B	0.49
GABRA5	GRIN2C	0.401
GABRA5	GRM1	0.479
GABRA5	GRM3	0.501
GABRA5	GRM5	0.492
GABRA5	HAP1	0.9
GABRA5	HTR2A	0.454
GABRA5	HTR2C	0.498
GABRA5	KCNA1	0.452
GABRA5	MECP2	0.56
GABRA5	NRXN1	0.442
GABRA5	NTRK2	0.526
GABRA5	PVALB	0.436
GABRA5	SCN1A	0.553
GABRA5	SCN2A	0.415
GABRA5	SLC12A5	0.423
GABRA5	SLC32A1	0.501
GABRA5	SLC6A1	0.88
GABRA5	SLC6A11	0.752
GABRA5	SYN2	0.487
GABRA6	GABRB1	0.725
GABRA6	GABRB2	0.793
GABRA6	GABRB3	0.809
GABRA6	GABRD	0.801
GABRA6	GABRG1	0.71
GABRA6	GABRG2	0.686
GABRA6	GABRG3	0.587
GABRA6	GABRR3	0.614
GABRA6	GAD2	0.415
GABRA6	GRIA2	0.432
GABRA6	GRIN1	0.413
GABRA6	GRIN2C	0.487
GABRA6	GRM5	0.414
GABRA6	HAP1	0.902
GABRA6	HTR1B	0.417
GABRA6	HTR2A	0.431
GABRA6	SCN1A	0.586
GABRA6	SCN1B	0.575
GABRA6	SCN2A	0.421
GABRA6	SLC32A1	0.432
GABRA6	SLC6A1	0.749
GABRA6	SLC6A11	0.451
GABRA6	SLC6A3	0.481
GABRA6	SLC6A4	0.598
GABRB1	GABRB2	0.95
GABRB1	GABRB3	0.95
GABRB1	GABRD	0.72
GABRB1	GABRG1	0.9
GABRB1	GABRG2	0.87
GABRB1	GABRG3	0.772
GABRB1	GABRR3	0.622
GABRB1	GAD1	0.514
GABRB1	GAD2	0.524
GABRB1	GRIA1	0.438
GABRB1	GRIA2	0.521
GABRB1	GRIA3	0.443
GABRB1	GRIK2	0.44
GABRB1	GRIK5	0.425
GABRB1	GRIN2A	0.482
GABRB1	GRIN2B	0.48
GABRB1	GRM3	0.537
GABRB1	GRM5	0.638
GABRB1	HAP1	0.938
GABRB1	NLGN1	0.408
GABRB1	NTRK2	0.643
GABRB1	SCN1A	0.427
GABRB1	SCN2A	0.415
GABRB1	SLC32A1	0.501
GABRB1	SLC6A1	0.531
GABRB2	GABRB3	0.969
GABRB2	GABRD	0.688
GABRB2	GABRG1	0.82
GABRB2	GABRG2	0.989
GABRB2	GABRG3	0.763
GABRB2	GABRR3	0.62
GABRB2	GAD1	0.705
GABRB2	GAD2	0.564
GABRB2	GPHN	0.416
GABRB2	GRIA1	0.478
GABRB2	GRIA2	0.568
GABRB2	GRIA3	0.472
GABRB2	GRIA4	0.434
GABRB2	GRIK3	0.536
GABRB2	GRIK5	0.404
GABRB2	GRIN1	0.468
GABRB2	GRIN2A	0.55
GABRB2	GRIN2B	0.589
GABRB2	GRM3	0.553
GABRB2	GRM5	0.544
GABRB2	HAP1	0.935
GABRB2	HTR1A	0.434
GABRB2	HTR2A	0.655
GABRB2	KCNA1	0.422
GABRB2	KCND2	0.402
GABRB2	NRXN1	0.633
GABRB2	OPRM1	0.444
GABRB2	SCN1A	0.615
GABRB2	SCN1B	0.571
GABRB2	SCN2A	0.55
GABRB2	SLC12A5	0.421
GABRB2	SLC32A1	0.551
GABRB2	SLC6A1	0.577
GABRB2	SLC6A3	0.514
GABRB2	SNAP25	0.441
GABRB2	SYN2	0.486
GABRB2	SYT1	0.475
GABRB2	TAC1	0.421
GABRB3	GABRD	0.959
GABRB3	GABRG1	0.777
GABRB3	GABRG2	0.99
GABRB3	GABRG3	0.774
GABRB3	GABRR3	0.616
GABRB3	GAD1	0.809
GABRB3	GAD2	0.675
GABRB3	GPHN	0.436
GABRB3	GRIA1	0.562
GABRB3	GRIA2	0.685
GABRB3	GRIA3	0.452
GABRB3	GRIA4	0.462
GABRB3	GRIK1	0.423
GABRB3	GRIK2	0.653
GABRB3	GRIK5	0.639
GABRB3	GRIN2A	0.54
GABRB3	GRIN2B	0.579
GABRB3	GRM3	0.622
GABRB3	GRM5	0.41
GABRB3	HAP1	0.908
GABRB3	HTR1A	0.532
GABRB3	HTR2A	0.412
GABRB3	KCNQ2	0.62
GABRB3	KCNQ3	0.433
GABRB3	KCNT1	0.495
GABRB3	MECP2	0.779
GABRB3	NLGN1	0.448
GABRB3	NRXN1	0.63
GABRB3	PCDH10	0.449
GABRB3	PCDH19	0.522
GABRB3	PVALB	0.528
GABRB3	SCN1A	0.654
GABRB3	SCN1B	0.476
GABRB3	SCN2A	0.624
GABRB3	SCN3B	0.476
GABRB3	SCN8A	0.574
GABRB3	SHANK3	0.751
GABRB3	SLC12A5	0.495
GABRB3	SLC32A1	0.512
GABRB3	SLC6A1	0.53
GABRB3	SLC6A4	0.455
GABRB3	STXBP1	0.548
GABRD	GABRG1	0.769
GABRD	GABRG2	0.768
GABRD	GABRG3	0.695
GABRD	GABRR3	0.601
GABRD	GAD1	0.537
GABRD	GAD2	0.468
GABRD	GRIA1	0.434
GABRD	GRIA2	0.523
GABRD	GRIA3	0.489
GABRD	GRIN1	0.554
GABRD	GRIN2A	0.453
GABRD	GRIN2B	0.401
GABRD	GRIN2C	0.502
GABRD	GRM3	0.411
GABRD	GRM5	0.476
GABRD	HAP1	0.939
GABRD	KCNA1	0.494
GABRD	KCNC1	0.49
GABRD	KCND2	0.404
GABRD	KCNQ2	0.529
GABRD	KCNQ3	0.456
GABRD	NTRK2	0.475
GABRD	PRKCG	0.435
GABRD	PVALB	0.446
GABRD	SCN1A	0.729
GABRD	SCN1B	0.786
GABRD	SCN2A	0.544
GABRD	SCN9A	0.653
GABRD	SLC12A5	0.577
GABRD	SLC17A7	0.431
GABRD	SLC32A1	0.56
GABRD	SLC6A1	0.932
GABRD	SLC6A11	0.757
GABRG1	GABRG2	0.868
GABRG1	GABRG3	0.592
GABRG1	GABRR3	0.626
GABRG1	GAD1	0.491
GABRG1	GAD2	0.484
GABRG1	GFAP	0.426
GABRG1	GRIA1	0.43
GABRG1	GRIA2	0.497
GABRG1	GRIA4	0.41
GABRG1	GRIK1	0.458
GABRG1	GRIN1	0.418
GABRG1	GRIN2A	0.456
GABRG1	GRIN2C	0.436
GABRG1	GRM3	0.446
GABRG1	GRM5	0.44
GABRG1	HAP1	0.901
GABRG1	HTR1A	0.409
GABRG1	NRXN1	0.419
GABRG1	OPRM1	0.404
GABRG1	SLC32A1	0.529
GABRG1	SLC6A1	0.586
GABRG2	GABRG3	0.732
GABRG2	GABRR3	0.623
GABRG2	GAD1	0.684
GABRG2	GAD2	0.588
GABRG2	GFAP	0.428
GABRG2	GPHN	0.755
GABRG2	GRIA1	0.521
GABRG2	GRIA2	0.623
GABRG2	GRIA3	0.491
GABRG2	GRIA4	0.486
GABRG2	GRIK1	0.456
GABRG2	GRIK3	0.431
GABRG2	GRIK5	0.434
GABRG2	GRIN1	0.587
GABRG2	GRIN2A	0.586
GABRG2	GRIN2B	0.567
GABRG2	GRM1	0.409
GABRG2	GRM3	0.468
GABRG2	GRM5	0.491
GABRG2	HTR1A	0.43
GABRG2	HTR2A	0.503
GABRG2	KCNA1	0.498
GABRG2	KCNA2	0.476
GABRG2	KCNC1	0.456
GABRG2	KCNQ2	0.709
GABRG2	KCNQ3	0.663
GABRG2	KCNT1	0.546
GABRG2	LGI1	0.523
GABRG2	NLGN1	0.419
GABRG2	NRXN1	0.556
GABRG2	PCDH10	0.644
GABRG2	PCDH19	0.691
GABRG2	PRRT2	0.532
GABRG2	PVALB	0.421
GABRG2	SCN1A	0.952
GABRG2	SCN1B	0.947
GABRG2	SCN2A	0.774
GABRG2	SCN2B	0.627
GABRG2	SCN3B	0.403
GABRG2	SCN8A	0.726
GABRG2	SCN9A	0.864
GABRG2	SLC12A5	0.539
GABRG2	SLC17A6	0.402
GABRG2	SLC17A7	0.505
GABRG2	SLC2A1	0.52
GABRG2	SLC32A1	0.594
GABRG2	SLC6A1	0.724
GABRG2	SNAP25	0.698
GABRG2	SST	0.552
GABRG2	STXBP1	0.637
GABRG2	SYT1	0.448
GABRG3	GABRR3	0.598
GABRG3	GAD1	0.456
GABRG3	GAD2	0.443
GABRG3	GPHN	0.43
GABRG3	GRIK3	0.439
GABRG3	GRIN2A	0.459
GABRG3	HAP1	0.905
GABRG3	HTR2A	0.401
GABRG3	MECP2	0.547
GABRG3	NRXN1	0.433
GABRG3	SLC6A1	0.449
GAD1	GAD2	0.968
GAD1	GAPDH	0.495
GAD1	GDNF	0.402
GAD1	GFAP	0.723
GAD1	GLUL	0.953
GAD1	GPHN	0.66
GAD1	GRIA1	0.633
GAD1	GRIA2	0.73
GAD1	GRIA3	0.407
GAD1	GRIA4	0.461
GAD1	GRIK1	0.545
GAD1	GRIK2	0.622
GAD1	GRIK3	0.464
GAD1	GRIK5	0.611
GAD1	GRIN1	0.603
GAD1	GRIN2A	0.648
GAD1	GRIN2B	0.65
GAD1	GRIN2C	0.49
GAD1	GRIN2D	0.415
GAD1	GRM1	0.504
GAD1	GRM2	0.536
GAD1	GRM3	0.681
GAD1	GRM5	0.56
GAD1	HTR1A	0.48
GAD1	HTR2A	0.46
GAD1	HTR2C	0.426
GAD1	HTR3A	0.692
GAD1	KCNC1	0.515
GAD1	MAP2	0.547
GAD1	MECP2	0.958
GAD1	NEFL	0.451
GAD1	NPY	0.705
GAD1	NRXN1	0.476
GAD1	NTRK2	0.586
GAD1	OXT	0.428
GAD1	PDYN	0.584
GAD1	POMC	0.467
GAD1	PPARG	0.412
GAD1	PPP1R1B	0.525
GAD1	PRKACA	0.468
GAD1	PRKCG	0.418
GAD1	PVALB	0.968
GAD1	PXDN	0.462
GAD1	PXDNL	0.462
GAD1	RBFOX3	0.79
GAD1	S100B	0.438
GAD1	SCN1A	0.433
GAD1	SHANK3	0.41
GAD1	SLC12A2	0.51
GAD1	SLC12A5	0.674
GAD1	SLC17A6	0.884
GAD1	SLC17A7	0.852
GAD1	SLC17A8	0.628
GAD1	SLC1A2	0.597
GAD1	SLC1A3	0.543
GAD1	SLC32A1	0.977
GAD1	SLC6A1	0.829
GAD1	SLC6A11	0.599
GAD1	SLC6A3	0.543
GAD1	SLC6A4	0.517
GAD1	SNAP25	0.773
GAD1	SST	0.873
GAD1	STX1A	0.664
GAD1	STXBP1	0.637
GAD1	SYN1	0.656
GAD1	SYN2	0.541
GAD1	SYN3	0.515
GAD1	SYP	0.627
GAD1	SYT1	0.748
GAD1	TAC1	0.689
GAD1	TH	0.746
GAD2	GAPDH	0.425
GAD2	GFAP	0.656
GAD2	GLUL	0.948
GAD2	GPHN	0.716
GAD2	GRIA1	0.645
GAD2	GRIA2	0.623
GAD2	GRIA3	0.408
GAD2	GRIA4	0.478
GAD2	GRIK1	0.491
GAD2	GRIK2	0.441
GAD2	GRIK3	0.417
GAD2	GRIK5	0.438
GAD2	GRIN1	0.584
GAD2	GRIN2A	0.584
GAD2	GRIN2B	0.605
GAD2	GRM1	0.604
GAD2	GRM2	0.435
GAD2	GRM3	0.422
GAD2	GRM5	0.75
GAD2	HTR3A	0.459
GAD2	INS	0.888
GAD2	KCNA1	0.472
GAD2	KCNC1	0.495
GAD2	LGI1	0.807
GAD2	MAP2	0.499
GAD2	MBP	0.448
GAD2	MECP2	0.893
GAD2	NLGN1	0.413
GAD2	NOS1	0.417
GAD2	NPY	0.648
GAD2	NRXN1	0.517
GAD2	NTRK2	0.696
GAD2	OPRM1	0.43
GAD2	PDYN	0.481
GAD2	POMC	0.453
GAD2	PPP1R1B	0.487
GAD2	PRKACA	0.432
GAD2	PRKCG	0.421
GAD2	PVALB	0.835
GAD2	PXDN	0.416
GAD2	PXDNL	0.416
GAD2	RBFOX3	0.689
GAD2	SLC12A2	0.509
GAD2	SLC12A5	0.704
GAD2	SLC17A6	0.844
GAD2	SLC17A7	0.883
GAD2	SLC17A8	0.61
GAD2	SLC1A2	0.553
GAD2	SLC1A3	0.495
GAD2	SLC32A1	0.987
GAD2	SLC6A1	0.865
GAD2	SLC6A11	0.578
GAD2	SLC6A3	0.45
GAD2	SLC6A4	0.415
GAD2	SNAP25	0.895
GAD2	SST	0.749
GAD2	STX1A	0.746
GAD2	STXBP1	0.636
GAD2	SYN1	0.699
GAD2	SYN2	0.548
GAD2	SYN3	0.48
GAD2	SYP	0.631
GAD2	SYT1	0.872
GAD2	TAC1	0.465
GAD2	TH	0.693
GAPDH	GDNF	0.548
GAPDH	GFAP	0.749
GAPDH	GJA1	0.61
GAPDH	GLUL	0.688
GAPDH	GRIA1	0.482
GAPDH	GRIA2	0.729
GAPDH	GRIN2A	0.447
GAPDH	GRIN2B	0.506
GAPDH	GSK3B	0.817
GAPDH	HAP1	0.407
GAPDH	HDAC1	0.762
GAPDH	HIF1A	0.751
GAPDH	HMGB1	0.74
GAPDH	HMOX1	0.759
GAPDH	IGF1	0.683
GAPDH	IKBKB	0.622
GAPDH	IL10	0.782
GAPDH	IL18	0.622
GAPDH	IL1A	0.675
GAPDH	IL1B	0.872
GAPDH	IL1R1	0.447
GAPDH	IL4	0.713
GAPDH	IL6	0.879
GAPDH	INS	0.816
GAPDH	IRS1	0.601
GAPDH	LEP	0.612
GAPDH	MAP2	0.541
GAPDH	MAPK1	0.701
GAPDH	MAPK3	0.832
GAPDH	MBP	0.549
GAPDH	MECP2	0.47
GAPDH	MTOR	0.701
GAPDH	NEFL	0.435
GAPDH	NFE2L2	0.641
GAPDH	NGF	0.602
GAPDH	NLRP3	0.613
GAPDH	NOS1	0.494
GAPDH	NPY	0.422
GAPDH	NTRK2	0.521
GAPDH	PIK3CA	0.677
GAPDH	POMC	0.491
GAPDH	PPARA	0.634
GAPDH	PPARG	0.742
GAPDH	PRKACA	0.627
GAPDH	PRKACB	0.583
GAPDH	PRKACG	0.582
GAPDH	PRKCA	0.499
GAPDH	PTEN	0.752
GAPDH	PTGS2	0.82
GAPDH	PVALB	0.589
GAPDH	PXDN	0.924
GAPDH	PXDNL	0.924
GAPDH	RBFOX3	0.708
GAPDH	RPS6KB1	0.713
GAPDH	S100B	0.479
GAPDH	SIRT1	0.892
GAPDH	SLC17A7	0.647
GAPDH	SLC1A2	0.641
GAPDH	SLC1A3	0.639
GAPDH	SLC2A1	0.737
GAPDH	SLC6A11	0.479
GAPDH	SNAP25	0.581
GAPDH	SOD2	0.74
GAPDH	SRC	0.702
GAPDH	SST	0.408
GAPDH	STAT3	0.807
GAPDH	SYN1	0.7
GAPDH	SYP	0.577
GAPDH	TAC1	0.4
GAPDH	TH	0.602
GAPDH	TLR4	0.761
GAPDH	TNF	0.849
GAPDH	TRPV1	0.5
GAPDH	TSC1	0.494
GAPDH	TSC2	0.484
GDNF	GFAP	0.665
GDNF	GSK3B	0.418
GDNF	IGF1	0.775
GDNF	IL10	0.52
GDNF	IL18	0.507
GDNF	IL1B	0.582
GDNF	IL6	0.589
GDNF	INS	0.596
GDNF	KCNC1	0.413
GDNF	KCND2	0.427
GDNF	MAP2	0.571
GDNF	MAPK3	0.475
GDNF	MBP	0.494
GDNF	NEFL	0.538
GDNF	NGF	0.926
GDNF	NOS1	0.541
GDNF	NPY	0.4
GDNF	NTRK2	0.994
GDNF	OXT	0.478
GDNF	PIK3CA	0.537
GDNF	PRKACA	0.608
GDNF	PRKACB	0.605
GDNF	PRKACG	0.605
GDNF	PRKCA	0.582
GDNF	PVALB	0.432
GDNF	PXDN	0.446
GDNF	PXDNL	0.446
GDNF	RBFOX3	0.595
GDNF	S100B	0.581
GDNF	SHANK3	0.547
GDNF	SLC17A7	0.431
GDNF	SLC1A2	0.48
GDNF	SLC1A3	0.478
GDNF	SLC6A3	0.602
GDNF	SRC	0.685
GDNF	SYN1	0.531
GDNF	SYN2	0.403
GDNF	SYN3	0.426
GDNF	SYP	0.531
GDNF	TAC1	0.54
GDNF	TH	0.847
GDNF	TNF	0.529
GDNF	TRPV1	0.684
GFAP	GJA1	0.595
GFAP	GLUL	0.73
GFAP	GRIA1	0.585
GFAP	GRIA2	0.678
GFAP	GRIN1	0.693
GFAP	GRIN2A	0.527
GFAP	GRIN2B	0.579
GFAP	GRM3	0.41
GFAP	GRM5	0.51
GFAP	GSK3B	0.456
GFAP	HMGB1	0.569
GFAP	HMOX1	0.451
GFAP	IGF1	0.611
GFAP	IL10	0.589
GFAP	IL1A	0.608
GFAP	IL1B	0.82
GFAP	IL4	0.423
GFAP	IL6	0.782
GFAP	INS	0.578
GFAP	KCNA1	0.433
GFAP	KCNJ10	0.638
GFAP	LGI1	0.547
GFAP	MAP2	0.842
GFAP	MAPK3	0.522
GFAP	MBP	0.876
GFAP	MECP2	0.471
GFAP	NEFL	0.726
GFAP	NGF	0.653
GFAP	NLRP3	0.484
GFAP	NOS1	0.447
GFAP	NPY	0.547
GFAP	NRXN1	0.414
GFAP	NTRK2	0.669
GFAP	POMC	0.435
GFAP	PPARG	0.404
GFAP	PPP1R1B	0.532
GFAP	PRKCA	0.474
GFAP	PRKCG	0.56
GFAP	PTEN	0.502
GFAP	PTGS2	0.453
GFAP	PVALB	0.771
GFAP	PXDN	0.808
GFAP	PXDNL	0.809
GFAP	RBFOX3	0.931
GFAP	S100B	0.925
GFAP	SLC12A5	0.484
GFAP	SLC17A6	0.633
GFAP	SLC17A7	0.817
GFAP	SLC1A2	0.885
GFAP	SLC1A3	0.787
GFAP	SLC32A1	0.643
GFAP	SLC6A1	0.566
GFAP	SLC6A11	0.424
GFAP	SLC6A3	0.47
GFAP	SNAP25	0.762
GFAP	SST	0.601
GFAP	STAT3	0.59
GFAP	SV2A	0.513
GFAP	SYN1	0.741
GFAP	SYN2	0.653
GFAP	SYN3	0.575
GFAP	SYP	0.86
GFAP	SYT1	0.544
GFAP	TAC1	0.456
GFAP	TH	0.786
GFAP	TLR4	0.632
GFAP	TNF	0.705
GFAP	TRPV1	0.41
GJA1	GLUL	0.486
GJA1	GSK3B	0.432
GJA1	HIF1A	0.497
GJA1	IGF1	0.486
GJA1	IL1B	0.533
GJA1	IL6	0.524
GJA1	INS	0.501
GJA1	KCND2	0.526
GJA1	KCNH2	0.528
GJA1	KCNJ10	0.688
GJA1	MAPK1	0.943
GJA1	MAPK3	0.947
GJA1	MBP	0.482
GJA1	NGF	0.446
GJA1	OXT	0.412
GJA1	PANX1	0.822
GJA1	PRKACA	0.494
GJA1	PRKACB	0.494
GJA1	PRKACG	0.495
GJA1	PRKCA	0.525
GJA1	PTGS2	0.47
GJA1	PXDN	0.59
GJA1	PXDNL	0.545
GJA1	S100B	0.474
GJA1	SCN3A	0.508
GJA1	SCN5A	0.873
GJA1	SLC1A2	0.55
GJA1	SLC1A3	0.53
GJA1	SPTAN1	0.545
GJA1	SRC	0.998
GJA1	TNF	0.514
GLUL	GRIN3A	0.4
GLUL	IL1B	0.406
GLUL	INS	0.417
GLUL	KCNJ10	0.619
GLUL	MBP	0.403
GLUL	MTOR	0.436
GLUL	PRKCA	0.517
GLUL	PVALB	0.407
GLUL	PXDN	0.401
GLUL	RBFOX3	0.492
GLUL	S100B	0.608
GLUL	SLC17A7	0.456
GLUL	SLC1A2	0.821
GLUL	SLC1A3	0.82
GLUL	SLC2A1	0.423
GLUL	SLC32A1	0.406
GLUL	SLC6A1	0.461
GLUL	SLC6A11	0.445
GLUL	SOD2	0.47
GLUL	STAT3	0.402
GLUL	STXBP1	0.423
GPHN	GRIA1	0.621
GPHN	GRIA2	0.52
GPHN	GRIN1	0.446
GPHN	GRIN2A	0.482
GPHN	GRIN2B	0.526
GPHN	GRM5	0.545
GPHN	HAP1	0.547
GPHN	MECP2	0.458
GPHN	MTOR	0.903
GPHN	NLGN1	0.722
GPHN	NOS1	0.587
GPHN	NRXN1	0.831
GPHN	NTRK2	0.409
GPHN	PVALB	0.767
GPHN	RBFOX3	0.444
GPHN	SHANK3	0.541
GPHN	SLC12A2	0.44
GPHN	SLC12A5	0.592
GPHN	SLC17A6	0.617
GPHN	SLC17A7	0.737
GPHN	SLC32A1	0.939
GPHN	SLC6A1	0.523
GPHN	SST	0.489
GPHN	SV2A	0.577
GPHN	SYN1	0.711
GPHN	SYN2	0.648
GPHN	SYN3	0.649
GPHN	SYP	0.809
GPHN	SYT1	0.419
GPR55	HTR1A	0.782
GPR55	MAPK3	0.552
GPR55	PPARA	0.746
GPR55	PPARG	0.594
GPR55	PTGS2	0.414
GPR55	SRC	0.543
GPR55	TRPV1	0.922
GRIA1	GRIA2	0.999
GRIA1	GRIA3	0.999
GRIA1	GRIA4	0.997
GRIA1	GRIK1	0.521
GRIA1	GRIK2	0.751
GRIA1	GRIK3	0.822
GRIA1	GRIK4	0.752
GRIA1	GRIK5	0.533
GRIA1	GRIN1	0.907
GRIA1	GRIN2A	0.926
GRIA1	GRIN2B	0.934
GRIA1	GRIN2C	0.829
GRIA1	GRIN2D	0.816
GRIA1	GRIN3A	0.815
GRIA1	GRM1	0.849
GRIA1	GRM2	0.966
GRIA1	GRM3	0.857
GRIA1	GRM5	0.916
GRIA1	GSK3B	0.439
GRIA1	HTR1A	0.473
GRIA1	HTR1B	0.563
GRIA1	HTR2A	0.481
GRIA1	HTR3A	0.814
GRIA1	KCNA1	0.476
GRIA1	KCND2	0.491
GRIA1	KCNQ2	0.427
GRIA1	LGI1	0.49
GRIA1	MAP2	0.563
GRIA1	MECP2	0.464
GRIA1	MTOR	0.487
GRIA1	NEFL	0.661
GRIA1	NLGN1	0.633
GRIA1	NRXN1	0.6
GRIA1	NTRK2	0.667
GRIA1	PDYN	0.616
GRIA1	PPP1R1B	0.625
GRIA1	PRKACA	0.97
GRIA1	PRKACB	0.961
GRIA1	PRKACG	0.96
GRIA1	PRKCA	0.706
GRIA1	PRKCG	0.658
GRIA1	PRRT2	0.625
GRIA1	PVALB	0.634
GRIA1	PXDN	0.522
GRIA1	PXDNL	0.522
GRIA1	RBFOX3	0.603
GRIA1	RPS6KB1	0.537
GRIA1	SCN1A	0.407
GRIA1	SHANK3	0.623
GRIA1	SLC12A5	0.54
GRIA1	SLC17A6	0.663
GRIA1	SLC17A7	0.855
GRIA1	SLC17A8	0.41
GRIA1	SLC1A2	0.687
GRIA1	SLC1A3	0.635
GRIA1	SLC32A1	0.766
GRIA1	SLC6A1	0.479
GRIA1	SLC6A3	0.48
GRIA1	SNAP25	0.731
GRIA1	SST	0.42
GRIA1	STXBP1	0.517
GRIA1	SV2A	0.49
GRIA1	SYN1	0.818
GRIA1	SYN2	0.754
GRIA1	SYN3	0.813
GRIA1	SYP	0.841
GRIA1	SYT1	0.649
GRIA1	TH	0.482
GRIA2	GRIA3	0.999
GRIA2	GRIA4	0.999
GRIA2	GRIK1	0.549
GRIA2	GRIK2	0.767
GRIA2	GRIK3	0.676
GRIA2	GRIK4	0.641
GRIA2	GRIK5	0.52
GRIA2	GRIN1	0.901
GRIA2	GRIN2A	0.933
GRIA2	GRIN2B	0.885
GRIA2	GRIN2C	0.822
GRIA2	GRIN2D	0.8
GRIA2	GRIN3A	0.845
GRIA2	GRM1	0.809
GRIA2	GRM2	0.636
GRIA2	GRM3	0.744
GRIA2	GRM5	0.852
GRIA2	HDAC1	0.584
GRIA2	HTR1A	0.581
GRIA2	HTR2A	0.47
GRIA2	HTR2C	0.457
GRIA2	HTR3A	0.806
GRIA2	KCNA1	0.66
GRIA2	KCNA2	0.493
GRIA2	KCNC1	0.414
GRIA2	KCND2	0.456
GRIA2	KCNQ2	0.416
GRIA2	MAP2	0.515
GRIA2	MECP2	0.71
GRIA2	NEFL	0.669
GRIA2	NLGN1	0.64
GRIA2	NRXN1	0.695
GRIA2	NTRK2	0.612
GRIA2	PPP1R1B	0.407
GRIA2	PRKACA	0.937
GRIA2	PRKACB	0.939
GRIA2	PRKACG	0.936
GRIA2	PRKCA	0.605
GRIA2	PRKCG	0.72
GRIA2	PVALB	0.559
GRIA2	RBFOX3	0.485
GRIA2	SCN2A	0.488
GRIA2	SHANK3	0.573
GRIA2	SLC12A5	0.499
GRIA2	SLC17A6	0.661
GRIA2	SLC17A7	0.822
GRIA2	SLC1A2	0.685
GRIA2	SLC1A3	0.535
GRIA2	SLC32A1	0.742
GRIA2	SLC6A1	0.598
GRIA2	SLC6A3	0.405
GRIA2	SNAP25	0.707
GRIA2	SST	0.403
GRIA2	STXBP1	0.406
GRIA2	SV2A	0.474
GRIA2	SYN1	0.684
GRIA2	SYN2	0.568
GRIA2	SYN3	0.488
GRIA2	SYP	0.696
GRIA2	SYT1	0.575
GRIA3	GRIA4	0.997
GRIA3	GRIK2	0.657
GRIA3	GRIK3	0.649
GRIA3	GRIK4	0.635
GRIA3	GRIK5	0.508
GRIA3	GRIN1	0.877
GRIA3	GRIN2A	0.886
GRIA3	GRIN2B	0.823
GRIA3	GRIN2C	0.809
GRIA3	GRIN2D	0.799
GRIA3	GRIN3A	0.802
GRIA3	GRM1	0.602
GRIA3	GRM2	0.51
GRIA3	GRM3	0.591
GRIA3	GRM5	0.782
GRIA3	HTR1A	0.579
GRIA3	HTR2A	0.451
GRIA3	HTR2C	0.406
GRIA3	HTR3A	0.796
GRIA3	KCNA1	0.594
GRIA3	KCNA2	0.407
GRIA3	NEFL	0.49
GRIA3	NRXN1	0.509
GRIA3	NTRK2	0.622
GRIA3	PRKACA	0.922
GRIA3	PRKACB	0.924
GRIA3	PRKACG	0.921
GRIA3	PRKCA	0.49
GRIA3	PRKCG	0.524
GRIA3	SLC17A6	0.466
GRIA3	SLC17A7	0.53
GRIA3	SLC1A2	0.473
GRIA3	SLC1A3	0.411
GRIA3	SLC6A1	0.461
GRIA3	SNAP25	0.427
GRIA3	STXBP1	0.784
GRIA3	SYP	0.401
GRIA4	GRIK2	0.664
GRIA4	GRIK3	0.672
GRIA4	GRIK4	0.756
GRIA4	GRIK5	0.526
GRIA4	GRIN1	0.886
GRIA4	GRIN2A	0.898
GRIA4	GRIN2B	0.853
GRIA4	GRIN2C	0.824
GRIA4	GRIN2D	0.864
GRIA4	GRIN3A	0.878
GRIA4	GRM1	0.653
GRIA4	GRM2	0.84
GRIA4	GRM3	0.834
GRIA4	GRM5	0.667
GRIA4	HTR3A	0.794
GRIA4	KCNA1	0.436
GRIA4	NEFL	0.562
GRIA4	NLGN1	0.496
GRIA4	NRXN1	0.688
GRIA4	NTRK2	0.42
GRIA4	OPRM1	0.529
GRIA4	PRKACA	0.946
GRIA4	PRKACB	0.93
GRIA4	PRKACG	0.928
GRIA4	PRKCA	0.528
GRIA4	PRKCG	0.825
GRIA4	PVALB	0.573
GRIA4	SLC17A6	0.56
GRIA4	SLC17A7	0.55
GRIA4	SLC1A2	0.562
GRIA4	SLC1A3	0.492
GRIA4	SLC32A1	0.429
GRIA4	SNAP25	0.635
GRIA4	SV2A	0.411
GRIA4	SYN1	0.442
GRIA4	SYP	0.506
GRIA4	SYT1	0.402
GRIA4	TAC1	0.559
GRIK1	GRIK2	0.998
GRIK1	GRIK3	0.989
GRIK1	GRIK4	0.993
GRIK1	GRIK5	0.993
GRIK1	GRIN1	0.401
GRIK1	GRIN2A	0.617
GRIK1	GRIN2B	0.412
GRIK1	GRIN2C	0.459
GRIK1	GRIN3A	0.414
GRIK1	GRM1	0.775
GRIK1	GRM2	0.766
GRIK1	GRM3	0.733
GRIK1	GRM5	0.829
GRIK1	HTR3A	0.443
GRIK1	KCNA1	0.407
GRIK1	KCNQ2	0.507
GRIK1	NRXN1	0.403
GRIK1	NTRK2	0.411
GRIK1	OPRM1	0.4
GRIK1	PRKCG	0.463
GRIK1	PVALB	0.414
GRIK1	SLC12A5	0.42
GRIK1	SLC17A6	0.507
GRIK1	SLC17A7	0.496
GRIK1	SLC1A2	0.486
GRIK1	SLC1A3	0.424
GRIK1	SLC32A1	0.439
GRIK1	SLC6A1	0.432
GRIK1	SNAP25	0.595
GRIK1	SYN1	0.514
GRIK1	SYN2	0.53
GRIK1	SYN3	0.546
GRIK2	GRIK3	0.985
GRIK2	GRIK4	0.992
GRIK2	GRIK5	0.999
GRIK2	GRIN1	0.77
GRIK2	GRIN2A	0.718
GRIK2	GRIN2B	0.813
GRIK2	GRIN2C	0.714
GRIK2	GRIN2D	0.686
GRIK2	GRIN3A	0.685
GRIK2	GRM1	0.566
GRIK2	GRM2	0.512
GRIK2	GRM3	0.679
GRIK2	GRM5	0.584
GRIK2	HTR2A	0.454
GRIK2	HTR2C	0.41
GRIK2	HTR3A	0.692
GRIK2	KCNA1	0.458
GRIK2	KCNJ10	0.48
GRIK2	NEFL	0.604
GRIK2	NLGN1	0.628
GRIK2	NRXN1	0.562
GRIK2	SCN10A	0.601
GRIK2	SCN11A	0.587
GRIK2	SCN1A	0.665
GRIK2	SCN1B	0.58
GRIK2	SCN2A	0.663
GRIK2	SCN2B	0.582
GRIK2	SCN3A	0.645
GRIK2	SCN3B	0.67
GRIK2	SCN4A	0.571
GRIK2	SCN4B	0.591
GRIK2	SCN5A	0.625
GRIK2	SCN7A	0.589
GRIK2	SCN8A	0.63
GRIK2	SCN9A	0.663
GRIK2	SHANK3	0.404
GRIK2	SLC12A5	0.419
GRIK2	SLC17A6	0.417
GRIK2	SLC17A7	0.454
GRIK2	SLC1A2	0.516
GRIK2	SLC1A3	0.593
GRIK2	SLC6A4	0.41
GRIK2	TRPM4	0.595
GRIK3	GRIK4	0.991
GRIK3	GRIK5	0.986
GRIK3	GRIN1	0.691
GRIK3	GRIN2A	0.719
GRIK3	GRIN2B	0.711
GRIK3	GRIN2C	0.692
GRIK3	GRIN2D	0.684
GRIK3	GRIN3A	0.685
GRIK3	GRM1	0.487
GRIK3	GRM2	0.64
GRIK3	GRM3	0.575
GRIK3	GRM5	0.556
GRIK3	HTR2A	0.424
GRIK3	HTR3A	0.67
GRIK3	NRXN1	0.425
GRIK3	SCN10A	0.571
GRIK3	SCN11A	0.645
GRIK3	SCN1A	0.619
GRIK3	SCN1B	0.567
GRIK3	SCN2A	0.634
GRIK3	SCN2B	0.596
GRIK3	SCN3A	0.595
GRIK3	SCN3B	0.63
GRIK3	SCN4A	0.563
GRIK3	SCN4B	0.691
GRIK3	SCN5A	0.59
GRIK3	SCN7A	0.595
GRIK3	SCN8A	0.633
GRIK3	SCN9A	0.586
GRIK3	SLC17A7	0.41
GRIK3	SLC1A2	0.43
GRIK3	TRPM4	0.551
GRIK4	GRIK5	0.989
GRIK4	GRIN1	0.692
GRIK4	GRIN2A	0.69
GRIK4	GRIN2B	0.686
GRIK4	GRIN2C	0.692
GRIK4	GRIN2D	0.791
GRIK4	GRIN3A	0.795
GRIK4	GRM1	0.65
GRIK4	GRM2	0.61
GRIK4	GRM3	0.607
GRIK4	GRM5	0.554
GRIK4	HTR2A	0.48
GRIK4	HTR3A	0.649
GRIK4	SCN10A	0.57
GRIK4	SCN11A	0.613
GRIK4	SCN1A	0.595
GRIK4	SCN1B	0.59
GRIK4	SCN2A	0.61
GRIK4	SCN2B	0.629
GRIK4	SCN3A	0.572
GRIK4	SCN3B	0.594
GRIK4	SCN4A	0.58
GRIK4	SCN4B	0.601
GRIK4	SCN5A	0.566
GRIK4	SCN7A	0.564
GRIK4	SCN8A	0.615
GRIK4	SCN9A	0.573
GRIK4	SLC17A7	0.408
GRIK4	SLC1A2	0.46
GRIK4	SLC1A3	0.412
GRIK4	SLC6A4	0.419
GRIK4	SNAP25	0.578
GRIK4	TRPM4	0.591
GRIK5	GRIN1	0.577
GRIK5	GRIN2A	0.67
GRIK5	GRIN2B	0.726
GRIK5	GRIN2C	0.588
GRIK5	GRIN2D	0.71
GRIK5	GRIN3A	0.558
GRIK5	GRM1	0.579
GRIK5	GRM2	0.526
GRIK5	GRM3	0.697
GRIK5	GRM5	0.615
GRIK5	HTR2A	0.433
GRIK5	HTR2C	0.413
GRIK5	HTR3A	0.522
GRIK5	KCNJ10	0.516
GRIK5	NEFL	0.409
GRIK5	NLGN1	0.55
GRIK5	NRXN1	0.502
GRIK5	SCN10A	0.416
GRIK5	SCN11A	0.414
GRIK5	SCN1A	0.5
GRIK5	SCN1B	0.422
GRIK5	SCN2A	0.537
GRIK5	SCN2B	0.446
GRIK5	SCN3A	0.487
GRIK5	SCN3B	0.51
GRIK5	SCN4B	0.459
GRIK5	SCN5A	0.443
GRIK5	SCN7A	0.424
GRIK5	SCN8A	0.514
GRIK5	SCN9A	0.469
GRIK5	SLC17A6	0.425
GRIK5	SLC17A7	0.439
GRIK5	SLC1A2	0.472
GRIK5	SLC1A3	0.583
GRIK5	SYT1	0.464
GRIN1	GRIN2A	0.999
GRIN1	GRIN2B	0.999
GRIN1	GRIN2C	0.999
GRIN1	GRIN2D	0.999
GRIN1	GRIN3A	0.999
GRIN1	GRM1	0.659
GRIN1	GRM2	0.621
GRIN1	GRM3	0.76
GRIN1	GRM5	0.792
GRIN1	HTR1A	0.458
GRIN1	HTR3A	0.787
GRIN1	KCNC1	0.445
GRIN1	KCND2	0.625
GRIN1	KCNQ2	0.452
GRIN1	LGI1	0.59
GRIN1	MAP2	0.486
GRIN1	NEFL	0.869
GRIN1	NLGN1	0.611
GRIN1	NOS1	0.955
GRIN1	NRXN1	0.449
GRIN1	NTRK2	0.708
GRIN1	OPRM1	0.521
GRIN1	P2RX4	0.921
GRIN1	P2RX7	0.909
GRIN1	PDYN	0.93
GRIN1	PPP1R1B	0.426
GRIN1	PRKACA	0.773
GRIN1	PRKACB	0.777
GRIN1	PRKACG	0.833
GRIN1	PRKCA	0.61
GRIN1	PRKCG	0.561
GRIN1	PVALB	0.598
GRIN1	RBFOX3	0.52
GRIN1	SHANK3	0.568
GRIN1	SLC12A5	0.495
GRIN1	SLC17A6	0.557
GRIN1	SLC17A7	0.824
GRIN1	SLC1A2	0.622
GRIN1	SLC1A3	0.549
GRIN1	SLC32A1	0.745
GRIN1	SLC6A1	0.471
GRIN1	SLC6A3	0.564
GRIN1	SNAP25	0.553
GRIN1	SPTAN1	0.43
GRIN1	SRC	0.673
GRIN1	SST	0.401
GRIN1	SYN1	0.667
GRIN1	SYN2	0.538
GRIN1	SYN3	0.42
GRIN1	SYP	0.647
GRIN1	SYT1	0.436
GRIN1	TAC1	0.445
GRIN1	TH	0.44
GRIN2A	GRIN2B	0.999
GRIN2A	GRIN2C	0.998
GRIN2A	GRIN2D	0.998
GRIN2A	GRIN3A	0.999
GRIN2A	GRM1	0.738
GRIN2A	GRM2	0.682
GRIN2A	GRM3	0.936
GRIN2A	GRM5	0.841
GRIN2A	GSK3B	0.404
GRIN2A	HTR1A	0.548
GRIN2A	HTR1B	0.401
GRIN2A	HTR2A	0.552
GRIN2A	HTR2C	0.471
GRIN2A	HTR3A	0.84
GRIN2A	KCNA1	0.45
GRIN2A	KCNA2	0.482
GRIN2A	KCNC1	0.417
GRIN2A	KCND2	0.636
GRIN2A	KCNQ2	0.606
GRIN2A	KCNQ3	0.506
GRIN2A	KCNT1	0.491
GRIN2A	LGI1	0.457
GRIN2A	MAP2	0.516
GRIN2A	MAPK3	0.425
GRIN2A	MECP2	0.876
GRIN2A	NEFL	0.687
GRIN2A	NLGN1	0.554
GRIN2A	NOS1	0.974
GRIN2A	NRXN1	0.617
GRIN2A	NTRK2	0.64
GRIN2A	P2RX4	0.916
GRIN2A	P2RX7	0.909
GRIN2A	PCDH10	0.427
GRIN2A	PCDH19	0.462
GRIN2A	PDYN	0.94
GRIN2A	PPP1R1B	0.706
GRIN2A	PRKACA	0.942
GRIN2A	PRKACB	0.942
GRIN2A	PRKACG	0.969
GRIN2A	PRKCA	0.677
GRIN2A	PRRT2	0.464
GRIN2A	PTGS2	0.504
GRIN2A	PVALB	0.649
GRIN2A	PXDN	0.489
GRIN2A	PXDNL	0.489
GRIN2A	RBFOX3	0.566
GRIN2A	SCN1A	0.577
GRIN2A	SCN2A	0.591
GRIN2A	SCN4A	0.441
GRIN2A	SCN8A	0.496
GRIN2A	SHANK3	0.638
GRIN2A	SLC12A2	0.426
GRIN2A	SLC12A5	0.701
GRIN2A	SLC17A6	0.54
GRIN2A	SLC17A7	0.672
GRIN2A	SLC1A2	0.783
GRIN2A	SLC1A3	0.622
GRIN2A	SLC32A1	0.515
GRIN2A	SLC6A1	0.553
GRIN2A	SLC6A3	0.46
GRIN2A	SLC6A4	0.46
GRIN2A	SNAP25	0.538
GRIN2A	SPTAN1	0.507
GRIN2A	SRC	0.963
GRIN2A	SST	0.424
GRIN2A	STXBP1	0.487
GRIN2A	SYN1	0.651
GRIN2A	SYN2	0.504
GRIN2A	SYN3	0.45
GRIN2A	SYP	0.665
GRIN2A	SYT1	0.465
GRIN2A	TH	0.423
GRIN2B	GRIN2C	0.998
GRIN2B	GRIN2D	0.998
GRIN2B	GRIN3A	0.999
GRIN2B	GRM1	0.758
GRIN2B	GRM2	0.708
GRIN2B	GRM3	0.891
GRIN2B	GRM5	0.842
GRIN2B	GSK3B	0.478
GRIN2B	HTR1A	0.604
GRIN2B	HTR1B	0.463
GRIN2B	HTR2A	0.596
GRIN2B	HTR2C	0.441
GRIN2B	HTR3A	0.818
GRIN2B	IL1B	0.773
GRIN2B	IL1R1	0.624
GRIN2B	KCNA1	0.42
GRIN2B	KCNA2	0.612
GRIN2B	KCNC1	0.45
GRIN2B	KCND2	0.649
GRIN2B	KCNQ2	0.566
GRIN2B	KCNQ3	0.494
GRIN2B	LGI1	0.445
GRIN2B	MAP2	0.537
GRIN2B	MAPK3	0.666
GRIN2B	MECP2	0.885
GRIN2B	MTOR	0.413
GRIN2B	NEFL	0.624
GRIN2B	NGF	0.472
GRIN2B	NLGN1	0.755
GRIN2B	NOS1	0.984
GRIN2B	NPY	0.417
GRIN2B	NRXN1	0.832
GRIN2B	NTRK2	0.897
GRIN2B	OPRM1	0.484
GRIN2B	PDYN	0.964
GRIN2B	PPARA	0.562
GRIN2B	PPP1R1B	0.541
GRIN2B	PRKACA	0.951
GRIN2B	PRKACB	0.951
GRIN2B	PRKACG	0.974
GRIN2B	PRKCA	0.747
GRIN2B	PRKCG	0.43
GRIN2B	PTEN	0.547
GRIN2B	PVALB	0.634
GRIN2B	PXDN	0.527
GRIN2B	PXDNL	0.527
GRIN2B	RBFOX3	0.637
GRIN2B	SCN1A	0.544
GRIN2B	SCN2A	0.647
GRIN2B	SCN8A	0.462
GRIN2B	SHANK3	0.785
GRIN2B	SIGMAR1	0.463
GRIN2B	SLC12A2	0.411
GRIN2B	SLC12A5	0.574
GRIN2B	SLC17A6	0.624
GRIN2B	SLC17A7	0.689
GRIN2B	SLC1A2	0.739
GRIN2B	SLC1A3	0.757
GRIN2B	SLC32A1	0.565
GRIN2B	SLC6A1	0.581
GRIN2B	SLC6A3	0.553
GRIN2B	SLC6A4	0.542
GRIN2B	SNAP25	0.559
GRIN2B	SPTAN1	0.493
GRIN2B	SRC	0.933
GRIN2B	SST	0.459
GRIN2B	STX1A	0.585
GRIN2B	STXBP1	0.675
GRIN2B	SYN1	0.666
GRIN2B	SYN2	0.564
GRIN2B	SYN3	0.513
GRIN2B	SYP	0.705
GRIN2B	SYT1	0.497
GRIN2B	TAC1	0.466
GRIN2B	TH	0.462
GRIN2B	TRPV1	0.435
GRIN2C	GRIN2D	0.998
GRIN2C	GRIN3A	0.998
GRIN2C	GRM1	0.616
GRIN2C	GRM2	0.626
GRIN2C	GRM3	0.605
GRIN2C	GRM5	0.621
GRIN2C	HTR3A	0.803
GRIN2C	KCND2	0.6
GRIN2C	MBP	0.443
GRIN2C	NEFL	0.612
GRIN2C	NOS1	0.922
GRIN2C	P2RX4	0.905
GRIN2C	P2RX7	0.906
GRIN2C	PDYN	0.927
GRIN2C	PRKACA	0.724
GRIN2C	PRKACB	0.73
GRIN2C	PRKACG	0.725
GRIN2C	PVALB	0.707
GRIN2C	SLC17A6	0.405
GRIN2C	SLC17A7	0.454
GRIN2C	SLC1A2	0.546
GRIN2C	SLC1A3	0.489
GRIN2C	SLC6A1	0.411
GRIN2C	SRC	0.486
GRIN2D	GRIN3A	0.998
GRIN2D	GRM1	0.678
GRIN2D	GRM2	0.615
GRIN2D	GRM3	0.675
GRIN2D	GRM5	0.556
GRIN2D	HAP1	0.436
GRIN2D	HTR3A	0.78
GRIN2D	KCND2	0.558
GRIN2D	NEFL	0.495
GRIN2D	NOS1	0.945
GRIN2D	P2RX4	0.902
GRIN2D	P2RX7	0.902
GRIN2D	PDYN	0.947
GRIN2D	PRKACA	0.713
GRIN2D	PRKACB	0.715
GRIN2D	PRKACG	0.712
GRIN2D	PVALB	0.459
GRIN2D	SLC17A7	0.409
GRIN2D	SLC1A2	0.46
GRIN2D	SLC1A3	0.44
GRIN2D	SRC	0.507
GRIN3A	GRM1	0.537
GRIN3A	GRM2	0.637
GRIN3A	GRM3	0.696
GRIN3A	GRM5	0.699
GRIN3A	HTR3A	0.779
GRIN3A	KCND2	0.623
GRIN3A	PDYN	0.927
GRIN3A	PRKACA	0.722
GRIN3A	PRKACB	0.728
GRIN3A	PRKACG	0.722
GRIN3A	PRKCA	0.4
GRIN3A	PVALB	0.434
GRIN3A	SLC1A2	0.471
GRIN3A	SLC1A3	0.429
GRM1	GRM2	0.674
GRM1	GRM3	0.684
GRM1	GRM5	0.977
GRM1	HTR1A	0.409
GRM1	HTR2A	0.437
GRM1	KCNC1	0.499
GRM1	KCND2	0.402
GRM1	LGI1	0.667
GRM1	MAPK1	0.415
GRM1	MAPK3	0.548
GRM1	NLGN1	0.652
GRM1	NRXN1	0.705
GRM1	NTRK2	0.485
GRM1	PDYN	0.411
GRM1	PRKCG	0.574
GRM1	PVALB	0.516
GRM1	SHANK3	0.788
GRM1	SLC17A6	0.482
GRM1	SLC17A7	0.482
GRM1	SLC1A2	0.573
GRM1	SLC1A3	0.5
GRM1	SLC32A1	0.432
GRM1	SRC	0.655
GRM1	SYP	0.535
GRM2	GRM3	0.939
GRM2	GRM5	0.499
GRM2	HTR1A	0.588
GRM2	HTR2A	0.998
GRM2	HTR2C	0.486
GRM2	NTRK2	0.482
GRM2	OPRM1	0.457
GRM2	PDYN	0.403
GRM2	PVALB	0.52
GRM2	SLC17A6	0.424
GRM2	SLC17A7	0.502
GRM2	SLC1A2	0.651
GRM2	SLC1A3	0.474
GRM2	SLC6A3	0.44
GRM2	SLC6A4	0.4
GRM2	SRC	0.595
GRM2	SYN1	0.409
GRM3	GRM5	0.72
GRM3	HTR1A	0.447
GRM3	HTR2A	0.536
GRM3	HTR2C	0.452
GRM3	NRXN1	0.44
GRM3	NTRK2	0.451
GRM3	PRKACG	0.664
GRM3	PRKCA	0.72
GRM3	PVALB	0.437
GRM3	SLC17A6	0.475
GRM3	SLC17A7	0.452
GRM3	SLC1A2	0.649
GRM3	SLC1A3	0.54
GRM3	SLC6A1	0.526
GRM3	SNAP25	0.518
GRM3	SRC	0.586
GRM3	SST	0.435
GRM5	GSK3B	0.402
GRM5	HTR1A	0.711
GRM5	HTR1B	0.475
GRM5	HTR2A	0.714
GRM5	HTR2C	0.505
GRM5	KCNC1	0.401
GRM5	KCND2	0.544
GRM5	KCNJ10	0.427
GRM5	LGI1	0.71
GRM5	MAPK3	0.414
GRM5	MECP2	0.435
GRM5	NLGN1	0.716
GRM5	NRXN1	0.766
GRM5	NTRK2	0.559
GRM5	OPRM1	0.703
GRM5	PDYN	0.481
GRM5	PPP1R1B	0.476
GRM5	PRKACB	0.65
GRM5	PRKCA	0.454
GRM5	PRKCG	0.446
GRM5	PVALB	0.613
GRM5	RBFOX3	0.412
GRM5	SHANK3	0.88
GRM5	SLC17A6	0.525
GRM5	SLC17A7	0.551
GRM5	SLC1A2	0.69
GRM5	SLC1A3	0.578
GRM5	SLC32A1	0.5
GRM5	SLC6A1	0.475
GRM5	SLC6A3	0.485
GRM5	SNAP25	0.505
GRM5	SRC	0.571
GRM5	SYN1	0.648
GRM5	SYN2	0.609
GRM5	SYN3	0.571
GRM5	SYP	0.421
GRM5	TAC1	0.445
GRM5	TRPV1	0.653
GSK3B	HDAC1	0.51
GSK3B	HIF1A	0.653
GSK3B	HMOX1	0.618
GSK3B	IGF1	0.674
GSK3B	IL10	0.526
GSK3B	IL1A	0.416
GSK3B	IL1B	0.636
GSK3B	IL6	0.682
GSK3B	INS	0.753
GSK3B	IRS1	0.799
GSK3B	LEP	0.463
GSK3B	MAP2	0.426
GSK3B	MAPK1	0.742
GSK3B	MTOR	0.784
GSK3B	NFE2L2	0.953
GSK3B	NGF	0.52
GSK3B	NTRK2	0.5
GSK3B	PIK3CA	0.63
GSK3B	PPARA	0.498
GSK3B	PPARG	0.634
GSK3B	PRKACA	0.99
GSK3B	PRKACB	0.981
GSK3B	PRKACG	0.978
GSK3B	PRKCA	0.637
GSK3B	PTEN	0.906
GSK3B	PTGS2	0.573
GSK3B	PXDN	0.684
GSK3B	PXDNL	0.68
GSK3B	RBFOX3	0.444
GSK3B	RPS6KB1	0.586
GSK3B	SHANK3	0.523
GSK3B	SIRT1	0.758
GSK3B	SLC2A1	0.413
GSK3B	SOD2	0.431
GSK3B	SRC	0.867
GSK3B	STAT3	0.804
GSK3B	SYN1	0.433
GSK3B	SYP	0.487
GSK3B	TH	0.467
GSK3B	TLR4	0.577
GSK3B	TNF	0.649
GSK3B	TSC1	0.975
GSK3B	TSC2	0.99
HAP1	NTRK2	0.638
HAP1	SYN1	0.441
HDAC1	HIF1A	0.983
HDAC1	HMGB1	0.553
HDAC1	IKBKB	0.556
HDAC1	IL10	0.42
HDAC1	IL1B	0.435
HDAC1	IL6	0.481
HDAC1	INS	0.464
HDAC1	IRS1	0.525
HDAC1	MAPK1	0.534
HDAC1	MAPK3	0.48
HDAC1	MECP2	0.999
HDAC1	MTOR	0.467
HDAC1	NFE2L2	0.614
HDAC1	OPRM1	0.491
HDAC1	PPARG	0.857
HDAC1	PRKACA	0.673
HDAC1	PTEN	0.516
HDAC1	PTGS2	0.504
HDAC1	PXDN	0.548
HDAC1	PXDNL	0.547
HDAC1	SIGMAR1	0.515
HDAC1	SIRT1	0.993
HDAC1	SRC	0.43
HDAC1	STAT3	0.984
HDAC1	TNF	0.51
HIF1A	HMGB1	0.517
HIF1A	HMOX1	0.701
HIF1A	IGF1	0.698
HIF1A	IKBKB	0.659
HIF1A	IL10	0.751
HIF1A	IL18	0.48
HIF1A	IL1A	0.625
HIF1A	IL1B	0.771
HIF1A	IL1R1	0.434
HIF1A	IL4	0.585
HIF1A	IL6	0.8
HIF1A	INS	0.679
HIF1A	IRS1	0.451
HIF1A	LEP	0.682
HIF1A	MAPK1	0.985
HIF1A	MAPK3	0.969
HIF1A	MTOR	0.789
HIF1A	NFE2L2	0.75
HIF1A	NGF	0.637
HIF1A	NLRP3	0.662
HIF1A	NOS1	0.403
HIF1A	PIK3CA	0.547
HIF1A	PPARA	0.761
HIF1A	PPARG	0.854
HIF1A	PRKACA	0.608
HIF1A	PRKACB	0.471
HIF1A	PRKACG	0.469
HIF1A	PRKCA	0.62
HIF1A	PTEN	0.83
HIF1A	PTGS2	0.831
HIF1A	PXDN	0.744
HIF1A	PXDNL	0.737
HIF1A	RPS6KB1	0.73
HIF1A	SIRT1	0.927
HIF1A	SLC2A1	0.902
HIF1A	SOD2	0.639
HIF1A	SRC	0.872
HIF1A	STAT3	0.994
HIF1A	TLR4	0.657
HIF1A	TNF	0.818
HIF1A	TSC1	0.447
HIF1A	TSC2	0.592
HMGB1	HMOX1	0.57
HMGB1	IKBKB	0.405
HMGB1	IL10	0.705
HMGB1	IL18	0.67
HMGB1	IL1A	0.898
HMGB1	IL1B	0.97
HMGB1	IL1R1	0.688
HMGB1	IL4	0.546
HMGB1	IL6	0.792
HMGB1	INS	0.465
HMGB1	MAPK1	0.792
HMGB1	MAPK3	0.739
HMGB1	MECP2	0.406
HMGB1	MTOR	0.476
HMGB1	NFE2L2	0.503
HMGB1	NLRP3	0.609
HMGB1	P2RX7	0.661
HMGB1	PANX1	0.459
HMGB1	PPARG	0.432
HMGB1	PTGS2	0.652
HMGB1	PXDN	0.543
HMGB1	PXDNL	0.543
HMGB1	RBFOX3	0.446
HMGB1	S100B	0.83
HMGB1	SIRT1	0.66
HMGB1	SRC	0.401
HMGB1	STAT3	0.58
HMGB1	TLR4	0.999
HMGB1	TNF	0.753
HMOX1	IGF1	0.482
HMOX1	IKBKB	0.443
HMOX1	IL10	0.726
HMOX1	IL18	0.514
HMOX1	IL1A	0.591
HMOX1	IL1B	0.817
HMOX1	IL4	0.878
HMOX1	IL6	0.81
HMOX1	INS	0.64
HMOX1	IRS1	0.446
HMOX1	KCNMA1	0.444
HMOX1	LEP	0.424
HMOX1	MAPK3	0.629
HMOX1	MTOR	0.527
HMOX1	NFE2L2	0.989
HMOX1	NGF	0.441
HMOX1	NLRP3	0.892
HMOX1	NOS1	0.632
HMOX1	PPARA	0.576
HMOX1	PPARG	0.784
HMOX1	PTEN	0.45
HMOX1	PTGS2	0.789
HMOX1	PXDN	0.696
HMOX1	PXDNL	0.696
HMOX1	SIRT1	0.733
HMOX1	SOD2	0.743
HMOX1	SRC	0.456
HMOX1	STAT3	0.849
HMOX1	STX1A	0.738
HMOX1	TH	0.462
HMOX1	TLR4	0.719
HMOX1	TNF	0.792
HTR1A	HTR1B	0.914
HTR1A	HTR2A	0.92
HTR1A	HTR2C	0.617
HTR1A	HTR3A	0.748
HTR1A	KCNH2	0.427
HTR1A	NOS1	0.468
HTR1A	NPY	0.831
HTR1A	NTRK2	0.491
HTR1A	OPRM1	0.563
HTR1A	OXT	0.854
HTR1A	PDYN	0.498
HTR1A	POMC	0.64
HTR1A	PPARG	0.403
HTR1A	PRKACA	0.432
HTR1A	PRKACB	0.432
HTR1A	PRKACG	0.451
HTR1A	PVALB	0.461
HTR1A	SIGMAR1	0.482
HTR1A	SLC32A1	0.419
HTR1A	SLC6A3	0.792
HTR1A	SLC6A4	0.968
HTR1A	SST	0.796
HTR1A	TAC1	0.567
HTR1A	TH	0.495
HTR1A	TRPV1	0.74
HTR1B	HTR2A	0.839
HTR1B	HTR2C	0.721
HTR1B	HTR3A	0.742
HTR1B	NPY	0.807
HTR1B	OXT	0.795
HTR1B	POMC	0.652
HTR1B	SCN10A	0.6
HTR1B	SCN8A	0.555
HTR1B	SLC6A3	0.748
HTR1B	SLC6A4	0.932
HTR1B	SNAP25	0.73
HTR1B	SRC	0.567
HTR1B	SST	0.747
HTR1B	TAC1	0.54
HTR2A	HTR2C	0.991
HTR2A	HTR3A	0.881
HTR2A	KCNH2	0.432
HTR2A	NPY	0.491
HTR2A	NRXN1	0.429
HTR2A	NTRK2	0.458
HTR2A	OXT	0.544
HTR2A	POMC	0.537
HTR2A	PVALB	0.443
HTR2A	SIGMAR1	0.447
HTR2A	SLC6A3	0.708
HTR2A	SLC6A4	0.961
HTR2A	SNAP25	0.472
HTR2A	SRC	0.416
HTR2A	SYN2	0.434
HTR2A	TAC1	0.495
HTR2A	TH	0.424
HTR2A	TRPV1	0.432
HTR2C	HTR3A	0.804
HTR2C	KCNA1	0.427
HTR2C	KCNH2	0.421
HTR2C	LEP	0.503
HTR2C	NPY	0.519
HTR2C	OXT	0.45
HTR2C	PDYN	0.449
HTR2C	POMC	0.745
HTR2C	PTEN	0.479
HTR2C	SLC6A1	0.405
HTR2C	SLC6A3	0.622
HTR2C	SLC6A4	0.914
HTR2C	SNAP25	0.43
HTR2C	TAC1	0.44
HTR3A	NPY	0.579
HTR3A	OPRM1	0.459
HTR3A	PVALB	0.695
HTR3A	SLC32A1	0.419
HTR3A	SLC6A1	0.425
HTR3A	SLC6A3	0.428
HTR3A	SLC6A4	0.726
HTR3A	SST	0.68
HTR3A	TAC1	0.543
HTR3A	TRPV1	0.482
IGF1	IL10	0.716
IGF1	IL18	0.629
IGF1	IL1A	0.664
IGF1	IL1B	0.847
IGF1	IL4	0.631
IGF1	IL6	0.913
IGF1	INS	0.999
IGF1	IRS1	0.998
IGF1	LEP	0.907
IGF1	MAPK1	0.621
IGF1	MAPK3	0.697
IGF1	MBP	0.528
IGF1	MECP2	0.447
IGF1	MTOR	0.781
IGF1	NFE2L2	0.453
IGF1	NGF	0.84
IGF1	NPY	0.57
IGF1	NTRK2	0.89
IGF1	OXT	0.511
IGF1	PIK3CA	0.512
IGF1	POMC	0.852
IGF1	PPARA	0.55
IGF1	PPARG	0.828
IGF1	PRKACA	0.549
IGF1	PRKACB	0.556
IGF1	PRKACG	0.548
IGF1	PRKCA	0.4
IGF1	PTEN	0.795
IGF1	PTGS2	0.604
IGF1	PXDN	0.638
IGF1	PXDNL	0.635
IGF1	RBFOX3	0.425
IGF1	RPS6KB1	0.733
IGF1	SIRT1	0.824
IGF1	SLC2A1	0.476
IGF1	SOD2	0.586
IGF1	SRC	0.85
IGF1	SST	0.786
IGF1	STAT3	0.845
IGF1	SYP	0.617
IGF1	TAC1	0.466
IGF1	TLR4	0.583
IGF1	TNF	0.837
IGF1	TSC1	0.432
IGF1	TSC2	0.585
IKBKB	IL10	0.6
IKBKB	IL18	0.488
IKBKB	IL1A	0.772
IKBKB	IL1B	0.865
IKBKB	IL1R1	0.569
IKBKB	IL4	0.48
IKBKB	IL6	0.736
IKBKB	INS	0.721
IKBKB	IRS1	0.981
IKBKB	LEP	0.489
IKBKB	MTOR	0.769
IKBKB	NFE2L2	0.475
IKBKB	NGF	0.608
IKBKB	NLRP3	0.481
IKBKB	PPARA	0.409
IKBKB	PPARG	0.547
IKBKB	PRKCA	0.418
IKBKB	PTEN	0.952
IKBKB	PTGS2	0.615
IKBKB	PXDN	0.551
IKBKB	PXDNL	0.551
IKBKB	SIRT1	0.458
IKBKB	SRC	0.918
IKBKB	STAT3	0.749
IKBKB	TLR4	0.903
IKBKB	TNF	0.999
IKBKB	TSC1	0.982
IKBKB	TSC2	0.95
IL10	IL18	0.955
IL10	IL1A	0.971
IL10	IL1B	0.991
IL10	IL1R1	0.917
IL10	IL4	0.986
IL10	IL6	0.997
IL10	INS	0.819
IL10	IRS1	0.475
IL10	LEP	0.806
IL10	MAPK3	0.624
IL10	MBP	0.606
IL10	MTOR	0.74
IL10	NEFL	0.575
IL10	NFE2L2	0.567
IL10	NGF	0.662
IL10	NLRP3	0.69
IL10	NOS1	0.406
IL10	P2RX7	0.42
IL10	POMC	0.736
IL10	PPARA	0.634
IL10	PPARG	0.733
IL10	PRKACA	0.449
IL10	PRKACB	0.448
IL10	PRKACG	0.449
IL10	PTEN	0.717
IL10	PTGS2	0.789
IL10	PXDN	0.72
IL10	PXDNL	0.72
IL10	RBFOX3	0.447
IL10	RPS6KB1	0.413
IL10	S100B	0.479
IL10	SIRT1	0.575
IL10	SOD2	0.436
IL10	SRC	0.583
IL10	STAT3	0.968
IL10	TAC1	0.512
IL10	TH	0.49
IL10	TLR4	0.943
IL10	TNF	0.992
IL10	TRPV1	0.487
IL18	IL1A	0.997
IL18	IL1B	0.99
IL18	IL1R1	0.965
IL18	IL4	0.897
IL18	IL6	0.97
IL18	INS	0.721
IL18	LEP	0.692
IL18	MAPK3	0.645
IL18	MTOR	0.489
IL18	NFE2L2	0.474
IL18	NGF	0.476
IL18	NLRP3	0.946
IL18	NTRK2	0.447
IL18	OXT	0.474
IL18	P2RX7	0.584
IL18	PANX1	0.563
IL18	PPARA	0.402
IL18	PPARG	0.533
IL18	PTGS2	0.714
IL18	PXDN	0.507
IL18	PXDNL	0.507
IL18	SIRT1	0.475
IL18	SRC	0.405
IL18	STAT3	0.806
IL18	TLR4	0.908
IL18	TNF	0.961
IL1A	IL1B	0.999
IL1A	IL1R1	0.999
IL1A	IL4	0.995
IL1A	IL6	0.989
IL1A	INS	0.732
IL1A	LEP	0.836
IL1A	MAPK3	0.716
IL1A	MTOR	0.507
IL1A	NFE2L2	0.491
IL1A	NGF	0.608
IL1A	NLRP3	0.845
IL1A	NOS1	0.417
IL1A	POMC	0.599
IL1A	PPARA	0.473
IL1A	PPARG	0.588
IL1A	PRKACA	0.428
IL1A	PRKACB	0.428
IL1A	PRKACG	0.428
IL1A	PTEN	0.445
IL1A	PTGS2	0.823
IL1A	PXDN	0.606
IL1A	PXDNL	0.606
IL1A	S100B	0.433
IL1A	SIRT1	0.447
IL1A	SLC6A4	0.591
IL1A	SOD2	0.648
IL1A	SRC	0.517
IL1A	STAT3	0.861
IL1A	TAC1	0.801
IL1A	TLR4	0.974
IL1A	TNF	0.994
IL1B	IL1R1	0.999
IL1B	IL4	0.998
IL1B	IL6	0.996
IL1B	INS	0.896
IL1B	IRS1	0.64
IL1B	LEP	0.854
IL1B	MAP2	0.417
IL1B	MAPK1	0.653
IL1B	MAPK3	0.86
IL1B	MBP	0.589
IL1B	MECP2	0.548
IL1B	MTOR	0.667
IL1B	NFE2L2	0.749
IL1B	NGF	0.728
IL1B	NLRP3	0.997
IL1B	NOS1	0.613
IL1B	NPY	0.52
IL1B	NTRK2	0.476
IL1B	OPRM1	0.419
IL1B	OXT	0.461
IL1B	P2RX4	0.508
IL1B	P2RX7	0.671
IL1B	PANX1	0.619
IL1B	POMC	0.698
IL1B	PPARA	0.711
IL1B	PPARG	0.858
IL1B	PRKACA	0.601
IL1B	PRKACB	0.601
IL1B	PRKACG	0.601
IL1B	PRKCA	0.459
IL1B	PTEN	0.738
IL1B	PTGS2	0.974
IL1B	PXDN	0.812
IL1B	PXDNL	0.812
IL1B	RBFOX3	0.615
IL1B	RPS6KB1	0.512
IL1B	S100B	0.6
IL1B	SIRT1	0.719
IL1B	SLC1A2	0.513
IL1B	SLC1A3	0.435
IL1B	SLC2A1	0.486
IL1B	SLC6A4	0.667
IL1B	SOD2	0.806
IL1B	SRC	0.653
IL1B	SST	0.432
IL1B	STAT3	0.938
IL1B	SYP	0.511
IL1B	TAC1	0.694
IL1B	TH	0.661
IL1B	TLR4	0.986
IL1B	TNF	0.998
IL1B	TRPV1	0.621
IL1R1	IL4	0.804
IL1R1	IL6	0.997
IL1R1	INS	0.412
IL1R1	MAPK3	0.421
IL1R1	NLRP3	0.806
IL1R1	PPARG	0.403
IL1R1	PTGS2	0.569
IL1R1	SRC	0.541
IL1R1	STAT3	0.807
IL1R1	TLR4	0.944
IL1R1	TNF	0.996
IL4	IL6	0.986
IL4	INS	0.683
IL4	IRS1	0.813
IL4	LEP	0.627
IL4	MAPK1	0.528
IL4	MAPK3	0.587
IL4	MBP	0.574
IL4	MTOR	0.744
IL4	NEFL	0.514
IL4	NFE2L2	0.568
IL4	NGF	0.585
IL4	NLRP3	0.546
IL4	PIK3CA	0.435
IL4	POMC	0.447
IL4	PPARA	0.442
IL4	PPARG	0.681
IL4	PTEN	0.457
IL4	PTGS2	0.764
IL4	PXDN	0.67
IL4	PXDNL	0.671
IL4	RPS6KB1	0.44
IL4	SIRT1	0.403
IL4	SLC6A1	0.466
IL4	SRC	0.509
IL4	STAT3	0.92
IL4	TAC1	0.482
IL4	TLR4	0.869
IL4	TNF	0.977
IL4	TRPV1	0.402
IL4	TSC2	0.466
IL6	INS	0.933
IL6	IRS1	0.704
IL6	LEP	0.919
IL6	MAPK1	0.936
IL6	MAPK3	0.905
IL6	MBP	0.659
IL6	MTOR	0.772
IL6	NEFL	0.445
IL6	NFE2L2	0.812
IL6	NGF	0.747
IL6	NLRP3	0.86
IL6	NOS1	0.698
IL6	NPY	0.71
IL6	NTRK2	0.452
IL6	OPRM1	0.4
IL6	OXT	0.497
IL6	P2RX7	0.62
IL6	PANX1	0.422
IL6	PIK3CA	0.442
IL6	POMC	0.829
IL6	PPARA	0.722
IL6	PPARG	0.82
IL6	PRKACA	0.602
IL6	PRKACB	0.602
IL6	PRKACG	0.602
IL6	PRKCA	0.466
IL6	PTEN	0.681
IL6	PTGS2	0.96
IL6	PXDN	0.825
IL6	PXDNL	0.821
IL6	RBFOX3	0.559
IL6	RPS6KB1	0.597
IL6	S100B	0.621
IL6	SIRT1	0.726
IL6	SLC1A2	0.444
IL6	SLC2A1	0.506
IL6	SLC6A4	0.445
IL6	SOD2	0.654
IL6	SRC	0.787
IL6	SST	0.646
IL6	STAT3	0.984
IL6	SYP	0.401
IL6	TAC1	0.666
IL6	TH	0.515
IL6	TLR4	0.973
IL6	TNF	0.994
IL6	TRPV1	0.643
INS	IRS1	0.999
INS	LEP	0.985
INS	MAP2	0.425
INS	MAPK1	0.763
INS	MAPK3	0.813
INS	MBP	0.512
INS	MTOR	0.882
INS	NFE2L2	0.627
INS	NGF	0.707
INS	NLRP3	0.469
INS	NOS1	0.508
INS	NPY	0.918
INS	NTRK2	0.801
INS	OPRM1	0.41
INS	OXT	0.74
INS	PIK3CA	0.585
INS	POMC	0.947
INS	PPARA	0.898
INS	PPARG	0.944
INS	PPP1R1B	0.418
INS	PRKACA	0.738
INS	PRKACB	0.732
INS	PRKACG	0.746
INS	PRKCA	0.509
INS	PTEN	0.869
INS	PTGS2	0.639
INS	PXDN	0.817
INS	PXDNL	0.817
INS	RBFOX3	0.445
INS	RPS6KB1	0.876
INS	S100B	0.427
INS	SIRT1	0.91
INS	SLC2A1	0.849
INS	SLC6A3	0.454
INS	SLC6A4	0.606
INS	SNAP25	0.657
INS	SOD2	0.554
INS	SRC	0.886
INS	SST	0.953
INS	STAT3	0.885
INS	STX1A	0.857
INS	STXBP1	0.575
INS	SV2A	0.465
INS	SYN1	0.419
INS	SYP	0.745
INS	TAC1	0.727
INS	TH	0.725
INS	TLR4	0.71
INS	TNF	0.926
INS	TRPV1	0.502
INS	TSC1	0.487
INS	TSC2	0.667
IRS1	LEP	0.963
IRS1	MAPK1	0.65
IRS1	MAPK3	0.833
IRS1	MTOR	0.992
IRS1	NGF	0.645
IRS1	NTRK2	0.974
IRS1	PIK3CA	0.999
IRS1	POMC	0.64
IRS1	PPARA	0.663
IRS1	PPARG	0.726
IRS1	PRKACA	0.464
IRS1	PRKACB	0.464
IRS1	PRKACG	0.465
IRS1	PRKCA	0.648
IRS1	PTEN	0.792
IRS1	PXDN	0.567
IRS1	PXDNL	0.552
IRS1	RPS6KB1	0.994
IRS1	SIRT1	0.823
IRS1	SLC2A1	0.665
IRS1	SRC	0.977
IRS1	STAT3	0.734
IRS1	TH	0.46
IRS1	TLR4	0.588
IRS1	TNF	0.647
IRS1	TSC1	0.56
IRS1	TSC2	0.677
KCNA1	KCNA2	0.995
KCNA1	KCNC1	0.662
KCNA1	KCND2	0.415
KCNA1	KCNH2	0.641
KCNA1	KCNJ10	0.613
KCNA1	KCNMA1	0.675
KCNA1	KCNQ2	0.596
KCNA1	KCNQ3	0.542
KCNA1	KCNT1	0.584
KCNA1	LGI1	0.99
KCNA1	MBP	0.403
KCNA1	NEFL	0.404
KCNA1	NRXN1	0.455
KCNA1	PRRT2	0.559
KCNA1	PVALB	0.569
KCNA1	SCN10A	0.54
KCNA1	SCN11A	0.49
KCNA1	SCN1A	0.742
KCNA1	SCN1B	0.541
KCNA1	SCN2A	0.84
KCNA1	SCN2B	0.423
KCNA1	SCN3A	0.528
KCNA1	SCN3B	0.421
KCNA1	SCN4A	0.595
KCNA1	SCN4B	0.492
KCNA1	SCN5A	0.534
KCNA1	SCN8A	0.85
KCNA1	SCN9A	0.565
KCNA1	SLC12A5	0.426
KCNA1	SLC17A7	0.437
KCNA1	SLC1A3	0.461
KCNA1	SLC32A1	0.429
KCNA1	SNAP25	0.656
KCNA1	STX1A	0.908
KCNA2	KCNC1	0.621
KCNA2	KCNH2	0.816
KCNA2	KCNJ10	0.504
KCNA2	KCNMA1	0.716
KCNA2	KCNQ2	0.567
KCNA2	KCNQ3	0.663
KCNA2	KCNT1	0.674
KCNA2	LGI1	0.772
KCNA2	MBP	0.45
KCNA2	NRXN1	0.632
KCNA2	OPRM1	0.605
KCNA2	PCDH10	0.426
KCNA2	PCDH19	0.479
KCNA2	PRRT2	0.432
KCNA2	PVALB	0.438
KCNA2	SCN10A	0.563
KCNA2	SCN11A	0.493
KCNA2	SCN1A	0.721
KCNA2	SCN1B	0.48
KCNA2	SCN2A	0.764
KCNA2	SCN3A	0.566
KCNA2	SCN4A	0.662
KCNA2	SCN4B	0.488
KCNA2	SCN5A	0.561
KCNA2	SCN8A	0.769
KCNA2	SCN9A	0.619
KCNA2	SIGMAR1	0.707
KCNA2	SLC6A1	0.482
KCNA2	STXBP1	0.448
KCNA2	TRPV1	0.52
KCNC1	KCND2	0.441
KCNC1	KCNH2	0.685
KCNC1	KCNJ10	0.46
KCNC1	KCNQ2	0.601
KCNC1	KCNQ3	0.504
KCNC1	KCNT1	0.582
KCNC1	NEFL	0.488
KCNC1	PDYN	0.404
KCNC1	PVALB	0.698
KCNC1	SCN10A	0.424
KCNC1	SCN1A	0.581
KCNC1	SCN1B	0.441
KCNC1	SCN2A	0.687
KCNC1	SCN2B	0.469
KCNC1	SCN3A	0.439
KCNC1	SCN3B	0.435
KCNC1	SCN4A	0.522
KCNC1	SCN4B	0.539
KCNC1	SCN5A	0.518
KCNC1	SCN8A	0.668
KCNC1	SCN9A	0.461
KCNC1	SLC12A5	0.507
KCNC1	SLC17A6	0.407
KCNC1	SLC17A7	0.44
KCNC1	SLC32A1	0.535
KCNC1	SLC6A1	0.414
KCNC1	SNAP25	0.476
KCNC1	SST	0.482
KCNC1	STX1A	0.403
KCND2	KCNH2	0.798
KCND2	KCNJ10	0.458
KCND2	KCNQ2	0.72
KCND2	KCNQ3	0.507
KCND2	KCNT1	0.447
KCND2	SCN10A	0.532
KCND2	SCN1A	0.603
KCND2	SCN1B	0.599
KCND2	SCN2A	0.607
KCND2	SCN2B	0.582
KCND2	SCN3A	0.491
KCND2	SCN3B	0.554
KCND2	SCN4A	0.519
KCND2	SCN4B	0.468
KCND2	SCN5A	0.72
KCND2	SCN8A	0.571
KCND2	SCN9A	0.538
KCND2	TRPM4	0.426
KCNH2	KCNMA1	0.629
KCNH2	KCNQ2	0.664
KCNH2	KCNQ3	0.537
KCNH2	KCNT1	0.464
KCNH2	SCN10A	0.623
KCNH2	SCN1A	0.515
KCNH2	SCN1B	0.673
KCNH2	SCN2A	0.56
KCNH2	SCN2B	0.613
KCNH2	SCN3A	0.428
KCNH2	SCN3B	0.654
KCNH2	SCN4A	0.746
KCNH2	SCN4B	0.834
KCNH2	SCN5A	0.978
KCNH2	SCN8A	0.503
KCNH2	SCN9A	0.511
KCNH2	SIGMAR1	0.722
KCNH2	SRC	0.56
KCNH2	TNF	0.515
KCNH2	TRPM4	0.536
KCNJ10	KCNMA1	0.54
KCNJ10	KCNQ2	0.539
KCNJ10	KCNQ3	0.576
KCNJ10	KCNT1	0.484
KCNJ10	MBP	0.606
KCNJ10	RBFOX3	0.401
KCNJ10	S100B	0.573
KCNJ10	SCN1A	0.472
KCNJ10	SCN2A	0.461
KCNJ10	SCN8A	0.489
KCNJ10	SLC12A2	0.626
KCNJ10	SLC12A5	0.456
KCNJ10	SLC1A2	0.76
KCNJ10	SLC1A3	0.695
KCNJ10	SLC6A1	0.464
KCNJ10	SLC6A11	0.435
KCNMA1	KCNT1	0.462
KCNMA1	PRKACA	0.944
KCNMA1	PRKACB	0.944
KCNMA1	PRKACG	0.944
KCNMA1	PRRT2	0.468
KCNMA1	SCN10A	0.403
KCNMA1	SCN1A	0.593
KCNMA1	SCN1B	0.441
KCNMA1	SCN2A	0.588
KCNMA1	SCN3A	0.444
KCNMA1	SCN4A	0.491
KCNMA1	SCN5A	0.49
KCNMA1	SCN8A	0.605
KCNMA1	SCN9A	0.542
KCNMA1	SLC12A2	0.429
KCNMA1	SLC6A11	0.521
KCNMA1	SNAP25	0.41
KCNMA1	SRC	0.53
KCNMA1	STXBP1	0.439
KCNMA1	TRPV1	0.408
KCNQ2	KCNQ3	0.999
KCNQ2	KCNT1	0.79
KCNQ2	LGI1	0.527
KCNQ2	MECP2	0.448
KCNQ2	NRXN1	0.437
KCNQ2	PCDH10	0.838
KCNQ2	PCDH19	0.878
KCNQ2	POMC	0.459
KCNQ2	PRKACA	0.5
KCNQ2	PRKACB	0.515
KCNQ2	PRKACG	0.509
KCNQ2	PRRT2	0.715
KCNQ2	PVALB	0.473
KCNQ2	SCN10A	0.695
KCNQ2	SCN11A	0.673
KCNQ2	SCN1A	0.934
KCNQ2	SCN1B	0.783
KCNQ2	SCN2A	0.942
KCNQ2	SCN2B	0.742
KCNQ2	SCN3A	0.751
KCNQ2	SCN3B	0.614
KCNQ2	SCN4A	0.677
KCNQ2	SCN4B	0.677
KCNQ2	SCN5A	0.699
KCNQ2	SCN7A	0.568
KCNQ2	SCN8A	0.95
KCNQ2	SCN9A	0.758
KCNQ2	SLC12A5	0.512
KCNQ2	SLC1A2	0.605
KCNQ2	SLC1A3	0.472
KCNQ2	SLC2A1	0.564
KCNQ2	SLC6A1	0.516
KCNQ2	SLC6A3	0.507
KCNQ2	SPTAN1	0.852
KCNQ2	STXBP1	0.855
KCNQ2	TRPV1	0.464
KCNQ3	KCNT1	0.662
KCNQ3	LGI1	0.526
KCNQ3	PCDH10	0.438
KCNQ3	PCDH19	0.517
KCNQ3	PRKACA	0.493
KCNQ3	PRKACB	0.509
KCNQ3	PRKACG	0.5
KCNQ3	PRRT2	0.552
KCNQ3	SCN10A	0.635
KCNQ3	SCN11A	0.653
KCNQ3	SCN1A	0.845
KCNQ3	SCN1B	0.757
KCNQ3	SCN2A	0.859
KCNQ3	SCN2B	0.498
KCNQ3	SCN3A	0.695
KCNQ3	SCN3B	0.554
KCNQ3	SCN4A	0.618
KCNQ3	SCN4B	0.598
KCNQ3	SCN5A	0.625
KCNQ3	SCN7A	0.538
KCNQ3	SCN8A	0.823
KCNQ3	SCN9A	0.699
KCNQ3	SLC1A2	0.564
KCNQ3	SLC6A1	0.463
KCNQ3	SPTAN1	0.72
KCNQ3	STXBP1	0.513
KCNT1	LGI1	0.504
KCNT1	PCDH10	0.595
KCNT1	PCDH19	0.662
KCNT1	PRRT2	0.632
KCNT1	SCN1A	0.763
KCNT1	SCN1B	0.547
KCNT1	SCN2A	0.755
KCNT1	SCN3A	0.413
KCNT1	SCN8A	0.7
KCNT1	SCN9A	0.449
KCNT1	SPTAN1	0.51
KCNT1	STXBP1	0.709
LEP	MAPK3	0.691
LEP	MTOR	0.731
LEP	NFE2L2	0.406
LEP	NGF	0.48
LEP	NPY	0.996
LEP	NTRK2	0.411
LEP	OXT	0.636
LEP	PDYN	0.434
LEP	POMC	0.992
LEP	PPARA	0.839
LEP	PPARG	0.948
LEP	PRKACA	0.642
LEP	PRKACB	0.642
LEP	PRKACG	0.643
LEP	PTEN	0.509
LEP	PTGS2	0.52
LEP	PXDN	0.742
LEP	PXDNL	0.742
LEP	RPS6KB1	0.494
LEP	SIRT1	0.624
LEP	SLC2A1	0.583
LEP	SRC	0.539
LEP	SST	0.794
LEP	STAT3	0.933
LEP	TAC1	0.425
LEP	TH	0.644
LEP	TLR4	0.692
LEP	TNF	0.892
LEP	TRPV1	0.557
LGI1	NRXN1	0.444
LGI1	PCDH10	0.41
LGI1	PCDH19	0.488
LGI1	PRRT2	0.484
LGI1	SCN1A	0.552
LGI1	SCN1B	0.426
LGI1	SCN2A	0.462
MAP2	MBP	0.79
MAP2	MECP2	0.449
MAP2	NEFL	0.848
MAP2	NGF	0.62
MAP2	NTRK2	0.519
MAP2	PRKACA	0.792
MAP2	PRKACB	0.615
MAP2	PRKACG	0.631
MAP2	PVALB	0.464
MAP2	PXDN	0.556
MAP2	PXDNL	0.558
MAP2	RBFOX3	0.813
MAP2	S100B	0.577
MAP2	SLC17A6	0.562
MAP2	SLC17A7	0.688
MAP2	SLC1A2	0.464
MAP2	SLC1A3	0.484
MAP2	SLC32A1	0.539
MAP2	SNAP25	0.609
MAP2	SRC	0.426
MAP2	SYN1	0.78
MAP2	SYN2	0.661
MAP2	SYN3	0.645
MAP2	SYP	0.874
MAP2	SYT1	0.462
MAP2	TH	0.666
MAPK1	MAPK3	0.994
MAPK1	MBP	0.953
MAPK1	MTOR	0.678
MAPK1	NFE2L2	0.43
MAPK1	NGF	0.585
MAPK1	NOS1	0.915
MAPK1	PIK3CA	0.822
MAPK1	PPARG	0.736
MAPK1	PRKACA	0.929
MAPK1	PRKACB	0.929
MAPK1	PRKACG	0.927
MAPK1	PRKCA	0.931
MAPK1	PRKCG	0.911
MAPK1	PTEN	0.677
MAPK1	PTGS2	0.78
MAPK1	PVALB	0.491
MAPK1	PXDN	0.721
MAPK1	PXDNL	0.717
MAPK1	RPS6KB1	0.927
MAPK1	S100B	0.569
MAPK1	SOD2	0.467
MAPK1	SRC	0.932
MAPK1	STAT3	0.996
MAPK1	TH	0.413
MAPK1	TLR4	0.606
MAPK1	TNF	0.757
MAPK1	TSC1	0.926
MAPK1	TSC2	0.952
MAPK3	MBP	0.864
MAPK3	MTOR	0.762
MAPK3	NFE2L2	0.563
MAPK3	NGF	0.743
MAPK3	NLRP3	0.421
MAPK3	NOS1	0.936
MAPK3	PIK3CA	0.597
MAPK3	POMC	0.446
MAPK3	PPARA	0.51
MAPK3	PPARG	0.67
MAPK3	PRKACA	0.959
MAPK3	PRKACB	0.958
MAPK3	PRKACG	0.957
MAPK3	PRKCA	0.956
MAPK3	PRKCG	0.913
MAPK3	PTEN	0.756
MAPK3	PTGS2	0.855
MAPK3	PXDN	0.848
MAPK3	PXDNL	0.847
MAPK3	RBFOX3	0.477
MAPK3	RPS6KB1	0.935
MAPK3	S100B	0.676
MAPK3	SIRT1	0.58
MAPK3	SLC2A1	0.598
MAPK3	SOD2	0.454
MAPK3	SRC	0.944
MAPK3	STAT3	0.87
MAPK3	SYN1	0.602
MAPK3	SYN2	0.515
MAPK3	SYN3	0.513
MAPK3	TAC1	0.416
MAPK3	TH	0.576
MAPK3	TLR4	0.824
MAPK3	TNF	0.922
MAPK3	TRPV1	0.558
MAPK3	TSC1	0.94
MAPK3	TSC2	0.96
MBP	NEFL	0.754
MBP	NGF	0.603
MBP	NTRK2	0.429
MBP	PRKCA	0.417
MBP	PVALB	0.66
MBP	PXDN	0.72
MBP	PXDNL	0.72
MBP	RBFOX3	0.739
MBP	S100B	0.759
MBP	SLC17A7	0.414
MBP	SLC1A2	0.428
MBP	SLC1A3	0.428
MBP	SPTAN1	0.431
MBP	SRC	0.715
MBP	SYN1	0.51
MBP	SYN2	0.414
MBP	SYP	0.63
MBP	TH	0.518
MBP	TLR4	0.426
MBP	TNF	0.606
MECP2	NLGN1	0.474
MECP2	NRXN1	0.594
MECP2	NTRK2	0.46
MECP2	OPRM1	0.592
MECP2	PCDH10	0.638
MECP2	PCDH19	0.683
MECP2	PPARG	0.883
MECP2	PRKACA	0.539
MECP2	PTEN	0.496
MECP2	PVALB	0.886
MECP2	RBFOX3	0.437
MECP2	SCN1A	0.576
MECP2	SCN2A	0.526
MECP2	SHANK3	0.741
MECP2	SIRT1	0.679
MECP2	SLC12A5	0.488
MECP2	SLC17A7	0.447
MECP2	SLC32A1	0.652
MECP2	SLC6A4	0.472
MECP2	SPTAN1	0.452
MECP2	SST	0.84
MECP2	STAT3	0.627
MECP2	STXBP1	0.474
MECP2	SYN1	0.499
MECP2	TH	0.409
MECP2	TSC2	0.507
MTOR	NFE2L2	0.637
MTOR	NGF	0.425
MTOR	NLRP3	0.472
MTOR	NPY	0.425
MTOR	NTRK2	0.513
MTOR	PIK3CA	0.963
MTOR	POMC	0.49
MTOR	PPARA	0.68
MTOR	PPARG	0.964
MTOR	PRKACA	0.674
MTOR	PRKACB	0.671
MTOR	PRKACG	0.671
MTOR	PRKCA	0.969
MTOR	PRKCG	0.921
MTOR	PTEN	0.942
MTOR	PTGS2	0.575
MTOR	PXDN	0.674
MTOR	PXDNL	0.671
MTOR	RPS6KB1	0.999
MTOR	SIRT1	0.937
MTOR	SLC2A1	0.634
MTOR	SOD2	0.493
MTOR	SRC	0.793
MTOR	SST	0.507
MTOR	STAT3	0.926
MTOR	TLR4	0.59
MTOR	TNF	0.671
MTOR	TSC1	0.974
MTOR	TSC2	0.99
NEFL	NGF	0.493
NEFL	NOS1	0.483
NEFL	NTRK2	0.436
NEFL	RBFOX3	0.588
NEFL	S100B	0.729
NEFL	SCN8A	0.509
NEFL	SHANK3	0.454
NEFL	SLC12A5	0.528
NEFL	SLC17A6	0.404
NEFL	SLC17A7	0.411
NEFL	SLC1A2	0.414
NEFL	SLC1A3	0.401
NEFL	SNAP25	0.808
NEFL	SPTAN1	0.577
NEFL	SRC	0.49
NEFL	SV2A	0.413
NEFL	SYN1	0.697
NEFL	SYN2	0.676
NEFL	SYN3	0.588
NEFL	SYP	0.566
NEFL	SYT1	0.711
NEFL	TNF	0.452
NEFL	TSC1	0.46
NFE2L2	NLRP3	0.544
NFE2L2	PIK3CA	0.586
NFE2L2	PPARA	0.59
NFE2L2	PPARG	0.831
NFE2L2	PRKCA	0.633
NFE2L2	PTEN	0.707
NFE2L2	PTGS2	0.698
NFE2L2	PXDN	0.618
NFE2L2	PXDNL	0.618
NFE2L2	RPS6KB1	0.479
NFE2L2	SIRT1	0.737
NFE2L2	SLC1A2	0.493
NFE2L2	SOD2	0.701
NFE2L2	SRC	0.432
NFE2L2	STAT3	0.742
NFE2L2	TLR4	0.626
NFE2L2	TNF	0.701
NGF	NOS1	0.437
NGF	NPY	0.621
NGF	NTRK2	0.999
NGF	OPRM1	0.425
NGF	PDYN	0.4
NGF	PIK3CA	0.591
NGF	POMC	0.562
NGF	PPARG	0.403
NGF	PRKACA	0.584
NGF	PRKACB	0.584
NGF	PRKACG	0.59
NGF	PTEN	0.426
NGF	PTGS2	0.526
NGF	PVALB	0.457
NGF	PXDN	0.698
NGF	PXDNL	0.683
NGF	RBFOX3	0.601
NGF	S100B	0.571
NGF	SCN10A	0.627
NGF	SCN11A	0.519
NGF	SCN9A	0.6
NGF	SLC1A2	0.405
NGF	SLC2A1	0.491
NGF	SLC6A3	0.43
NGF	SNAP25	0.404
NGF	SRC	0.541
NGF	SST	0.486
NGF	STAT3	0.867
NGF	SYN1	0.543
NGF	SYP	0.649
NGF	TAC1	0.874
NGF	TH	0.791
NGF	TLR4	0.463
NGF	TNF	0.714
NGF	TRPV1	0.853
NLGN1	NRXN1	0.999
NLGN1	NTRK2	0.534
NLGN1	PTEN	0.496
NLGN1	PVALB	0.445
NLGN1	SHANK3	0.978
NLGN1	SLC17A7	0.62
NLGN1	SLC32A1	0.562
NLGN1	SNAP25	0.47
NLGN1	SV2A	0.438
NLGN1	SYN1	0.612
NLGN1	SYN2	0.55
NLGN1	SYN3	0.582
NLGN1	SYP	0.546
NLGN1	SYT1	0.57
NLRP3	P2RX4	0.427
NLRP3	P2RX7	0.866
NLRP3	PANX1	0.533
NLRP3	PPARG	0.494
NLRP3	PTGS2	0.707
NLRP3	PXDN	0.447
NLRP3	PXDNL	0.447
NLRP3	SIRT1	0.532
NLRP3	SOD2	0.426
NLRP3	SRC	0.53
NLRP3	STAT3	0.558
NLRP3	TLR4	0.874
NLRP3	TNF	0.869
NOS1	NPY	0.548
NOS1	NTRK2	0.564
NOS1	POMC	0.485
NOS1	PRKACA	0.463
NOS1	PRKACB	0.461
NOS1	PRKACG	0.472
NOS1	PTEN	0.538
NOS1	PTGS2	0.515
NOS1	PVALB	0.536
NOS1	PXDN	0.51
NOS1	PXDNL	0.51
NOS1	RBFOX3	0.474
NOS1	SST	0.502
NOS1	SYN1	0.471
NOS1	TAC1	0.543
NOS1	TH	0.55
NOS1	TNF	0.53
NOS1	TRPV1	0.482
NPY	NTRK2	0.539
NPY	OPRM1	0.775
NPY	OXT	0.849
NPY	PDYN	0.932
NPY	POMC	0.986
NPY	PPARG	0.479
NPY	PPP1R1B	0.452
NPY	PRKACA	0.492
NPY	PRKACB	0.491
NPY	PRKACG	0.492
NPY	PVALB	0.827
NPY	PXDN	0.626
NPY	PXDNL	0.624
NPY	RBFOX3	0.529
NPY	SIRT1	0.441
NPY	SLC17A6	0.637
NPY	SLC17A7	0.525
NPY	SLC17A8	0.504
NPY	SLC32A1	0.626
NPY	SLC6A1	0.414
NPY	SLC6A3	0.476
NPY	SLC6A4	0.52
NPY	SNAP25	0.43
NPY	SRC	0.607
NPY	SST	0.98
NPY	STAT3	0.649
NPY	SYN1	0.452
NPY	SYN2	0.406
NPY	SYP	0.527
NPY	SYT1	0.434
NPY	TAC1	0.932
NPY	TH	0.83
NPY	TNF	0.677
NPY	TRPV1	0.532
NRXN1	NTRK2	0.447
NRXN1	PCDH10	0.474
NRXN1	PCDH19	0.478
NRXN1	PVALB	0.514
NRXN1	RBFOX3	0.423
NRXN1	SCN1A	0.507
NRXN1	SCN2A	0.625
NRXN1	SHANK3	0.961
NRXN1	SLC17A6	0.515
NRXN1	SLC17A7	0.582
NRXN1	SLC32A1	0.595
NRXN1	SLC6A1	0.495
NRXN1	SNAP25	0.753
NRXN1	STX1A	0.67
NRXN1	STXBP1	0.746
NRXN1	SV2A	0.447
NRXN1	SYN1	0.621
NRXN1	SYN2	0.591
NRXN1	SYN3	0.524
NRXN1	SYP	0.557
NRXN1	SYT1	0.798
NTRK2	OXT	0.645
NTRK2	P2RX4	0.421
NTRK2	PDYN	0.44
NTRK2	PIK3CA	0.675
NTRK2	POMC	0.481
NTRK2	PPP1R1B	0.453
NTRK2	PTEN	0.435
NTRK2	PVALB	0.649
NTRK2	RBFOX3	0.627
NTRK2	S100B	0.435
NTRK2	SCN11A	0.71
NTRK2	SCN1A	0.464
NTRK2	SLC12A5	0.711
NTRK2	SLC17A6	0.628
NTRK2	SLC17A7	0.679
NTRK2	SLC1A2	0.465
NTRK2	SLC1A3	0.463
NTRK2	SLC32A1	0.477
NTRK2	SLC6A1	0.535
NTRK2	SLC6A3	0.424
NTRK2	SLC6A4	0.512
NTRK2	SNAP25	0.691
NTRK2	SRC	0.786
NTRK2	SST	0.451
NTRK2	STAT3	0.422
NTRK2	SYN1	0.644
NTRK2	SYN2	0.507
NTRK2	SYN3	0.418
NTRK2	SYP	0.658
NTRK2	SYT1	0.425
NTRK2	TAC1	0.793
NTRK2	TH	0.58
NTRK2	TNF	0.641
NTRK2	TRPV1	0.513
OPRM1	OXT	0.614
OPRM1	PDYN	0.987
OPRM1	POMC	0.999
OPRM1	PPP1R1B	0.431
OPRM1	PRKACA	0.418
OPRM1	PRKACB	0.417
OPRM1	PRKACG	0.432
OPRM1	PRKCA	0.485
OPRM1	PRKCG	0.615
OPRM1	PVALB	0.473
OPRM1	SCN10A	0.51
OPRM1	SCN9A	0.51
OPRM1	SIGMAR1	0.805
OPRM1	SLC17A6	0.443
OPRM1	SLC17A8	0.441
OPRM1	SLC6A3	0.704
OPRM1	SLC6A4	0.695
OPRM1	SRC	0.654
OPRM1	SST	0.823
OPRM1	STAT3	0.607
OPRM1	TAC1	0.677
OPRM1	TH	0.487
OPRM1	TNF	0.603
OPRM1	TRPV1	0.718
OXT	PDYN	0.796
OXT	POMC	0.936
OXT	PRKACA	0.44
OXT	PRKACB	0.447
OXT	PRKACG	0.439
OXT	PTGS2	0.468
OXT	PVALB	0.532
OXT	PXDN	0.407
OXT	PXDNL	0.407
OXT	SHANK3	0.481
OXT	SLC12A2	0.439
OXT	SLC12A5	0.461
OXT	SLC17A6	0.473
OXT	SLC6A3	0.505
OXT	SLC6A4	0.635
OXT	SST	0.769
OXT	TAC1	0.864
OXT	TH	0.626
OXT	TNF	0.418
OXT	TRPV1	0.425
P2RX4	P2RX7	0.995
P2RX4	PANX1	0.855
P2RX4	SLC12A5	0.507
P2RX4	TRPV1	0.445
P2RX7	PANX1	0.995
P2RX7	TLR4	0.725
P2RX7	TNF	0.688
PANX1	SRC	0.662
PANX1	TLR4	0.45
PANX1	TNF	0.453
PANX1	TRPV1	0.402
PCDH10	PRRT2	0.594
PCDH10	SCN1A	0.865
PCDH10	SCN1B	0.59
PCDH10	SCN2A	0.797
PCDH10	SCN8A	0.573
PCDH10	SHANK3	0.453
PCDH10	SLC2A1	0.533
PCDH10	SPTAN1	0.714
PCDH10	STXBP1	0.848
PCDH19	PRRT2	0.658
PCDH19	SCN1A	0.938
PCDH19	SCN1B	0.663
PCDH19	SCN2A	0.853
PCDH19	SCN8A	0.648
PCDH19	SHANK3	0.546
PCDH19	SLC2A1	0.603
PCDH19	SLC6A1	0.432
PCDH19	SPTAN1	0.789
PCDH19	STXBP1	0.876
PDYN	POMC	0.994
PDYN	PPP1R1B	0.741
PDYN	PRKACA	0.548
PDYN	PRKACB	0.546
PDYN	PRKACG	0.547
PDYN	PRKCG	0.578
PDYN	PVALB	0.604
PDYN	RBFOX3	0.442
PDYN	SLC17A6	0.631
PDYN	SLC17A7	0.431
PDYN	SLC17A8	0.448
PDYN	SLC32A1	0.59
PDYN	SLC6A3	0.585
PDYN	SLC6A4	0.445
PDYN	SRC	0.563
PDYN	SST	0.911
PDYN	TAC1	0.937
PDYN	TH	0.613
PDYN	TRPV1	0.476
PIK3CA	PPARG	0.547
PIK3CA	PRKCA	0.64
PIK3CA	PTEN	0.995
PIK3CA	PXDN	0.479
PIK3CA	PXDNL	0.479
PIK3CA	RPS6KB1	0.716
PIK3CA	SIRT1	0.48
PIK3CA	SRC	0.984
PIK3CA	STAT3	0.859
PIK3CA	TLR4	0.928
PIK3CA	TSC1	0.443
PIK3CA	TSC2	0.687
POMC	PPARA	0.434
POMC	PPARG	0.534
POMC	PRKACA	0.77
POMC	PRKACB	0.769
POMC	PRKACG	0.768
POMC	PTEN	0.571
POMC	PTGS2	0.42
POMC	PXDN	0.55
POMC	PXDNL	0.551
POMC	SIRT1	0.439
POMC	SLC17A6	0.522
POMC	SLC32A1	0.419
POMC	SLC6A3	0.502
POMC	SLC6A4	0.601
POMC	SRC	0.66
POMC	SST	0.944
POMC	STAT3	0.852
POMC	SYP	0.59
POMC	TAC1	0.85
POMC	TH	0.748
POMC	TLR4	0.472
POMC	TNF	0.664
POMC	TRPV1	0.63
PPARA	PPARG	0.647
PPARA	PRKACA	0.946
PPARA	PRKACB	0.945
PPARA	PRKACG	0.945
PPARA	PRKCA	0.524
PPARA	PTEN	0.464
PPARA	PTGS2	0.729
PPARA	PXDN	0.568
PPARA	PXDNL	0.568
PPARA	RPS6KB1	0.449
PPARA	SIRT1	0.906
PPARA	SLC2A1	0.693
PPARA	SOD2	0.494
PPARA	SRC	0.608
PPARA	STAT3	0.573
PPARA	TH	0.494
PPARA	TLR4	0.634
PPARA	TNF	0.81
PPARA	TRPV1	0.718
PPARG	PRKACA	0.577
PPARG	PRKACB	0.577
PPARG	PRKACG	0.577
PPARG	PRKCA	0.808
PPARG	PTEN	0.83
PPARG	PTGS2	0.735
PPARG	PXDN	0.661
PPARG	PXDNL	0.661
PPARG	RPS6KB1	0.565
PPARG	SIGMAR1	0.527
PPARG	SIRT1	0.998
PPARG	SLC2A1	0.575
PPARG	SOD2	0.541
PPARG	SRC	0.736
PPARG	STAT3	0.826
PPARG	SYN2	0.467
PPARG	TH	0.428
PPARG	TLR4	0.738
PPARG	TNF	0.807
PPARG	TRPV1	0.649
PPP1R1B	PRKACA	0.964
PPP1R1B	PRKACB	0.963
PPP1R1B	PRKACG	0.964
PPP1R1B	PVALB	0.636
PPP1R1B	RBFOX3	0.639
PPP1R1B	SLC17A6	0.49
PPP1R1B	SLC17A7	0.519
PPP1R1B	SLC32A1	0.446
PPP1R1B	SLC6A3	0.621
PPP1R1B	SST	0.472
PPP1R1B	SYN1	0.483
PPP1R1B	SYP	0.415
PPP1R1B	TAC1	0.514
PPP1R1B	TH	0.669
PRKACA	PRKACB	0.987
PRKACA	PRKACG	0.965
PRKACA	PRKCA	0.423
PRKACA	PTEN	0.482
PRKACA	PTGS2	0.585
PRKACA	PXDN	0.574
PRKACA	PXDNL	0.572
PRKACA	RPS6KB1	0.934
PRKACA	SCN1A	0.919
PRKACA	SCN1B	0.908
PRKACA	SCN4B	0.909
PRKACA	SCN5A	0.937
PRKACA	SCN7A	0.902
PRKACA	SIGMAR1	0.582
PRKACA	SIRT1	0.54
PRKACA	SLC12A2	0.939
PRKACA	SLC6A3	0.401
PRKACA	SST	0.452
PRKACA	STAT3	0.497
PRKACA	SYN1	0.489
PRKACA	TAC1	0.551
PRKACA	TH	0.565
PRKACA	TLR4	0.448
PRKACA	TNF	0.587
PRKACA	TRPV1	0.963
PRKACB	PRKACG	0.968
PRKACB	PRKCA	0.432
PRKACB	PTEN	0.517
PRKACB	PTGS2	0.584
PRKACB	PXDN	0.555
PRKACB	PXDNL	0.554
PRKACB	RPS6KB1	0.932
PRKACB	SCN1A	0.918
PRKACB	SCN1B	0.906
PRKACB	SCN4B	0.908
PRKACB	SCN5A	0.936
PRKACB	SCN7A	0.901
PRKACB	SIGMAR1	0.555
PRKACB	SIRT1	0.542
PRKACB	SLC12A2	0.932
PRKACB	SLC6A3	0.4
PRKACB	SST	0.464
PRKACB	STAT3	0.49
PRKACB	SYN1	0.488
PRKACB	TAC1	0.55
PRKACB	TH	0.562
PRKACB	TLR4	0.443
PRKACB	TNF	0.587
PRKACB	TRPV1	0.963
PRKACG	PRKCA	0.441
PRKACG	PTEN	0.482
PRKACG	PTGS2	0.584
PRKACG	PXDN	0.556
PRKACG	PXDNL	0.554
PRKACG	RPS6KB1	0.931
PRKACG	SCN1A	0.919
PRKACG	SCN1B	0.907
PRKACG	SCN4B	0.906
PRKACG	SCN5A	0.937
PRKACG	SCN7A	0.902
PRKACG	SIGMAR1	0.556
PRKACG	SIRT1	0.54
PRKACG	SLC12A2	0.931
PRKACG	SLC6A3	0.401
PRKACG	SST	0.474
PRKACG	STAT3	0.488
PRKACG	SYN1	0.476
PRKACG	TAC1	0.552
PRKACG	TH	0.564
PRKACG	TLR4	0.434
PRKACG	TNF	0.587
PRKACG	TRPV1	0.963
PRKCA	PRKCG	0.984
PRKCA	PTEN	0.486
PRKCA	PTGS2	0.626
PRKCA	PXDN	0.475
PRKCA	PXDNL	0.472
PRKCA	SLC1A2	0.485
PRKCA	SLC6A3	0.913
PRKCA	SRC	0.867
PRKCA	STAT3	0.644
PRKCA	TLR4	0.445
PRKCA	TNF	0.676
PRKCA	TSC2	0.451
PRKCG	PVALB	0.534
PRKCG	RBFOX3	0.502
PRKCG	RPS6KB1	0.459
PRKCG	SLC17A6	0.52
PRKCG	SLC17A7	0.532
PRKCG	SLC17A8	0.681
PRKCG	SLC32A1	0.491
PRKCG	SLC6A3	0.905
PRKCG	SRC	0.448
PRKCG	SST	0.403
PRKCG	SYN1	0.618
PRKCG	SYN2	0.606
PRKCG	SYN3	0.551
PRKCG	TAC1	0.471
PRKCG	TRPV1	0.42
PRRT2	SCN1A	0.737
PRRT2	SCN1B	0.695
PRRT2	SCN2A	0.91
PRRT2	SCN8A	0.641
PRRT2	SLC1A3	0.411
PRRT2	SLC2A1	0.593
PRRT2	SNAP25	0.978
PRRT2	STXBP1	0.637
PRRT2	SYT1	0.83
PTEN	PTGS2	0.682
PTEN	PXDN	0.691
PTEN	PXDNL	0.682
PTEN	RPS6KB1	0.914
PTEN	SHANK3	0.483
PTEN	SIRT1	0.757
PTEN	SLC2A1	0.692
PTEN	SOD2	0.439
PTEN	SRC	0.837
PTEN	STAT3	0.794
PTEN	SYP	0.414
PTEN	TLR4	0.535
PTEN	TNF	0.638
PTEN	TSC1	0.801
PTEN	TSC2	0.889
PTGS2	SIRT1	0.592
PTGS2	SLC2A1	0.422
PTGS2	SOD2	0.547
PTGS2	SPTAN1	0.408
PTGS2	SRC	0.778
PTGS2	STAT3	0.93
PTGS2	TAC1	0.68
PTGS2	TH	0.413
PTGS2	TLR4	0.787
PTGS2	TNF	0.916
PTGS2	TRPV1	0.605
PVALB	PXDN	0.59
PVALB	PXDNL	0.59
PVALB	RBFOX3	0.801
PVALB	S100B	0.662
PVALB	SCN10A	0.406
PVALB	SCN1A	0.798
PVALB	SCN2A	0.515
PVALB	SCN8A	0.741
PVALB	SHANK3	0.541
PVALB	SLC12A2	0.51
PVALB	SLC12A5	0.653
PVALB	SLC17A6	0.765
PVALB	SLC17A7	0.806
PVALB	SLC17A8	0.614
PVALB	SLC1A2	0.469
PVALB	SLC1A3	0.438
PVALB	SLC32A1	0.812
PVALB	SLC6A1	0.81
PVALB	SLC6A11	0.411
PVALB	SLC6A3	0.482
PVALB	SLC6A4	0.415
PVALB	SNAP25	0.503
PVALB	SST	0.937
PVALB	SYN1	0.698
PVALB	SYN2	0.642
PVALB	SYN3	0.593
PVALB	SYP	0.694
PVALB	SYT1	0.477
PVALB	TAC1	0.617
PVALB	TH	0.794
PVALB	TRPV1	0.491
PXDN	PXDNL	0.981
PXDN	RBFOX3	0.737
PXDN	RPS6KB1	0.682
PXDN	S100B	0.447
PXDN	SCN2A	0.4
PXDN	SIRT1	0.639
PXDN	SLC17A6	0.414
PXDN	SLC17A7	0.433
PXDN	SLC2A1	0.482
PXDN	SLC6A3	0.409
PXDN	SOD2	0.598
PXDN	SPTAN1	0.481
PXDN	SRC	0.675
PXDN	SST	0.571
PXDN	STAT3	0.824
PXDN	SYN1	0.491
PXDN	SYN3	0.533
PXDN	SYP	0.681
PXDN	TAC1	0.576
PXDN	TH	0.743
PXDN	TNF	0.8
PXDN	TRPV1	0.476
PXDN	TSC2	0.431
PXDNL	RBFOX3	0.737
PXDNL	RPS6KB1	0.68
PXDNL	S100B	0.447
PXDNL	SCN2A	0.4
PXDNL	SIRT1	0.639
PXDNL	SLC17A6	0.415
PXDNL	SLC17A7	0.433
PXDNL	SLC2A1	0.481
PXDNL	SLC6A3	0.409
PXDNL	SOD2	0.598
PXDNL	SPTAN1	0.474
PXDNL	SRC	0.675
PXDNL	SST	0.571
PXDNL	STAT3	0.824
PXDNL	SYN1	0.491
PXDNL	SYN3	0.535
PXDNL	SYP	0.681
PXDNL	TAC1	0.576
PXDNL	TH	0.743
PXDNL	TNF	0.8
PXDNL	TRPV1	0.476
PXDNL	TSC2	0.427
RBFOX3	S100B	0.778
RBFOX3	SCN8A	0.428
RBFOX3	SLC12A5	0.522
RBFOX3	SLC17A6	0.728
RBFOX3	SLC17A7	0.759
RBFOX3	SLC1A2	0.637
RBFOX3	SLC1A3	0.615
RBFOX3	SLC32A1	0.686
RBFOX3	SLC6A1	0.505
RBFOX3	SLC6A3	0.438
RBFOX3	SNAP25	0.576
RBFOX3	SST	0.614
RBFOX3	SV2A	0.465
RBFOX3	SYN1	0.759
RBFOX3	SYN2	0.648
RBFOX3	SYN3	0.623
RBFOX3	SYP	0.801
RBFOX3	SYT1	0.462
RBFOX3	TAC1	0.468
RBFOX3	TH	0.713
RBFOX3	TLR4	0.569
RBFOX3	TNF	0.554
RBFOX3	TRPV1	0.438
RPS6KB1	SIRT1	0.712
RPS6KB1	SLC2A1	0.47
RPS6KB1	SOD2	0.455
RPS6KB1	SRC	0.502
RPS6KB1	STAT3	0.631
RPS6KB1	TLR4	0.405
RPS6KB1	TNF	0.555
RPS6KB1	TSC1	0.906
RPS6KB1	TSC2	0.952
S100B	SLC17A7	0.488
S100B	SLC1A2	0.691
S100B	SLC1A3	0.736
S100B	SLC6A4	0.725
S100B	SNAP25	0.401
S100B	SPTAN1	0.4
S100B	SRC	0.477
S100B	STAT3	0.424
S100B	SYN1	0.492
S100B	SYP	0.528
S100B	TH	0.479
S100B	TLR4	0.844
S100B	TNF	0.58
S100B	TRPV1	0.513
SCN10A	SCN11A	0.63
SCN10A	SCN1A	0.598
SCN10A	SCN1B	0.95
SCN10A	SCN2A	0.752
SCN10A	SCN2B	0.932
SCN10A	SCN3A	0.593
SCN10A	SCN3B	0.901
SCN10A	SCN4A	0.753
SCN10A	SCN4B	0.926
SCN10A	SCN5A	0.853
SCN10A	SCN7A	0.604
SCN10A	SCN8A	0.594
SCN10A	SCN9A	0.74
SCN10A	SPTAN1	0.522
SCN10A	TAC1	0.619
SCN10A	TRPM4	0.856
SCN10A	TRPV1	0.806
SCN11A	SCN1A	0.829
SCN11A	SCN1B	0.907
SCN11A	SCN2A	0.744
SCN11A	SCN2B	0.805
SCN11A	SCN3A	0.64
SCN11A	SCN3B	0.739
SCN11A	SCN4A	0.609
SCN11A	SCN4B	0.953
SCN11A	SCN5A	0.615
SCN11A	SCN7A	0.648
SCN11A	SCN8A	0.776
SCN11A	SCN9A	0.634
SCN11A	SPTAN1	0.508
SCN11A	TAC1	0.482
SCN11A	TRPM4	0.607
SCN11A	TRPV1	0.697
SCN1A	SCN1B	0.996
SCN1A	SCN2A	0.948
SCN1A	SCN2B	0.98
SCN1A	SCN3A	0.72
SCN1A	SCN3B	0.805
SCN1A	SCN4A	0.567
SCN1A	SCN4B	0.996
SCN1A	SCN5A	0.739
SCN1A	SCN7A	0.61
SCN1A	SCN8A	0.771
SCN1A	SCN9A	0.736
SCN1A	SHANK3	0.502
SCN1A	SLC12A5	0.523
SCN1A	SLC2A1	0.483
SCN1A	SLC6A1	0.567
SCN1A	SPTAN1	0.813
SCN1A	SST	0.448
SCN1A	STXBP1	0.852
SCN1A	TRPM4	0.641
SCN1A	TRPV1	0.489
SCN1A	TSC2	0.416
SCN1B	SCN2A	0.991
SCN1B	SCN2B	0.999
SCN1B	SCN3A	0.998
SCN1B	SCN3B	0.866
SCN1B	SCN4A	0.999
SCN1B	SCN4B	0.998
SCN1B	SCN5A	0.998
SCN1B	SCN7A	0.976
SCN1B	SCN8A	0.97
SCN1B	SCN9A	0.998
SCN1B	SPTAN1	0.672
SCN1B	STXBP1	0.594
SCN1B	TRPM4	0.88
SCN2A	SCN2B	0.996
SCN2A	SCN3A	0.982
SCN2A	SCN3B	0.95
SCN2A	SCN4A	0.944
SCN2A	SCN4B	0.964
SCN2A	SCN5A	0.838
SCN2A	SCN7A	0.668
SCN2A	SCN8A	0.802
SCN2A	SCN9A	0.943
SCN2A	SHANK3	0.588
SCN2A	SLC12A5	0.498
SCN2A	SLC2A1	0.413
SCN2A	SLC6A1	0.589
SCN2A	SNAP25	0.493
SCN2A	SPTAN1	0.832
SCN2A	STXBP1	0.849
SCN2A	SYN1	0.649
SCN2A	SYT1	0.665
SCN2A	TRPM4	0.83
SCN2B	SCN3A	0.997
SCN2B	SCN3B	0.995
SCN2B	SCN4A	0.923
SCN2B	SCN4B	0.878
SCN2B	SCN5A	0.974
SCN2B	SCN7A	0.855
SCN2B	SCN8A	0.935
SCN2B	SCN9A	0.995
SCN2B	SPTAN1	0.518
SCN2B	TRPM4	0.877
SCN3A	SCN3B	0.828
SCN3A	SCN4A	0.909
SCN3A	SCN4B	0.917
SCN3A	SCN5A	0.587
SCN3A	SCN7A	0.697
SCN3A	SCN8A	0.602
SCN3A	SCN9A	0.939
SCN3A	SPTAN1	0.551
SCN3A	TRPM4	0.733
SCN3A	TRPV1	0.491
SCN3B	SCN4A	0.949
SCN3B	SCN4B	0.984
SCN3B	SCN5A	0.968
SCN3B	SCN7A	0.973
SCN3B	SCN8A	0.829
SCN3B	SCN9A	0.796
SCN3B	SPTAN1	0.499
SCN3B	TRPM4	0.877
SCN4A	SCN4B	0.978
SCN4A	SCN5A	0.848
SCN4A	SCN7A	0.585
SCN4A	SCN8A	0.764
SCN4A	SCN9A	0.686
SCN4A	SPTAN1	0.499
SCN4A	TRPM4	0.766
SCN4B	SCN5A	0.994
SCN4B	SCN7A	0.936
SCN4B	SCN8A	0.918
SCN4B	SCN9A	0.878
SCN4B	SLC17A6	0.441
SCN4B	SPTAN1	0.527
SCN4B	TRPM4	0.818
SCN5A	SCN7A	0.916
SCN5A	SCN8A	0.596
SCN5A	SCN9A	0.594
SCN5A	SPTAN1	0.543
SCN5A	TRPM4	0.949
SCN7A	SCN8A	0.603
SCN7A	SCN9A	0.711
SCN7A	SPTAN1	0.505
SCN7A	TRPM4	0.648
SCN8A	SCN9A	0.743
SCN8A	SLC12A5	0.519
SCN8A	SLC6A1	0.428
SCN8A	SLC6A3	0.455
SCN8A	SNAP25	0.632
SCN8A	SPTAN1	0.802
SCN8A	STXBP1	0.697
SCN8A	TRPM4	0.617
SCN8A	TRPV1	0.494
SCN9A	SPTAN1	0.541
SCN9A	TAC1	0.571
SCN9A	TRPM4	0.763
SCN9A	TRPV1	0.769
SHANK3	SLC17A7	0.505
SHANK3	SLC32A1	0.431
SHANK3	SPTAN1	0.458
SHANK3	SRC	0.437
SHANK3	STXBP1	0.415
SHANK3	SYN1	0.506
SHANK3	SYN2	0.428
SHANK3	SYN3	0.401
SHANK3	TSC1	0.652
SHANK3	TSC2	0.537
SIGMAR1	SLC6A3	0.687
SIGMAR1	SLC6A4	0.452
SIRT1	SLC2A1	0.456
SIRT1	SOD2	0.773
SIRT1	SRC	0.454
SIRT1	STAT3	0.817
SIRT1	TAC1	0.461
SIRT1	TLR4	0.609
SIRT1	TNF	0.706
SIRT1	TSC1	0.427
SIRT1	TSC2	0.843
SLC12A2	SLC12A5	0.654
SLC12A2	SLC1A2	0.483
SLC12A2	SLC1A3	0.463
SLC12A2	SLC32A1	0.452
SLC12A2	SLC6A1	0.505
SLC12A2	TAC1	0.49
SLC12A2	TRPM4	0.423
SLC12A2	TRPV1	0.421
SLC12A5	SLC17A6	0.497
SLC12A5	SLC17A7	0.556
SLC12A5	SLC1A2	0.545
SLC12A5	SLC1A3	0.43
SLC12A5	SLC32A1	0.707
SLC12A5	SLC6A1	0.651
SLC12A5	SLC6A11	0.414
SLC12A5	SNAP25	0.438
SLC12A5	SST	0.494
SLC12A5	SYN1	0.493
SLC12A5	SYN2	0.407
SLC12A5	SYP	0.424
SLC12A5	SYT1	0.579
SLC17A6	SLC17A7	0.918
SLC17A6	SLC17A8	0.906
SLC17A6	SLC1A2	0.786
SLC17A6	SLC1A3	0.579
SLC17A6	SLC32A1	0.991
SLC17A6	SLC6A1	0.546
SLC17A6	SLC6A3	0.76
SLC17A6	SLC6A4	0.651
SLC17A6	SNAP25	0.641
SLC17A6	SST	0.687
SLC17A6	SV2A	0.538
SLC17A6	SYN1	0.687
SLC17A6	SYN2	0.601
SLC17A6	SYN3	0.549
SLC17A6	SYP	0.721
SLC17A6	SYT1	0.563
SLC17A6	TAC1	0.657
SLC17A6	TH	0.718
SLC17A6	TRPV1	0.489
SLC17A7	SLC17A8	0.903
SLC17A7	SLC1A2	0.833
SLC17A7	SLC1A3	0.659
SLC17A7	SLC32A1	0.996
SLC17A7	SLC6A1	0.721
SLC17A7	SLC6A3	0.641
SLC17A7	SLC6A4	0.608
SLC17A7	SNAP25	0.85
SLC17A7	SST	0.65
SLC17A7	STX1A	0.716
SLC17A7	STXBP1	0.702
SLC17A7	SV2A	0.668
SLC17A7	SYN1	0.895
SLC17A7	SYN2	0.851
SLC17A7	SYN3	0.809
SLC17A7	SYP	0.88
SLC17A7	SYT1	0.946
SLC17A7	TAC1	0.486
SLC17A7	TH	0.626
SLC17A8	SLC1A2	0.482
SLC17A8	SLC1A3	0.497
SLC17A8	SLC32A1	0.982
SLC17A8	SLC6A1	0.434
SLC17A8	SLC6A4	0.477
SLC17A8	SNAP25	0.644
SLC17A8	SST	0.545
SLC17A8	STX1A	0.54
SLC17A8	SYN1	0.869
SLC17A8	SYP	0.875
SLC17A8	TAC1	0.502
SLC17A8	TH	0.589
SLC17A8	TRPV1	0.433
SLC1A2	SLC1A3	0.919
SLC1A2	SLC2A1	0.564
SLC1A2	SLC32A1	0.759
SLC1A2	SLC6A1	0.716
SLC1A2	SLC6A11	0.67
SLC1A2	SLC6A3	0.54
SLC1A2	SLC6A4	0.417
SLC1A2	SNAP25	0.602
SLC1A2	SYN1	0.511
SLC1A2	SYP	0.515
SLC1A2	SYT1	0.454
SLC1A2	TAC1	0.403
SLC1A2	TH	0.475
SLC1A2	TNF	0.451
SLC1A3	SLC2A1	0.549
SLC1A3	SLC32A1	0.58
SLC1A3	SLC6A1	0.668
SLC1A3	SLC6A11	0.626
SLC1A3	SLC6A3	0.413
SLC1A3	SNAP25	0.505
SLC1A3	STX1A	0.477
SLC1A3	STXBP1	0.468
SLC1A3	SYN1	0.469
SLC1A3	SYP	0.437
SLC1A3	SYT1	0.63
SLC1A3	TRPM4	0.45
SLC2A1	SOD2	0.41
SLC2A1	SPTAN1	0.434
SLC2A1	SRC	0.414
SLC2A1	STAT3	0.489
SLC2A1	STXBP1	0.551
SLC2A1	TNF	0.816
SLC2A1	TSC2	0.435
SLC32A1	SLC6A1	0.809
SLC32A1	SLC6A11	0.649
SLC32A1	SLC6A3	0.543
SLC32A1	SLC6A4	0.441
SLC32A1	SNAP25	0.838
SLC32A1	SST	0.717
SLC32A1	STX1A	0.67
SLC32A1	STXBP1	0.67
SLC32A1	SV2A	0.536
SLC32A1	SYN1	0.859
SLC32A1	SYN2	0.806
SLC32A1	SYN3	0.758
SLC32A1	SYP	0.722
SLC32A1	SYT1	0.922
SLC32A1	TAC1	0.507
SLC32A1	TH	0.64
SLC6A1	SLC6A4	0.441
SLC6A1	SNAP25	0.607
SLC6A1	SST	0.522
SLC6A1	STX1A	0.9
SLC6A1	STXBP1	0.669
SLC6A1	SV2A	0.506
SLC6A1	SYN1	0.46
SLC6A1	SYN2	0.423
SLC6A1	SYP	0.466
SLC6A1	SYT1	0.636
SLC6A3	SLC6A4	0.431
SLC6A3	SNAP25	0.588
SLC6A3	STX1A	0.992
SLC6A3	SYN1	0.475
SLC6A3	SYN2	0.416
SLC6A3	SYN3	0.471
SLC6A3	SYP	0.482
SLC6A3	TAC1	0.636
SLC6A3	TH	0.95
SLC6A4	SNAP25	0.524
SLC6A4	STX1A	0.931
SLC6A4	TAC1	0.447
SLC6A4	TH	0.656
SLC6A4	TNF	0.4
SNAP25	SST	0.616
SNAP25	STX1A	0.999
SNAP25	STXBP1	0.999
SNAP25	SV2A	0.726
SNAP25	SYN1	0.97
SNAP25	SYN2	0.921
SNAP25	SYN3	0.892
SNAP25	SYP	0.98
SNAP25	SYT1	0.999
SNAP25	TAC1	0.494
SNAP25	TH	0.422
SNAP25	TNF	0.546
SNAP25	TRPV1	0.408
SOD2	STAT3	0.518
SOD2	TLR4	0.474
SOD2	TNF	0.611
SPTAN1	SRC	0.69
SPTAN1	STXBP1	0.892
SPTAN1	SYP	0.464
SRC	SST	0.675
SRC	STAT3	0.999
SRC	SYN1	0.668
SRC	SYN2	0.434
SRC	TAC1	0.627
SRC	TH	0.518
SRC	TLR4	0.88
SRC	TNF	0.904
SRC	TRPV1	0.934
SRC	TSC2	0.66
SST	SYN1	0.479
SST	SYN2	0.422
SST	SYP	0.746
SST	TAC1	0.968
SST	TH	0.701
SST	TNF	0.434
SST	TRPV1	0.492
STAT3	TLR4	0.846
STAT3	TNF	0.939
STAT3	TSC2	0.464
STX1A	STXBP1	0.999
STX1A	SV2A	0.534
STX1A	SYN1	0.881
STX1A	SYN2	0.775
STX1A	SYN3	0.751
STX1A	SYP	0.914
STX1A	SYT1	0.999
STX1A	TLR4	0.552
STX1A	TNF	0.748
STXBP1	SV2A	0.538
STXBP1	SYN1	0.816
STXBP1	SYN2	0.797
STXBP1	SYN3	0.755
STXBP1	SYP	0.672
STXBP1	SYT1	0.949
SV2A	SYN1	0.733
SV2A	SYN2	0.655
SV2A	SYN3	0.621
SV2A	SYP	0.977
SV2A	SYT1	0.941
SV2A	TAC1	0.549
SYN1	SYN2	0.726
SYN1	SYN3	0.545
SYN1	SYP	0.984
SYN1	SYT1	0.945
SYN1	TH	0.626
SYN2	SYN3	0.854
SYN2	SYP	0.798
SYN2	SYT1	0.888
SYN2	TH	0.523
SYN3	SYP	0.765
SYN3	SYT1	0.864
SYN3	TH	0.523
SYP	SYT1	0.942
SYP	TAC1	0.51
SYP	TH	0.761
TAC1	TH	0.836
TAC1	TLR4	0.723
TAC1	TNF	0.653
TAC1	TRPV1	0.939
TH	TLR4	0.555
TH	TNF	0.496
TH	TRPV1	0.595
TLR4	TNF	0.969
TLR4	TRPV1	0.505
TLR4	TSC2	0.408
TNF	TRPV1	0.592
TNF	TSC2	0.589
TRPM4	TRPV1	0.747
TSC1	TSC2	0.999
