protein_a	protein_b	combined_score
ABCA1	ACTB	0.551
ABCA1	ADIPOQ	0.488
ABCA1	AKT1	0.496
ABCA1	ALB	0.524
ABCA1	APOE	0.98
ABCA1	APP	0.55
ABCA1	C1QA	0.452
ABCA1	CALML4	0.424
ABCA1	CAV1	0.692
ABCA1	CCL2	0.584
ABCA1	CD36	0.831
ABCA1	CD68	0.531
ABCA1	CLU	0.471
ABCA1	CRP	0.445
ABCA1	GAPDH	0.548
ABCA1	HMGCR	0.866
ABCA1	ICAM1	0.505
ABCA1	IFNG	0.442
ABCA1	IL10	0.617
ABCA1	IL1B	0.612
ABCA1	IL6	0.613
ABCA1	INS	0.742
ABCA1	LEP	0.646
ABCA1	LRP1	0.54
ABCA1	MMP9	0.458
ABCA1	MPO	0.422
ABCA1	MRC1	0.428
ABCA1	NFKB1	0.412
ABCA1	NOS3	0.429
ABCA1	PON1	0.623
ABCA1	PPARA	0.877
ABCA1	PPARG	0.82
ABCA1	PPARGC1A	0.466
ABCA1	PRKACA	0.584
ABCA1	PRKACB	0.592
ABCA1	PRKACG	0.584
ABCA1	PXDN	0.426
ABCA1	PXDNL	0.425
ABCA1	RELA	0.419
ABCA1	SCARB1	0.934
ABCA1	SCARB2	0.83
ABCA1	SIRT1	0.52
ABCA1	SLC2A4	0.43
ABCA1	SOD2	0.538
ABCA1	SREBF1	0.905
ABCA1	STAT3	0.815
ABCA1	TLR2	0.428
ABCA1	TLR4	0.584
ABCA1	TNF	0.581
ABCA1	TREM2	0.412
ABCA7	ADAM10	0.644
ABCA7	APOE	0.774
ABCA7	APP	0.697
ABCA7	BACE1	0.482
ABCA7	BIN1	0.824
ABCA7	CD33	0.767
ABCA7	CLU	0.81
ABCA7	MAPT	0.574
ABCA7	MS4A4A	0.713
ABCA7	MS4A4E	0.823
ABCA7	MS4A6A	0.811
ABCA7	MS4A6E	0.72
ABCA7	PICALM	0.872
ABCA7	PSEN1	0.69
ABCA7	PSEN2	0.803
ABCA7	SORL1	0.841
ABCA7	TREM2	0.775
ABCA7	TYROBP	0.415
ACE	ACHE	0.733
ACE	ACTB	0.765
ACE	ADAM10	0.458
ACE	ADIPOQ	0.626
ACE	ADRB2	0.552
ACE	AGER	0.437
ACE	AGT	0.999
ACE	AKT1	0.627
ACE	ALB	0.912
ACE	APOE	0.876
ACE	APP	0.516
ACE	BACE1	0.43
ACE	BCHE	0.489
ACE	BCL2	0.403
ACE	BDNF	0.4
ACE	C3	0.428
ACE	CALM3	0.76
ACE	CALML3	0.755
ACE	CALML4	0.763
ACE	CALML5	0.756
ACE	CALML6	0.755
ACE	CASP3	0.463
ACE	CAV1	0.468
ACE	CCL2	0.625
ACE	CD36	0.408
ACE	CD4	0.596
ACE	CD68	0.429
ACE	CRP	0.878
ACE	CTSB	0.484
ACE	CTSD	0.647
ACE	CTSS	0.46
ACE	CXCL8	0.544
ACE	CYBB	0.508
ACE	CYCS	0.42
ACE	EGFR	0.419
ACE	FOS	0.45
ACE	GAPDH	0.539
ACE	GLP1R	0.623
ACE	GPX2	0.656
ACE	GPX3	0.658
ACE	GPX5	0.657
ACE	GPX6	0.657
ACE	GPX7	0.657
ACE	GPX8	0.657
ACE	HIF1A	0.493
ACE	HMGCR	0.806
ACE	HMOX1	0.447
ACE	HSP90AA1	0.509
ACE	HSPA5	0.546
ACE	ICAM1	0.581
ACE	IDE	0.537
ACE	IFNG	0.583
ACE	IGF1	0.511
ACE	IL10	0.604
ACE	IL18	0.476
ACE	IL1A	0.57
ACE	IL1B	0.692
ACE	IL4	0.447
ACE	IL6	0.776
ACE	INS	0.849
ACE	IRS1	0.614
ACE	JUN	0.469
ACE	LEP	0.611
ACE	MAOB	0.472
ACE	MAPK14	0.571
ACE	MAPK3	0.447
ACE	MME	0.882
ACE	MMEL1	0.889
ACE	MMP9	0.733
ACE	MPO	0.562
ACE	MTOR	0.436
ACE	NFKB1	0.476
ACE	NGF	0.548
ACE	NOS1	0.443
ACE	NOS3	0.731
ACE	NOX4	0.64
ACE	NPY	0.4
ACE	PON1	0.48
ACE	PPARA	0.539
ACE	PPARG	0.674
ACE	PPARGC1A	0.404
ACE	PTGS2	0.576
ACE	PXDN	0.54
ACE	PXDNL	0.54
ACE	SCARB1	0.414
ACE	SIRT1	0.489
ACE	SLC2A4	0.437
ACE	STAT3	0.4
ACE	TGFB1	0.674
ACE	TLR4	0.528
ACE	TNF	0.72
ACE	TP53	0.426
ACE	XDH	0.724
ACHE	AKT1	0.495
ACHE	ALB	0.589
ACHE	APOE	0.769
ACHE	APP	0.937
ACHE	BACE1	0.831
ACHE	BCL2	0.465
ACHE	BDNF	0.672
ACHE	CALB1	0.565
ACHE	CASP3	0.53
ACHE	CAV1	0.466
ACHE	CDK5	0.451
ACHE	CHAT	0.933
ACHE	CHRM1	0.554
ACHE	CHRNA4	0.558
ACHE	CHRNA7	0.453
ACHE	CREB1	0.512
ACHE	CYCS	0.416
ACHE	DLG4	0.481
ACHE	EGFR	0.506
ACHE	FOS	0.407
ACHE	GFAP	0.461
ACHE	GPX2	0.68
ACHE	GPX3	0.687
ACHE	GPX5	0.69
ACHE	GPX6	0.69
ACHE	GPX7	0.701
ACHE	GPX8	0.702
ACHE	GSK3B	0.517
ACHE	GSR	0.596
ACHE	HMOX1	0.465
ACHE	HTT	0.415
ACHE	IDE	0.473
ACHE	IFNG	0.423
ACHE	IL10	0.421
ACHE	IL1B	0.583
ACHE	IL6	0.555
ACHE	INS	0.528
ACHE	MAOB	0.91
ACHE	MAPT	0.817
ACHE	MME	0.417
ACHE	MMEL1	0.477
ACHE	NFE2L2	0.405
ACHE	NGF	0.635
ACHE	NGFR	0.413
ACHE	NPY	0.52
ACHE	NTRK2	0.437
ACHE	PON1	0.611
ACHE	PPARG	0.4
ACHE	PSEN1	0.751
ACHE	PSEN2	0.489
ACHE	PTGS2	0.508
ACHE	PXDN	0.695
ACHE	PXDNL	0.695
ACHE	SLC18A3	0.846
ACHE	SLC5A7	0.562
ACHE	SLC6A3	0.447
ACHE	SNCA	0.541
ACHE	SYN1	0.434
ACHE	SYP	0.55
ACHE	TH	0.639
ACHE	TNF	0.528
ACHE	XDH	0.739
ACTB	ADAM10	0.464
ACTB	ADIPOQ	0.592
ACTB	ADRB2	0.405
ACTB	AGER	0.413
ACTB	AGT	0.582
ACTB	AIF1	0.754
ACTB	AKT1	0.923
ACTB	ALB	0.886
ACTB	ANXA5	0.95
ACTB	APOE	0.643
ACTB	APP	0.801
ACTB	ATF6	0.627
ACTB	ATG5	0.742
ACTB	ATG7	0.666
ACTB	ATP5F1A	0.642
ACTB	BACE1	0.596
ACTB	BAX	0.611
ACTB	BCL2	0.885
ACTB	BCL2L1	0.784
ACTB	BDNF	0.71
ACTB	BECN1	0.785
ACTB	C3	0.588
ACTB	CALB1	0.488
ACTB	CALM3	0.636
ACTB	CALML3	0.6
ACTB	CALML4	0.59
ACTB	CALML5	0.599
ACTB	CALML6	0.572
ACTB	CAMK2A	0.691
ACTB	CASP1	0.729
ACTB	CASP3	0.989
ACTB	CASP8	0.779
ACTB	CASP9	0.819
ACTB	CAV1	0.87
ACTB	CCK	0.816
ACTB	CCL2	0.697
ACTB	CCL3	0.481
ACTB	CCL5	0.576
ACTB	CD163	0.452
ACTB	CD36	0.612
ACTB	CD4	0.777
ACTB	CD68	0.637
ACTB	CD86	0.546
ACTB	CDK5	0.516
ACTB	CHAT	0.43
ACTB	CLU	0.592
ACTB	COX4I1	0.763
ACTB	CREB1	0.696
ACTB	CSF1	0.596
ACTB	CSF1R	0.508
ACTB	CTNNB1	0.86
ACTB	CTSB	0.547
ACTB	CTSD	0.557
ACTB	CTSS	0.463
ACTB	CX3CR1	0.417
ACTB	CXCL8	0.729
ACTB	CYBB	0.72
ACTB	CYCS	0.871
ACTB	DDIT3	0.593
ACTB	DLG4	0.673
ACTB	DNM1L	0.579
ACTB	DNTT	0.721
ACTB	EGF	0.778
ACTB	EGFR	0.839
ACTB	EIF2AK3	0.772
ACTB	ERN1	0.644
ACTB	FOS	0.722
ACTB	FOXO1	0.642
ACTB	FOXO3	0.633
ACTB	FYN	0.671
ACTB	GAP43	0.464
ACTB	GAPDH	0.975
ACTB	GFAP	0.738
ACTB	GPX2	0.593
ACTB	GPX3	0.593
ACTB	GPX4	0.57
ACTB	GPX5	0.591
ACTB	GPX6	0.59
ACTB	GPX7	0.594
ACTB	GPX8	0.594
ACTB	GRB2	0.814
ACTB	GRIA1	0.545
ACTB	GRIN1	0.438
ACTB	GRIN2A	0.535
ACTB	GRIN2B	0.738
ACTB	GSK3B	0.847
ACTB	GSR	0.525
ACTB	HIF1A	0.787
ACTB	HMGB1	0.643
ACTB	HMGCR	0.578
ACTB	HMOX1	0.785
ACTB	HSP90AA1	0.967
ACTB	HSPA5	0.808
ACTB	HTT	0.535
ACTB	ICAM1	0.697
ACTB	IFNG	0.795
ACTB	IGF1	0.66
ACTB	IL10	0.729
ACTB	IL18	0.593
ACTB	IL1A	0.621
ACTB	IL1B	0.847
ACTB	IL4	0.7
ACTB	IL6	0.847
ACTB	INS	0.801
ACTB	INSR	0.726
ACTB	IRS1	0.623
ACTB	ITGAM	0.723
ACTB	ITPR1	0.439
ACTB	JUN	0.806
ACTB	KEAP1	0.63
ACTB	LAMP1	0.679
ACTB	LEP	0.614
ACTB	LRP1	0.506
ACTB	MAOB	0.434
ACTB	MAP1A	0.7
ACTB	MAP1B	0.585
ACTB	MAP1LC3B	0.832
ACTB	MAP2	0.669
ACTB	MAPK14	0.573
ACTB	MAPK3	0.844
ACTB	MAPK8	0.669
ACTB	MAPT	0.817
ACTB	MBP	0.584
ACTB	MCL1	0.768
ACTB	MFN2	0.627
ACTB	MME	0.506
ACTB	MMP9	0.778
ACTB	MPO	0.532
ACTB	MRC1	0.587
ACTB	MTOR	0.752
ACTB	NEFL	0.441
ACTB	NFE2L2	0.758
ACTB	NFKB1	0.766
ACTB	NFKBIA	0.823
ACTB	NGF	0.585
ACTB	NGFR	0.446
ACTB	NLRP3	0.61
ACTB	NOS1	0.625
ACTB	NOS2	0.576
ACTB	NOS3	0.892
ACTB	NOX1	0.51
ACTB	NOX4	0.596
ACTB	NPY	0.447
ACTB	NQO1	0.667
ACTB	NTRK2	0.558
ACTB	PARK7	0.45
ACTB	PINK1	0.547
ACTB	PPARA	0.663
ACTB	PPARG	0.971
ACTB	PPARGC1A	0.725
ACTB	PPP2CA	0.567
ACTB	PRKACA	0.619
ACTB	PRKACB	0.579
ACTB	PRKACG	0.577
ACTB	PRKCA	0.955
ACTB	PRKN	0.711
ACTB	PRNP	0.436
ACTB	PSEN1	0.477
ACTB	PTEN	0.72
ACTB	PTGS2	0.728
ACTB	PTPRC	0.734
ACTB	PXDN	0.925
ACTB	PXDNL	0.924
ACTB	RAB5A	0.502
ACTB	RBFOX3	0.716
ACTB	RELA	0.644
ACTB	RPS6KB1	0.74
ACTB	S100B	0.492
ACTB	SCARB1	0.632
ACTB	SCARB2	0.611
ACTB	SIRT1	0.79
ACTB	SLC17A7	0.418
ACTB	SLC1A2	0.435
ACTB	SLC2A1	0.611
ACTB	SLC2A4	0.619
ACTB	SLC6A3	0.406
ACTB	SNAP25	0.468
ACTB	SNCA	0.661
ACTB	SOD1	0.658
ACTB	SOD2	0.653
ACTB	SQSTM1	0.725
ACTB	SRC	0.774
ACTB	SREBF1	0.677
ACTB	STAT1	0.684
ACTB	STAT3	0.798
ACTB	SYN1	0.614
ACTB	SYN2	0.464
ACTB	SYN3	0.446
ACTB	SYP	0.62
ACTB	TFAM	0.726
ACTB	TFEB	0.514
ACTB	TGFB1	0.773
ACTB	TH	0.596
ACTB	TLR2	0.644
ACTB	TLR4	0.745
ACTB	TNF	0.847
ACTB	TP53	0.879
ACTB	TRAF6	0.603
ACTB	UCP2	0.506
ACTB	VDAC1	0.864
ACTB	XDH	0.464
ADAM10	AGER	0.571
ADAM10	AKT1	0.672
ADAM10	APH1A	0.852
ADAM10	APOE	0.733
ADAM10	APP	0.95
ADAM10	BACE1	0.922
ADAM10	BACE2	0.58
ADAM10	BAX	0.736
ADAM10	BCL2	0.802
ADAM10	CALM3	0.557
ADAM10	CALML3	0.544
ADAM10	CALML4	0.545
ADAM10	CALML5	0.544
ADAM10	CALML6	0.544
ADAM10	CASP3	0.418
ADAM10	CDK5	0.406
ADAM10	CTNNB1	0.45
ADAM10	CTSB	0.612
ADAM10	CTSS	0.451
ADAM10	CX3CR1	0.454
ADAM10	EGF	0.746
ADAM10	EGFR	0.546
ADAM10	GAPDH	0.473
ADAM10	GRB2	0.61
ADAM10	GSK3B	0.438
ADAM10	HIF1A	0.483
ADAM10	HMGCR	0.457
ADAM10	HTT	0.592
ADAM10	IDE	0.636
ADAM10	IL1B	0.464
ADAM10	IL6	0.478
ADAM10	MAPT	0.486
ADAM10	MME	0.543
ADAM10	MMEL1	0.61
ADAM10	MMP9	0.604
ADAM10	NCSTN	0.865
ADAM10	PICALM	0.637
ADAM10	PRNP	0.48
ADAM10	PSEN1	0.905
ADAM10	PSEN2	0.79
ADAM10	PSENEN	0.819
ADAM10	PXDN	0.406
ADAM10	PXDNL	0.402
ADAM10	SIRT1	0.58
ADAM10	SORL1	0.493
ADAM10	SRC	0.694
ADAM10	STAT3	0.623
ADAM10	TNF	0.556
ADAM10	TREM2	0.527
ADAM10	VDAC1	0.748
ADIPOQ	AGT	0.671
ADIPOQ	AKT1	0.712
ADIPOQ	ALB	0.854
ADIPOQ	ANXA5	0.506
ADIPOQ	APOE	0.795
ADIPOQ	ATG5	0.505
ADIPOQ	BCL2	0.442
ADIPOQ	BDNF	0.46
ADIPOQ	C3	0.441
ADIPOQ	CASP3	0.465
ADIPOQ	CAV1	0.527
ADIPOQ	CCK	0.506
ADIPOQ	CCL2	0.776
ADIPOQ	CCL3	0.585
ADIPOQ	CCL5	0.49
ADIPOQ	CD36	0.806
ADIPOQ	CD4	0.479
ADIPOQ	CD68	0.537
ADIPOQ	CD86	0.472
ADIPOQ	CREB1	0.446
ADIPOQ	CRP	0.882
ADIPOQ	CSF1	0.541
ADIPOQ	CTNNB1	0.468
ADIPOQ	CXCL8	0.621
ADIPOQ	FOXO1	0.692
ADIPOQ	GAPDH	0.594
ADIPOQ	GLP1R	0.581
ADIPOQ	GPX2	0.521
ADIPOQ	GPX3	0.545
ADIPOQ	GPX5	0.538
ADIPOQ	GPX6	0.529
ADIPOQ	GPX7	0.521
ADIPOQ	GPX8	0.524
ADIPOQ	GSK3B	0.453
ADIPOQ	HIF1A	0.48
ADIPOQ	HMGCR	0.532
ADIPOQ	HMOX1	0.527
ADIPOQ	ICAM1	0.597
ADIPOQ	IFNG	0.588
ADIPOQ	IGF1	0.779
ADIPOQ	IL10	0.822
ADIPOQ	IL18	0.581
ADIPOQ	IL1A	0.596
ADIPOQ	IL1B	0.833
ADIPOQ	IL4	0.521
ADIPOQ	IL6	0.89
ADIPOQ	INS	0.961
ADIPOQ	INSR	0.525
ADIPOQ	IRS1	0.734
ADIPOQ	JUN	0.517
ADIPOQ	LEP	0.994
ADIPOQ	LRP1	0.529
ADIPOQ	MAPK3	0.507
ADIPOQ	MAPK8	0.418
ADIPOQ	MMP9	0.545
ADIPOQ	MPO	0.589
ADIPOQ	MRC1	0.432
ADIPOQ	MTOR	0.552
ADIPOQ	NFE2L2	0.411
ADIPOQ	NFKB1	0.507
ADIPOQ	NOS3	0.606
ADIPOQ	NOX4	0.564
ADIPOQ	NPY	0.596
ADIPOQ	PON1	0.479
ADIPOQ	PPARA	0.914
ADIPOQ	PPARG	0.965
ADIPOQ	PPARGC1A	0.944
ADIPOQ	PRKAA1	0.421
ADIPOQ	PRKACA	0.452
ADIPOQ	PRKACB	0.452
ADIPOQ	PRKACG	0.452
ADIPOQ	PTGS2	0.519
ADIPOQ	PTPRC	0.443
ADIPOQ	PXDN	0.545
ADIPOQ	PXDNL	0.545
ADIPOQ	RPS6KB1	0.441
ADIPOQ	SCARB1	0.759
ADIPOQ	SCARB2	0.757
ADIPOQ	SIRT1	0.862
ADIPOQ	SLC2A1	0.418
ADIPOQ	SLC2A4	0.887
ADIPOQ	SREBF1	0.762
ADIPOQ	STAT1	0.518
ADIPOQ	STAT3	0.581
ADIPOQ	TFAM	0.42
ADIPOQ	TGFB1	0.531
ADIPOQ	TLR2	0.407
ADIPOQ	TLR4	0.631
ADIPOQ	TNF	0.871
ADIPOQ	TP53	0.444
ADIPOQ	UCP2	0.79
ADRB2	AGT	0.701
ADRB2	AKT1	0.669
ADRB2	ALB	0.432
ADRB2	APH1A	0.457
ADRB2	APP	0.591
ADRB2	BACE1	0.453
ADRB2	BDNF	0.452
ADRB2	CACNA1C	0.937
ADRB2	CALM3	0.453
ADRB2	CALML3	0.443
ADRB2	CALML4	0.44
ADRB2	CALML5	0.443
ADRB2	CALML6	0.441
ADRB2	CAMK2A	0.406
ADRB2	CD4	0.477
ADRB2	CREB1	0.554
ADRB2	CXCL8	0.548
ADRB2	DLG4	0.795
ADRB2	EGF	0.499
ADRB2	EGFR	0.625
ADRB2	GAPDH	0.448
ADRB2	GFAP	0.44
ADRB2	GLP1R	0.57
ADRB2	GRB2	0.791
ADRB2	GRIA1	0.706
ADRB2	GRIN2A	0.506
ADRB2	GRIN2B	0.503
ADRB2	HMGCR	0.469
ADRB2	ICAM1	0.543
ADRB2	IFNG	0.428
ADRB2	IL10	0.421
ADRB2	IL1B	0.503
ADRB2	IL4	0.433
ADRB2	IL6	0.52
ADRB2	INS	0.627
ADRB2	LDLR	0.5
ADRB2	LEP	0.449
ADRB2	MAPK3	0.506
ADRB2	MMP9	0.403
ADRB2	NFKBIA	0.538
ADRB2	NOS3	0.436
ADRB2	NPY	0.797
ADRB2	PICALM	0.526
ADRB2	PPARG	0.486
ADRB2	PPARGC1A	0.41
ADRB2	PRKACA	0.82
ADRB2	PRKACB	0.819
ADRB2	PRKACG	0.818
ADRB2	PRNP	0.447
ADRB2	PSEN1	0.405
ADRB2	PTGS2	0.452
ADRB2	RYR2	0.644
ADRB2	SLC2A1	0.41
ADRB2	SRC	0.955
ADRB2	TH	0.493
ADRB2	TNF	0.718
ADRB2	TP53	0.532
AGER	AGT	0.4
AGER	AKT1	0.608
AGER	ALB	0.797
AGER	APH1A	0.418
AGER	APOE	0.675
AGER	APP	0.881
AGER	BACE1	0.631
AGER	BCL2	0.401
AGER	BDNF	0.447
AGER	CASP1	0.519
AGER	CASP3	0.455
AGER	CAV1	0.484
AGER	CCL2	0.579
AGER	CCL5	0.408
AGER	CD36	0.734
AGER	CD4	0.416
AGER	CD68	0.484
AGER	CRP	0.545
AGER	CTSB	0.485
AGER	CXCL8	0.542
AGER	CYBB	0.939
AGER	EGFR	0.48
AGER	HMGB1	0.999
AGER	ICAM1	0.573
AGER	IDE	0.542
AGER	IFNG	0.509
AGER	IL10	0.507
AGER	IL18	0.495
AGER	IL1A	0.617
AGER	IL1B	0.794
AGER	IL4	0.42
AGER	IL6	0.666
AGER	INS	0.507
AGER	ITGAM	0.447
AGER	JUN	0.403
AGER	LRP1	0.795
AGER	MAPK3	0.711
AGER	MME	0.558
AGER	MMEL1	0.658
AGER	MMP9	0.539
AGER	MPO	0.448
AGER	NCSTN	0.428
AGER	NFKB1	0.776
AGER	NLRP3	0.432
AGER	NOS3	0.431
AGER	NOX1	0.925
AGER	NOX4	0.93
AGER	PPARG	0.441
AGER	PSEN1	0.4
AGER	PSENEN	0.418
AGER	PTGS2	0.448
AGER	RELA	0.631
AGER	S100B	0.999
AGER	SCARB1	0.741
AGER	SCARB2	0.723
AGER	STAT3	0.415
AGER	TGFB1	0.599
AGER	TLR2	0.814
AGER	TLR4	0.94
AGER	TNF	0.632
AGER	TP53	0.544
AGER	TREM2	0.425
AGT	AKT1	0.821
AGT	ALB	0.868
AGT	APOE	0.853
AGT	APP	0.627
AGT	BCL2	0.561
AGT	BDNF	0.606
AGT	C3	0.718
AGT	CACNA1C	0.672
AGT	CALM3	0.632
AGT	CALML3	0.624
AGT	CALML4	0.633
AGT	CALML5	0.624
AGT	CALML6	0.624
AGT	CASP1	0.454
AGT	CASP3	0.606
AGT	CAV1	0.67
AGT	CCK	0.817
AGT	CCL2	0.729
AGT	CCL3	0.432
AGT	CCL5	0.716
AGT	CD36	0.465
AGT	CD4	0.528
AGT	CD68	0.511
AGT	CHRM1	0.574
AGT	CREB1	0.511
AGT	CRP	0.707
AGT	CTNNB1	0.492
AGT	CTSB	0.433
AGT	CTSD	0.909
AGT	CTSS	0.493
AGT	CX3CR1	0.636
AGT	CXCL8	0.86
AGT	CYBB	0.771
AGT	CYCS	0.514
AGT	DNTT	0.424
AGT	EGF	0.573
AGT	EGFR	0.551
AGT	FOS	0.613
AGT	FOXO1	0.435
AGT	FOXO3	0.451
AGT	GAPDH	0.643
AGT	GFAP	0.612
AGT	GLP1R	0.503
AGT	GPX2	0.539
AGT	GPX3	0.571
AGT	GPX5	0.541
AGT	GPX6	0.547
AGT	GPX7	0.542
AGT	GPX8	0.54
AGT	GSK3B	0.485
AGT	HIF1A	0.634
AGT	HMGCR	0.528
AGT	HMOX1	0.612
AGT	HSPA5	0.486
AGT	ICAM1	0.659
AGT	IFNG	0.607
AGT	IGF1	0.631
AGT	IL10	0.618
AGT	IL18	0.524
AGT	IL1A	0.588
AGT	IL1B	0.731
AGT	IL4	0.653
AGT	IL6	0.788
AGT	INS	0.863
AGT	IRS1	0.52
AGT	ITGAM	0.409
AGT	ITPR1	0.405
AGT	JUN	0.623
AGT	KEAP1	0.415
AGT	LEP	0.719
AGT	MAOB	0.405
AGT	MAPK14	0.475
AGT	MAPK3	0.706
AGT	MAPK8	0.449
AGT	MME	0.957
AGT	MMEL1	0.766
AGT	MMP9	0.704
AGT	MPO	0.455
AGT	MTOR	0.531
AGT	NFE2L2	0.504
AGT	NFKB1	0.588
AGT	NFKBIA	0.492
AGT	NLRP3	0.473
AGT	NOS1	0.605
AGT	NOS2	0.472
AGT	NOS3	0.792
AGT	NOX1	0.715
AGT	NOX4	0.771
AGT	NPY	0.784
AGT	NTRK2	0.511
AGT	PPARA	0.767
AGT	PPARG	0.677
AGT	PPARGC1A	0.558
AGT	PRKACA	0.591
AGT	PRKACB	0.59
AGT	PRKACG	0.59
AGT	PRKCA	0.457
AGT	PTEN	0.409
AGT	PTGS2	0.609
AGT	PTPRC	0.403
AGT	PXDN	0.615
AGT	PXDNL	0.609
AGT	RPS6KB1	0.488
AGT	RYR2	0.508
AGT	S100B	0.539
AGT	SCARB1	0.515
AGT	SCARB2	0.469
AGT	SIRT1	0.602
AGT	SLC2A4	0.559
AGT	SOD2	0.46
AGT	SRC	0.799
AGT	STAT1	0.429
AGT	STAT3	0.805
AGT	TGFB1	0.812
AGT	TH	0.44
AGT	TLR4	0.866
AGT	TNF	0.856
AGT	TP53	0.605
AGT	UCP2	0.402
AGT	XDH	0.646
AIF1	AKT1	0.51
AIF1	ALB	0.729
AIF1	APOE	0.594
AIF1	APP	0.77
AIF1	BACE1	0.575
AIF1	BCL2	0.467
AIF1	BDNF	0.72
AIF1	C1QA	0.847
AIF1	C3	0.416
AIF1	CALB1	0.582
AIF1	CALM3	0.489
AIF1	CALML3	0.487
AIF1	CALML4	0.496
AIF1	CALML5	0.487
AIF1	CALML6	0.487
AIF1	CAMK2A	0.542
AIF1	CASP1	0.67
AIF1	CASP3	0.698
AIF1	CASP9	0.474
AIF1	CCL2	0.698
AIF1	CCL3	0.554
AIF1	CCL5	0.563
AIF1	CD163	0.735
AIF1	CD33	0.498
AIF1	CD36	0.416
AIF1	CD4	0.631
AIF1	CD68	0.871
AIF1	CD86	0.818
AIF1	CHAT	0.529
AIF1	CREB1	0.465
AIF1	CSF1	0.574
AIF1	CSF1R	0.857
AIF1	CTSB	0.642
AIF1	CTSD	0.443
AIF1	CTSS	0.562
AIF1	CX3CR1	0.804
AIF1	CYBB	0.744
AIF1	CYCS	0.421
AIF1	DLG4	0.798
AIF1	DNTT	0.524
AIF1	FOS	0.547
AIF1	GAP43	0.448
AIF1	GAPDH	0.75
AIF1	GFAP	0.913
AIF1	GRIN2B	0.447
AIF1	GSK3B	0.428
AIF1	HMGB1	0.465
AIF1	HMOX1	0.528
AIF1	HTT	0.412
AIF1	ICAM1	0.478
AIF1	IDE	0.4
AIF1	IFNG	0.626
AIF1	IGF1	0.488
AIF1	IL10	0.705
AIF1	IL18	0.52
AIF1	IL1A	0.558
AIF1	IL1B	0.851
AIF1	IL4	0.589
AIF1	IL6	0.777
AIF1	INS	0.436
AIF1	ITGAM	0.843
AIF1	JUN	0.416
AIF1	LAMP1	0.515
AIF1	MAP2	0.671
AIF1	MAPK3	0.503
AIF1	MAPT	0.587
AIF1	MBP	0.782
AIF1	MMP9	0.535
AIF1	MPO	0.541
AIF1	MRC1	0.758
AIF1	MS4A4A	0.52
AIF1	MS4A6A	0.731
AIF1	MS4A6E	0.436
AIF1	NEFL	0.516
AIF1	NFKB1	0.805
AIF1	NFKBIA	0.499
AIF1	NGF	0.518
AIF1	NLRP3	0.561
AIF1	NOS2	0.501
AIF1	NTRK2	0.454
AIF1	PRNP	0.452
AIF1	PSEN1	0.578
AIF1	PTGS2	0.59
AIF1	PTPRC	0.813
AIF1	PXDN	0.738
AIF1	PXDNL	0.738
AIF1	RBFOX3	0.909
AIF1	S100B	0.706
AIF1	SLC17A7	0.553
AIF1	SLC1A2	0.577
AIF1	SLC6A3	0.408
AIF1	SNAP25	0.441
AIF1	SNCA	0.624
AIF1	SOD1	0.587
AIF1	STAT3	0.453
AIF1	SYN1	0.58
AIF1	SYN2	0.422
AIF1	SYN3	0.411
AIF1	SYP	0.706
AIF1	TGFB1	0.485
AIF1	TH	0.683
AIF1	TLR2	0.627
AIF1	TLR4	0.722
AIF1	TMEM119	0.789
AIF1	TNF	0.846
AIF1	TREM2	0.752
AIF1	TYROBP	0.943
AKT1	ALB	0.795
AKT1	ANXA5	0.821
AKT1	APOE	0.697
AKT1	APP	0.665
AKT1	ATF6	0.606
AKT1	ATG5	0.772
AKT1	ATG7	0.735
AKT1	BACE1	0.524
AKT1	BAX	0.761
AKT1	BCL2	0.993
AKT1	BCL2L1	0.991
AKT1	BDNF	0.835
AKT1	BECN1	0.918
AKT1	CALM3	0.802
AKT1	CALML3	0.719
AKT1	CALML4	0.713
AKT1	CALML5	0.719
AKT1	CALML6	0.713
AKT1	CASP1	0.617
AKT1	CASP3	0.945
AKT1	CASP8	0.79
AKT1	CASP9	0.989
AKT1	CAV1	0.937
AKT1	CCK	0.791
AKT1	CCL2	0.72
AKT1	CCL3	0.677
AKT1	CCL5	0.725
AKT1	CD163	0.458
AKT1	CD33	0.4
AKT1	CD36	0.596
AKT1	CD4	0.839
AKT1	CD68	0.537
AKT1	CD86	0.783
AKT1	CLU	0.419
AKT1	COX4I1	0.514
AKT1	CREB1	0.965
AKT1	CRP	0.53
AKT1	CSF1	0.584
AKT1	CSF1R	0.604
AKT1	CTNNB1	0.979
AKT1	CTSB	0.5
AKT1	CTSD	0.482
AKT1	CTSS	0.483
AKT1	CX3CR1	0.414
AKT1	CXCL8	0.72
AKT1	CYBB	0.994
AKT1	CYCS	0.812
AKT1	DDIT3	0.58
AKT1	DLG4	0.747
AKT1	DNM1L	0.639
AKT1	DNTT	0.634
AKT1	EGF	0.933
AKT1	EGFR	0.792
AKT1	EIF2AK3	0.546
AKT1	FOS	0.746
AKT1	FOXO1	0.999
AKT1	FOXO3	0.998
AKT1	FYN	0.834
AKT1	GAP43	0.424
AKT1	GAPDH	0.911
AKT1	GFAP	0.623
AKT1	GLP1R	0.67
AKT1	GPX2	0.635
AKT1	GPX3	0.635
AKT1	GPX4	0.445
AKT1	GPX5	0.635
AKT1	GPX6	0.635
AKT1	GPX7	0.644
AKT1	GPX8	0.644
AKT1	GRB2	0.907
AKT1	GRIA1	0.48
AKT1	GRIN2A	0.659
AKT1	GRIN2B	0.51
AKT1	GSK3B	0.996
AKT1	GSR	0.542
AKT1	HIF1A	0.932
AKT1	HMGB1	0.598
AKT1	HMGCR	0.643
AKT1	HMOX1	0.796
AKT1	HSP90AA1	0.999
AKT1	HSPA5	0.971
AKT1	HTT	0.664
AKT1	ICAM1	0.704
AKT1	IDE	0.436
AKT1	IFNG	0.817
AKT1	IGF1	0.935
AKT1	IL10	0.731
AKT1	IL18	0.581
AKT1	IL1A	0.666
AKT1	IL1B	0.864
AKT1	IL4	0.699
AKT1	IL6	0.872
AKT1	INS	0.953
AKT1	INSR	0.459
AKT1	IRS1	0.972
AKT1	ITGAM	0.611
AKT1	ITPR1	0.981
AKT1	JUN	0.991
AKT1	KEAP1	0.724
AKT1	LAMP1	0.587
AKT1	LEP	0.825
AKT1	LRP1	0.437
AKT1	MAOB	0.418
AKT1	MAP1A	0.611
AKT1	MAP1B	0.59
AKT1	MAP1LC3B	0.738
AKT1	MAP2	0.423
AKT1	MAPK14	0.99
AKT1	MAPK3	0.957
AKT1	MAPK8	0.706
AKT1	MAPT	0.872
AKT1	MBP	0.456
AKT1	MCL1	0.867
AKT1	MFN2	0.534
AKT1	MME	0.403
AKT1	MMP9	0.827
AKT1	MPO	0.546
AKT1	MRC1	0.482
AKT1	MTOR	0.999
AKT1	NFE2L2	0.923
AKT1	NFKB1	0.896
AKT1	NFKBIA	0.849
AKT1	NGF	0.818
AKT1	NGFR	0.601
AKT1	NLRP3	0.569
AKT1	NOS1	0.953
AKT1	NOS2	0.976
AKT1	NOS3	0.997
AKT1	NOX1	0.949
AKT1	NOX4	0.686
AKT1	NPY	0.447
AKT1	NQO1	0.706
AKT1	PARK7	0.656
AKT1	PINK1	0.677
AKT1	PPARA	0.7
AKT1	PPARG	0.79
AKT1	PPARGC1A	0.756
AKT1	PPP2CA	0.98
AKT1	PRKN	0.528
AKT1	PRNP	0.424
AKT1	PSEN1	0.521
AKT1	PTEN	0.988
AKT1	PTGS2	0.775
AKT1	PTPRC	0.676
AKT1	PXDN	0.876
AKT1	PXDNL	0.875
AKT1	RAB5A	0.641
AKT1	RBFOX3	0.549
AKT1	RELA	0.78
AKT1	RPS6KB1	0.982
AKT1	S100B	0.418
AKT1	SCARB1	0.613
AKT1	SCARB2	0.588
AKT1	SIGMAR1	0.626
AKT1	SIRT1	0.873
AKT1	SLC1A2	0.412
AKT1	SLC2A1	0.708
AKT1	SLC2A4	0.89
AKT1	SLC6A3	0.407
AKT1	SNCA	0.661
AKT1	SOD1	0.568
AKT1	SOD2	0.631
AKT1	SQSTM1	0.672
AKT1	SRC	0.995
AKT1	SREBF1	0.76
AKT1	STAT1	0.961
AKT1	STAT3	0.966
AKT1	SYN1	0.466
AKT1	SYP	0.511
AKT1	TFAM	0.57
AKT1	TFEB	0.582
AKT1	TGFB1	0.868
AKT1	TH	0.515
AKT1	TLR2	0.704
AKT1	TLR4	0.769
AKT1	TNF	0.907
AKT1	TP53	0.994
AKT1	TRAF6	0.954
AKT1	TYROBP	0.755
AKT1	UCP2	0.517
AKT1	VDAC1	0.54
AKT1	XDH	0.546
ALB	ANXA5	0.786
ALB	APOE	0.953
ALB	APP	0.901
ALB	ATF6	0.508
ALB	ATG5	0.543
ALB	ATG7	0.477
ALB	BACE1	0.454
ALB	BAX	0.446
ALB	BCHE	0.912
ALB	BCL2	0.748
ALB	BCL2L1	0.572
ALB	BDNF	0.684
ALB	BECN1	0.59
ALB	C3	0.959
ALB	CALB1	0.561
ALB	CALM3	0.789
ALB	CALML3	0.792
ALB	CALML4	0.791
ALB	CALML5	0.794
ALB	CALML6	0.789
ALB	CASP1	0.611
ALB	CASP3	0.815
ALB	CASP8	0.595
ALB	CASP9	0.634
ALB	CAV1	0.743
ALB	CCK	0.733
ALB	CCL2	0.739
ALB	CCL3	0.543
ALB	CCL5	0.598
ALB	CD163	0.597
ALB	CD33	0.418
ALB	CD36	0.64
ALB	CD4	0.817
ALB	CD68	0.727
ALB	CD86	0.736
ALB	CHAT	0.507
ALB	CLU	0.831
ALB	COX4I1	0.532
ALB	CREB1	0.608
ALB	CRP	0.928
ALB	CSF1	0.533
ALB	CSF1R	0.435
ALB	CTNNB1	0.709
ALB	CTSB	0.606
ALB	CTSD	0.547
ALB	CTSS	0.522
ALB	CX3CR1	0.461
ALB	CXCL8	0.782
ALB	CYBB	0.553
ALB	CYCS	0.986
ALB	DDIT3	0.46
ALB	DLG4	0.555
ALB	DNM1L	0.416
ALB	DNTT	0.736
ALB	EGF	0.889
ALB	EGFR	0.808
ALB	EIF2AK3	0.583
ALB	ERN1	0.452
ALB	FOS	0.621
ALB	FOXO1	0.511
ALB	FOXO3	0.452
ALB	FYN	0.442
ALB	GAP43	0.46
ALB	GAPDH	0.895
ALB	GFAP	0.771
ALB	GLP1R	0.765
ALB	GPX2	0.721
ALB	GPX3	0.716
ALB	GPX4	0.425
ALB	GPX5	0.713
ALB	GPX6	0.713
ALB	GPX7	0.71
ALB	GPX8	0.723
ALB	GRIA1	0.424
ALB	GRIN2B	0.436
ALB	GSK3B	0.674
ALB	GSR	0.589
ALB	HIF1A	0.642
ALB	HMGB1	0.553
ALB	HMGCR	0.734
ALB	HMOX1	0.683
ALB	HSP90AA1	0.584
ALB	HSPA5	0.687
ALB	HTT	0.447
ALB	ICAM1	0.709
ALB	IFNG	0.866
ALB	IGF1	0.83
ALB	IL10	0.847
ALB	IL18	0.63
ALB	IL1A	0.725
ALB	IL1B	0.836
ALB	IL4	0.725
ALB	IL6	0.926
ALB	INS	0.999
ALB	IRS1	0.542
ALB	ITGAM	0.727
ALB	JUN	0.697
ALB	KEAP1	0.532
ALB	LAMP1	0.65
ALB	LEP	0.805
ALB	LRP1	0.714
ALB	MAOB	0.434
ALB	MAP1A	0.487
ALB	MAP1B	0.449
ALB	MAP1LC3B	0.667
ALB	MAP2	0.613
ALB	MAPK14	0.472
ALB	MAPK3	0.697
ALB	MAPK8	0.526
ALB	MAPT	0.54
ALB	MBP	0.649
ALB	MCL1	0.446
ALB	MFN2	0.455
ALB	MME	0.529
ALB	MMP9	0.745
ALB	MPO	0.887
ALB	MRC1	0.721
ALB	MTOR	0.628
ALB	NEFL	0.534
ALB	NFE2L2	0.59
ALB	NFKB1	0.621
ALB	NFKBIA	0.624
ALB	NGF	0.763
ALB	NGFR	0.438
ALB	NLRP3	0.481
ALB	NOS1	0.484
ALB	NOS2	0.499
ALB	NOS3	0.624
ALB	NOX1	0.455
ALB	NOX4	0.551
ALB	NPY	0.53
ALB	NQO1	0.529
ALB	NTRK2	0.426
ALB	PARK7	0.597
ALB	PINK1	0.438
ALB	PON1	0.862
ALB	PPARA	0.751
ALB	PPARG	0.682
ALB	PPARGC1A	0.599
ALB	PRKACA	0.612
ALB	PRKACB	0.61
ALB	PRKACG	0.612
ALB	PRKCA	0.468
ALB	PRKN	0.48
ALB	PRNP	0.466
ALB	PSEN1	0.43
ALB	PTEN	0.607
ALB	PTGS2	0.772
ALB	PTPRC	0.773
ALB	PXDN	0.938
ALB	PXDNL	0.937
ALB	RAB5A	0.479
ALB	RBFOX3	0.728
ALB	RELA	0.474
ALB	RPS6KB1	0.592
ALB	RYR2	0.605
ALB	S100B	0.585
ALB	SCARB1	0.899
ALB	SCARB2	0.596
ALB	SIRT1	0.611
ALB	SLC17A7	0.496
ALB	SLC1A2	0.428
ALB	SLC2A1	0.63
ALB	SLC2A4	0.591
ALB	SLC6A3	0.4
ALB	SNAP25	0.41
ALB	SNCA	0.603
ALB	SOD1	0.623
ALB	SOD2	0.521
ALB	SQSTM1	0.52
ALB	SRC	0.655
ALB	SREBF1	0.541
ALB	STAT1	0.545
ALB	STAT3	0.694
ALB	SYN1	0.516
ALB	SYN2	0.413
ALB	SYN3	0.435
ALB	SYP	0.587
ALB	TFAM	0.444
ALB	TGFB1	0.784
ALB	TH	0.601
ALB	TLR2	0.733
ALB	TLR4	0.821
ALB	TNF	0.87
ALB	TP53	0.722
ALB	TRAF6	0.404
ALB	UCP2	0.443
ALB	VDAC1	0.512
ALB	XDH	0.605
ANXA5	APOE	0.437
ANXA5	APP	0.651
ANXA5	ATF6	0.551
ANXA5	ATG5	0.622
ANXA5	ATG7	0.562
ANXA5	BAX	0.649
ANXA5	BCL2	0.899
ANXA5	BCL2L1	0.796
ANXA5	BECN1	0.678
ANXA5	CASP1	0.62
ANXA5	CASP3	0.921
ANXA5	CASP8	0.842
ANXA5	CASP9	0.885
ANXA5	CAV1	0.446
ANXA5	CCK	0.891
ANXA5	CCL2	0.539
ANXA5	CCL5	0.402
ANXA5	CD33	0.422
ANXA5	CD36	0.424
ANXA5	CD4	0.807
ANXA5	CD68	0.499
ANXA5	CD86	0.643
ANXA5	COX4I1	0.583
ANXA5	CREB1	0.433
ANXA5	CSF1	0.498
ANXA5	CSF1R	0.452
ANXA5	CTNNB1	0.694
ANXA5	CTSB	0.515
ANXA5	CTSD	0.414
ANXA5	CTSS	0.449
ANXA5	CXCL8	0.522
ANXA5	CYBB	0.426
ANXA5	CYCS	0.841
ANXA5	DDIT3	0.572
ANXA5	DNTT	0.786
ANXA5	EGF	0.659
ANXA5	EGFR	0.745
ANXA5	EIF2AK3	0.652
ANXA5	ERN1	0.529
ANXA5	FOS	0.426
ANXA5	FOXO1	0.465
ANXA5	FOXO3	0.523
ANXA5	GAPDH	0.943
ANXA5	GFAP	0.624
ANXA5	GPX2	0.466
ANXA5	GPX3	0.48
ANXA5	GPX4	0.41
ANXA5	GPX5	0.475
ANXA5	GPX6	0.475
ANXA5	GPX7	0.483
ANXA5	GPX8	0.555
ANXA5	GSK3B	0.598
ANXA5	HIF1A	0.639
ANXA5	HMGB1	0.476
ANXA5	HMOX1	0.627
ANXA5	HSP90AA1	0.599
ANXA5	HSPA5	0.679
ANXA5	ICAM1	0.591
ANXA5	IFNG	0.716
ANXA5	IGF1	0.513
ANXA5	IL10	0.621
ANXA5	IL18	0.428
ANXA5	IL1A	0.461
ANXA5	IL1B	0.716
ANXA5	IL4	0.599
ANXA5	IL6	0.75
ANXA5	INS	0.645
ANXA5	ITGAM	0.796
ANXA5	JUN	0.63
ANXA5	KEAP1	0.469
ANXA5	LAMP1	0.602
ANXA5	MAP1A	0.541
ANXA5	MAP1B	0.487
ANXA5	MAP1LC3B	0.687
ANXA5	MAPK14	0.447
ANXA5	MAPK3	0.697
ANXA5	MAPK8	0.519
ANXA5	MAPT	0.642
ANXA5	MCL1	0.751
ANXA5	MMP9	0.662
ANXA5	MPO	0.426
ANXA5	MRC1	0.448
ANXA5	MTOR	0.609
ANXA5	NFE2L2	0.499
ANXA5	NFKB1	0.609
ANXA5	NFKBIA	0.631
ANXA5	NQO1	0.477
ANXA5	PPARG	0.507
ANXA5	PRNP	0.416
ANXA5	PTEN	0.661
ANXA5	PTGS2	0.532
ANXA5	PTPRC	0.781
ANXA5	PXDN	0.888
ANXA5	PXDNL	0.888
ANXA5	RELA	0.479
ANXA5	RPS6KB1	0.597
ANXA5	SCARB1	0.421
ANXA5	SCARB2	0.456
ANXA5	SIRT1	0.543
ANXA5	SOD1	0.846
ANXA5	SOD2	0.473
ANXA5	SQSTM1	0.54
ANXA5	SRC	0.736
ANXA5	STAT1	0.509
ANXA5	STAT3	0.73
ANXA5	TGFB1	0.624
ANXA5	TLR2	0.45
ANXA5	TLR4	0.582
ANXA5	TNF	0.758
ANXA5	TP53	0.818
ANXA5	VDAC1	0.481
APH1A	APOE	0.431
APH1A	APP	0.986
APH1A	BACE1	0.793
APH1A	BACE2	0.599
APH1A	CDK5	0.537
APH1A	CTSB	0.504
APH1A	IDE	0.484
APH1A	LAMP1	0.479
APH1A	MAPK3	0.45
APH1A	MAPT	0.608
APH1A	MME	0.634
APH1A	MMEL1	0.724
APH1A	NCSTN	0.999
APH1A	NGF	0.465
APH1A	NGFR	0.46
APH1A	PSEN1	0.999
APH1A	PSEN2	0.999
APH1A	PSENEN	0.999
APH1A	TNF	0.82
APH1A	TRAF6	0.403
APOE	APP	0.999
APOE	ATF6	0.525
APOE	BACE1	0.785
APOE	BACE2	0.489
APOE	BCHE	0.835
APOE	BCL2	0.491
APOE	BDNF	0.831
APOE	BIN1	0.908
APOE	C1QA	0.546
APOE	C3	0.732
APOE	CALM3	0.4
APOE	CASP1	0.517
APOE	CASP3	0.614
APOE	CAV1	0.801
APOE	CCL2	0.746
APOE	CCL3	0.692
APOE	CCL5	0.693
APOE	CD163	0.493
APOE	CD33	0.813
APOE	CD36	0.795
APOE	CD4	0.701
APOE	CD68	0.843
APOE	CDK5	0.631
APOE	CHAT	0.446
APOE	CHRNA4	0.569
APOE	CLU	0.999
APOE	CREB1	0.474
APOE	CRP	0.803
APOE	CSF1	0.495
APOE	CSF1R	0.584
APOE	CTNNB1	0.681
APOE	CTSB	0.699
APOE	CTSD	0.763
APOE	CTSS	0.531
APOE	CX3CR1	0.764
APOE	CXCL8	0.683
APOE	CYBB	0.594
APOE	CYCS	0.418
APOE	DLG4	0.49
APOE	EGF	0.447
APOE	EGFR	0.608
APOE	FOS	0.413
APOE	FOXO1	0.401
APOE	FOXO3	0.447
APOE	GAPDH	0.636
APOE	GFAP	0.644
APOE	GLP1R	0.433
APOE	GPX2	0.676
APOE	GPX3	0.715
APOE	GPX4	0.421
APOE	GPX5	0.664
APOE	GPX6	0.663
APOE	GPX7	0.664
APOE	GPX8	0.663
APOE	GRIN2B	0.418
APOE	GSK3B	0.703
APOE	HIF1A	0.485
APOE	HMGCR	0.806
APOE	HMOX1	0.572
APOE	HSPA5	0.493
APOE	HTT	0.472
APOE	ICAM1	0.789
APOE	IDE	0.667
APOE	IFNG	0.838
APOE	IGF1	0.579
APOE	IL10	0.734
APOE	IL18	0.549
APOE	IL1A	0.602
APOE	IL1B	0.846
APOE	IL4	0.542
APOE	IL6	0.835
APOE	INS	0.92
APOE	IRS1	0.486
APOE	ITGAM	0.699
APOE	JUN	0.545
APOE	LAMP1	0.453
APOE	LDLR	0.839
APOE	LEP	0.715
APOE	LRP1	0.999
APOE	MAOB	0.468
APOE	MAPK14	0.541
APOE	MAPK3	0.506
APOE	MAPT	0.991
APOE	MME	0.543
APOE	MMEL1	0.621
APOE	MMP9	0.769
APOE	MPO	0.63
APOE	MRC1	0.533
APOE	MS4A4A	0.526
APOE	MS4A4E	0.575
APOE	MS4A6A	0.616
APOE	MS4A6E	0.512
APOE	MTOR	0.447
APOE	NCSTN	0.641
APOE	NEFL	0.613
APOE	NFE2L2	0.49
APOE	NFKB1	0.554
APOE	NFKBIA	0.478
APOE	NGF	0.609
APOE	NLRP3	0.505
APOE	NOS1	0.586
APOE	NOS2	0.42
APOE	NOS3	0.777
APOE	NOX1	0.501
APOE	NOX4	0.562
APOE	NRGN	0.479
APOE	PARK7	0.431
APOE	PICALM	0.773
APOE	PINK1	0.472
APOE	PON1	0.977
APOE	PPARA	0.632
APOE	PPARG	0.74
APOE	PPARGC1A	0.522
APOE	PRKACA	0.618
APOE	PRKACB	0.617
APOE	PRKACG	0.617
APOE	PRKN	0.617
APOE	PRNP	0.717
APOE	PSEN1	0.956
APOE	PSEN2	0.961
APOE	PSENEN	0.704
APOE	PTEN	0.528
APOE	PTGS2	0.521
APOE	PTPRC	0.58
APOE	PXDN	0.611
APOE	PXDNL	0.608
APOE	RBFOX3	0.426
APOE	S100B	0.527
APOE	SCARB1	0.968
APOE	SCARB2	0.797
APOE	SIRT1	0.584
APOE	SLC1A2	0.42
APOE	SLC2A4	0.44
APOE	SLC6A3	0.451
APOE	SNAP25	0.413
APOE	SNCA	0.996
APOE	SOD1	0.536
APOE	SOD2	0.448
APOE	SORL1	0.997
APOE	SQSTM1	0.598
APOE	SRC	0.592
APOE	SREBF1	0.721
APOE	STAT1	0.733
APOE	STAT3	0.487
APOE	SYP	0.493
APOE	TGFB1	0.694
APOE	TLR2	0.543
APOE	TLR4	0.777
APOE	TMEM119	0.691
APOE	TNF	0.806
APOE	TP53	0.678
APOE	TREM2	0.997
APOE	TYROBP	0.652
APOE	UCP2	0.404
APOE	VDAC1	0.761
APOE	XDH	0.539
APP	ATG5	0.475
APP	ATG7	0.453
APP	BACE1	0.999
APP	BACE2	0.847
APP	BCHE	0.727
APP	BCL2	0.594
APP	BDNF	0.858
APP	BECN1	0.511
APP	BIN1	0.834
APP	C3	0.887
APP	CALB1	0.442
APP	CALM3	0.52
APP	CALML3	0.486
APP	CALML4	0.491
APP	CALML5	0.488
APP	CALML6	0.486
APP	CAMK2A	0.551
APP	CASP1	0.502
APP	CASP3	0.908
APP	CASP8	0.431
APP	CASP9	0.43
APP	CAV1	0.725
APP	CCL2	0.506
APP	CD33	0.643
APP	CD36	0.635
APP	CD4	0.487
APP	CD68	0.533
APP	CDK5	0.868
APP	CHAT	0.619
APP	CHRNA7	0.716
APP	CLU	0.998
APP	CREB1	0.713
APP	CRP	0.68
APP	CSF1R	0.413
APP	CTNNB1	0.814
APP	CTSB	0.902
APP	CTSD	0.735
APP	CTSS	0.448
APP	CX3CR1	0.457
APP	CXCL8	0.634
APP	CYCS	0.709
APP	DLG4	0.829
APP	DNM1L	0.478
APP	EGF	0.641
APP	EGFR	0.889
APP	FOS	0.543
APP	FOXO3	0.836
APP	FYN	0.78
APP	GAP43	0.647
APP	GAPDH	0.98
APP	GFAP	0.772
APP	GPX2	0.449
APP	GPX3	0.449
APP	GPX5	0.449
APP	GPX6	0.449
APP	GPX7	0.45
APP	GPX8	0.45
APP	GRB2	0.945
APP	GRIA1	0.587
APP	GRIN1	0.776
APP	GRIN2A	0.848
APP	GRIN2B	0.872
APP	GSK3B	0.897
APP	HIF1A	0.483
APP	HMGB1	0.583
APP	HMGCR	0.431
APP	HMOX1	0.512
APP	HSP90AA1	0.63
APP	HSPA5	0.563
APP	HTT	0.826
APP	ICAM1	0.595
APP	IDE	0.995
APP	IFNG	0.55
APP	IGF1	0.548
APP	IL10	0.561
APP	IL18	0.416
APP	IL1A	0.507
APP	IL1B	0.828
APP	IL4	0.452
APP	IL6	0.68
APP	INS	0.799
APP	IRS1	0.47
APP	ITGAM	0.6
APP	JUN	0.79
APP	KEAP1	0.463
APP	LAMP1	0.558
APP	LDLR	0.58
APP	LEP	0.416
APP	LRP1	0.983
APP	MAOB	0.589
APP	MAP1B	0.657
APP	MAP1LC3B	0.58
APP	MAP2	0.592
APP	MAPK3	0.753
APP	MAPK8	0.718
APP	MAPT	0.995
APP	MARK4	0.54
APP	MBP	0.744
APP	MFN2	0.463
APP	MME	0.857
APP	MMEL1	0.891
APP	MMP9	0.644
APP	MS4A4E	0.43
APP	MS4A6A	0.481
APP	MS4A6E	0.418
APP	MTOR	0.491
APP	NCSTN	0.998
APP	NEFL	0.861
APP	NFE2L2	0.546
APP	NFKB1	0.87
APP	NFKBIA	0.417
APP	NGF	0.85
APP	NGFR	0.959
APP	NOS1	0.501
APP	NOS3	0.677
APP	NRGN	0.613
APP	NTRK2	0.602
APP	PARK7	0.731
APP	PICALM	0.82
APP	PIN1	0.478
APP	PINK1	0.633
APP	PON1	0.782
APP	PPARG	0.548
APP	PPARGC1A	0.493
APP	PRKACA	0.48
APP	PRKACB	0.47
APP	PRKACG	0.468
APP	PRKN	0.856
APP	PRNP	0.998
APP	PSEN1	0.999
APP	PSEN2	0.969
APP	PSENEN	0.986
APP	PTEN	0.592
APP	PTGS2	0.642
APP	PTPRC	0.406
APP	PXDN	0.669
APP	PXDNL	0.658
APP	RAB5A	0.56
APP	RBFOX3	0.67
APP	RELA	0.552
APP	RPS6KB1	0.446
APP	S100B	0.748
APP	SCARB1	0.641
APP	SCARB2	0.647
APP	SIGMAR1	0.533
APP	SIRT1	0.572
APP	SLC17A7	0.433
APP	SLC1A2	0.632
APP	SLC6A3	0.479
APP	SNAP25	0.564
APP	SNCA	0.993
APP	SOD1	0.802
APP	SORL1	0.999
APP	SQSTM1	0.522
APP	SRC	0.864
APP	STAT1	0.483
APP	STAT3	0.753
APP	SYN1	0.773
APP	SYN2	0.489
APP	SYN3	0.453
APP	SYP	0.918
APP	SYT1	0.478
APP	TFEB	0.447
APP	TGFB1	0.895
APP	TH	0.506
APP	TLR2	0.578
APP	TLR4	0.67
APP	TMEM119	0.41
APP	TNF	0.799
APP	TP53	0.714
APP	TRAF6	0.52
APP	TREM2	0.901
APP	TYROBP	0.507
APP	VDAC1	0.659
APP	VPS35	0.533
ATF6	ATG5	0.653
ATF6	ATG7	0.563
ATF6	BAX	0.447
ATF6	BCL2	0.716
ATF6	BCL2L1	0.504
ATF6	BECN1	0.645
ATF6	CASP1	0.467
ATF6	CASP3	0.737
ATF6	CASP8	0.524
ATF6	CASP9	0.627
ATF6	CCK	0.401
ATF6	CREB1	0.701
ATF6	CYCS	0.614
ATF6	DDIT3	0.989
ATF6	EIF2AK3	0.978
ATF6	ERN1	0.976
ATF6	FOS	0.573
ATF6	FOXO1	0.426
ATF6	FOXO3	0.411
ATF6	GAPDH	0.63
ATF6	GSK3B	0.457
ATF6	HIF1A	0.438
ATF6	HMOX1	0.449
ATF6	HSP90AA1	0.551
ATF6	HSPA5	0.999
ATF6	IL1B	0.519
ATF6	IL6	0.678
ATF6	INS	0.598
ATF6	IRS1	0.427
ATF6	ITPR1	0.541
ATF6	JUN	0.672
ATF6	KEAP1	0.443
ATF6	MAP1LC3B	0.556
ATF6	MAPK14	0.513
ATF6	MAPK3	0.4
ATF6	MAPK8	0.514
ATF6	MCL1	0.458
ATF6	MFN2	0.41
ATF6	MTOR	0.523
ATF6	NFE2L2	0.541
ATF6	NFKB1	0.63
ATF6	PINK1	0.409
ATF6	PPARA	0.442
ATF6	PPARG	0.431
ATF6	PPARGC1A	0.786
ATF6	PSEN1	0.496
ATF6	PXDN	0.579
ATF6	PXDNL	0.579
ATF6	RPS6KB1	0.425
ATF6	SIGMAR1	0.473
ATF6	SIRT1	0.467
ATF6	SOD1	0.423
ATF6	SOD2	0.473
ATF6	SQSTM1	0.471
ATF6	SREBF1	0.566
ATF6	STAT3	0.449
ATF6	TFAM	0.585
ATF6	TLR4	0.409
ATF6	TNF	0.523
ATF6	TP53	0.51
ATG5	ATG7	0.999
ATG5	BAX	0.426
ATG5	BCL2	0.845
ATG5	BCL2L1	0.992
ATG5	BECN1	0.986
ATG5	CALM3	0.403
ATG5	CALML3	0.403
ATG5	CALML5	0.403
ATG5	CASP1	0.805
ATG5	CASP3	0.787
ATG5	CASP8	0.975
ATG5	CASP9	0.668
ATG5	CAV1	0.686
ATG5	CCK	0.542
ATG5	CD4	0.448
ATG5	COX4I1	0.425
ATG5	CREB1	0.56
ATG5	CTNNB1	0.434
ATG5	CTSB	0.601
ATG5	CTSD	0.622
ATG5	CTSS	0.529
ATG5	CYBB	0.463
ATG5	CYCS	0.82
ATG5	DDIT3	0.476
ATG5	DNM1L	0.553
ATG5	EGFR	0.495
ATG5	EIF2AK3	0.562
ATG5	ERN1	0.601
ATG5	FOXO1	0.593
ATG5	FOXO3	0.664
ATG5	GAPDH	0.795
ATG5	GSK3B	0.461
ATG5	HIF1A	0.595
ATG5	HMGB1	0.498
ATG5	HMOX1	0.475
ATG5	HSP90AA1	0.511
ATG5	HSPA5	0.627
ATG5	HTT	0.725
ATG5	IFNG	0.481
ATG5	IL18	0.476
ATG5	IL1B	0.598
ATG5	IL6	0.531
ATG5	INS	0.517
ATG5	ITPR1	0.627
ATG5	JUN	0.482
ATG5	KEAP1	0.621
ATG5	LAMP1	0.793
ATG5	MAP1A	0.904
ATG5	MAP1B	0.867
ATG5	MAP1LC3B	0.987
ATG5	MAPK3	0.508
ATG5	MAPK8	0.549
ATG5	MCL1	0.55
ATG5	MFN2	0.886
ATG5	MTOR	0.83
ATG5	NFE2L2	0.519
ATG5	NFKB1	0.453
ATG5	NLRP3	0.683
ATG5	PINK1	0.776
ATG5	PPARGC1A	0.52
ATG5	PRKAA1	0.414
ATG5	PRKN	0.717
ATG5	PSEN1	0.439
ATG5	PTEN	0.582
ATG5	PXDN	0.627
ATG5	PXDNL	0.624
ATG5	RAB5A	0.626
ATG5	RPS6KB1	0.705
ATG5	SIRT1	0.993
ATG5	SNCA	0.639
ATG5	SOD1	0.437
ATG5	SQSTM1	0.991
ATG5	SRC	0.402
ATG5	STAT1	0.549
ATG5	STAT3	0.604
ATG5	TFAM	0.456
ATG5	TFEB	0.762
ATG5	TLR4	0.456
ATG5	TNF	0.548
ATG5	TP53	0.764
ATG5	TRAF6	0.555
ATG5	VDAC1	0.764
ATG5	VPS35	0.437
ATG7	BCL2	0.807
ATG7	BCL2L1	0.734
ATG7	BECN1	0.983
ATG7	CAMK2A	0.453
ATG7	CASP1	0.494
ATG7	CASP3	0.807
ATG7	CASP8	0.711
ATG7	CASP9	0.688
ATG7	CCK	0.478
ATG7	COX4I1	0.406
ATG7	CTNNB1	0.457
ATG7	CTSB	0.573
ATG7	CTSD	0.595
ATG7	CTSS	0.519
ATG7	CYBB	0.428
ATG7	CYCS	0.595
ATG7	DDIT3	0.428
ATG7	DNM1L	0.55
ATG7	EGFR	0.433
ATG7	EIF2AK3	0.474
ATG7	ERN1	0.571
ATG7	FOXO1	0.998
ATG7	FOXO3	0.79
ATG7	GAPDH	0.711
ATG7	GSK3B	0.455
ATG7	HIF1A	0.535
ATG7	HMGB1	0.403
ATG7	HMOX1	0.465
ATG7	HSP90AA1	0.48
ATG7	HSPA5	0.576
ATG7	HTT	0.556
ATG7	IFNG	0.4
ATG7	IL1B	0.663
ATG7	IL6	0.472
ATG7	INS	0.541
ATG7	JUN	0.614
ATG7	KEAP1	0.708
ATG7	LAMP1	0.738
ATG7	MAP1A	0.866
ATG7	MAP1B	0.784
ATG7	MAP1LC3B	0.998
ATG7	MAPK3	0.485
ATG7	MAPK8	0.467
ATG7	MCL1	0.487
ATG7	MFN2	0.599
ATG7	MTOR	0.772
ATG7	NFE2L2	0.582
ATG7	NFKB1	0.41
ATG7	NLRP3	0.656
ATG7	PINK1	0.78
ATG7	PPARA	0.42
ATG7	PPARG	0.421
ATG7	PPARGC1A	0.547
ATG7	PRKAA1	0.401
ATG7	PRKN	0.733
ATG7	PSEN1	0.471
ATG7	PTEN	0.575
ATG7	PXDN	0.566
ATG7	PXDNL	0.562
ATG7	RAB5A	0.553
ATG7	RPS6KB1	0.639
ATG7	SIRT1	0.993
ATG7	SNCA	0.551
ATG7	SOD1	0.448
ATG7	SQSTM1	0.938
ATG7	SRC	0.678
ATG7	STAT3	0.48
ATG7	TFAM	0.41
ATG7	TFEB	0.758
ATG7	TLR4	0.478
ATG7	TNF	0.512
ATG7	TP53	0.907
ATG7	TRAF6	0.467
ATG7	VDAC1	0.49
ATG7	VPS35	0.509
ATP5F1A	BACE1	0.403
ATP5F1A	COX4I1	0.922
ATP5F1A	CTNNB1	0.441
ATP5F1A	CYCS	0.635
ATP5F1A	GAPDH	0.785
ATP5F1A	GSR	0.569
ATP5F1A	HSP90AA1	0.645
ATP5F1A	HSPA5	0.63
ATP5F1A	MFN2	0.409
ATP5F1A	MTOR	0.433
ATP5F1A	NDUFS1	0.961
ATP5F1A	PARK7	0.457
ATP5F1A	PPARGC1A	0.437
ATP5F1A	RPS6KB1	0.509
ATP5F1A	SOD1	0.53
ATP5F1A	SOD2	0.603
ATP5F1A	TFAM	0.525
ATP5F1A	VDAC1	0.889
BACE1	BACE2	0.909
BACE1	BCHE	0.741
BACE1	BCL2	0.67
BACE1	BCL2L1	0.47
BACE1	BDNF	0.638
BACE1	BECN1	0.4
BACE1	BIN1	0.514
BACE1	CALM3	0.636
BACE1	CASP3	0.67
BACE1	CDK5	0.876
BACE1	CDK5R1	0.646
BACE1	CHAT	0.447
BACE1	CLU	0.538
BACE1	CREB1	0.541
BACE1	CTNNB1	0.505
BACE1	CTSB	0.771
BACE1	CTSS	0.594
BACE1	CYCS	0.419
BACE1	DLG4	0.618
BACE1	FYN	0.438
BACE1	GAP43	0.608
BACE1	GAPDH	0.516
BACE1	GFAP	0.566
BACE1	GRIA1	0.413
BACE1	GRIN2B	0.418
BACE1	GSK3B	0.677
BACE1	HMGCR	0.629
BACE1	HMOX1	0.4
BACE1	HSPA5	0.597
BACE1	HTT	0.579
BACE1	IDE	0.793
BACE1	IL1B	0.559
BACE1	IL6	0.503
BACE1	INS	0.513
BACE1	JUN	0.448
BACE1	LAMP1	0.427
BACE1	LRP1	0.774
BACE1	MAOB	0.541
BACE1	MAP2	0.473
BACE1	MAPK14	0.551
BACE1	MAPK3	0.406
BACE1	MAPT	0.77
BACE1	MME	0.79
BACE1	MMEL1	0.861
BACE1	NCSTN	0.878
BACE1	NEFL	0.489
BACE1	NFE2L2	0.433
BACE1	NFKB1	0.497
BACE1	NGF	0.485
BACE1	NGFR	0.482
BACE1	NRGN	0.447
BACE1	NTRK2	0.446
BACE1	PICALM	0.506
BACE1	PINK1	0.414
BACE1	PPARG	0.493
BACE1	PRNP	0.744
BACE1	PSEN1	0.972
BACE1	PSEN2	0.853
BACE1	PSENEN	0.875
BACE1	PTGS2	0.446
BACE1	PTPRC	0.452
BACE1	PXDN	0.514
BACE1	PXDNL	0.481
BACE1	RAB5A	0.466
BACE1	RBFOX3	0.427
BACE1	SIRT1	0.553
BACE1	SNAP25	0.48
BACE1	SNCA	0.657
BACE1	SOD1	0.706
BACE1	SORL1	0.737
BACE1	SYN1	0.656
BACE1	SYN2	0.591
BACE1	SYN3	0.548
BACE1	SYP	0.786
BACE1	TNF	0.532
BACE1	TREM2	0.573
BACE1	VPS35	0.606
BACE2	CD4	0.417
BACE2	CDK5	0.501
BACE2	CDK5R1	0.468
BACE2	CTSB	0.455
BACE2	CTSS	0.41
BACE2	FYN	0.919
BACE2	IDE	0.483
BACE2	INS	0.483
BACE2	LRP1	0.497
BACE2	MAPT	0.416
BACE2	MMEL1	0.474
BACE2	NCSTN	0.634
BACE2	PSEN1	0.771
BACE2	PSEN2	0.608
BACE2	PSENEN	0.588
BACE2	SORL1	0.441
BACE2	SYP	0.522
BAX	BCL2	0.999
BAX	BCL2L1	0.999
BAX	BDNF	0.464
BAX	BECN1	0.726
BAX	CASP1	0.469
BAX	CASP3	0.884
BAX	CASP8	0.853
BAX	CASP9	0.856
BAX	CCK	0.48
BAX	CLU	0.886
BAX	CTNNB1	0.411
BAX	CYCS	0.993
BAX	DDIT3	0.555
BAX	DNM1L	0.676
BAX	DNTT	0.583
BAX	EGFR	0.418
BAX	EIF2AK3	0.443
BAX	ERN1	0.815
BAX	GAPDH	0.735
BAX	GPX2	0.518
BAX	GPX3	0.514
BAX	GPX5	0.528
BAX	GPX6	0.523
BAX	GPX7	0.526
BAX	GPX8	0.523
BAX	GSK3B	0.576
BAX	HIF1A	0.447
BAX	HMOX1	0.729
BAX	HSPA5	0.479
BAX	IL1B	0.55
BAX	IL6	0.515
BAX	JUN	0.56
BAX	KEAP1	0.403
BAX	MAP1A	0.443
BAX	MAP1LC3B	0.408
BAX	MAPK3	0.515
BAX	MAPK8	0.58
BAX	MCL1	0.999
BAX	MFN2	0.431
BAX	MMP9	0.448
BAX	MTOR	0.534
BAX	NFE2L2	0.549
BAX	NQO1	0.409
BAX	PARK7	0.415
BAX	PRKACA	0.924
BAX	PRKACB	0.923
BAX	PRKACG	0.923
BAX	PRKN	0.94
BAX	PTEN	0.442
BAX	PTGS2	0.664
BAX	PXDN	0.581
BAX	PXDNL	0.578
BAX	SIRT1	0.942
BAX	SNCA	0.513
BAX	STAT3	0.47
BAX	TGFB1	0.44
BAX	TNF	0.503
BAX	TP53	0.994
BAX	VDAC1	0.983
BCHE	BDNF	0.559
BCHE	CASP3	0.413
BCHE	CHAT	0.871
BCHE	CHRM1	0.43
BCHE	CLU	0.523
BCHE	CRP	0.739
BCHE	CTSD	0.435
BCHE	GPX2	0.469
BCHE	GPX3	0.481
BCHE	GPX5	0.481
BCHE	GPX6	0.481
BCHE	GPX7	0.5
BCHE	GPX8	0.508
BCHE	GSK3B	0.443
BCHE	IDE	0.46
BCHE	IGF1	0.577
BCHE	IL1B	0.461
BCHE	IL6	0.657
BCHE	INS	0.514
BCHE	MAOB	0.809
BCHE	MAP2	0.513
BCHE	MAPT	0.712
BCHE	MPO	0.545
BCHE	NGF	0.454
BCHE	PON1	0.799
BCHE	PSEN1	0.612
BCHE	PSEN2	0.519
BCHE	PTGS2	0.411
BCHE	SLC18A3	0.659
BCHE	SLC5A7	0.463
BCHE	SLC6A3	0.475
BCHE	SNCA	0.594
BCHE	TNF	0.45
BCHE	XDH	0.616
BCL2	BCL2L1	0.999
BCL2	BDNF	0.793
BCL2	BECN1	0.999
BCL2	CALM3	0.677
BCL2	CALML3	0.505
BCL2	CALML4	0.526
BCL2	CALML5	0.505
BCL2	CALML6	0.505
BCL2	CASP1	0.817
BCL2	CASP3	0.987
BCL2	CASP8	0.984
BCL2	CASP9	0.946
BCL2	CAV1	0.478
BCL2	CCK	0.833
BCL2	CCL2	0.607
BCL2	CCL3	0.753
BCL2	CCL5	0.46
BCL2	CD163	0.41
BCL2	CD33	0.488
BCL2	CD36	0.417
BCL2	CD4	0.837
BCL2	CD68	0.661
BCL2	CD86	0.497
BCL2	CDK5	0.452
BCL2	CLU	0.432
BCL2	COX4I1	0.639
BCL2	CREB1	0.925
BCL2	CRP	0.431
BCL2	CSF1	0.402
BCL2	CTNNB1	0.781
BCL2	CTSB	0.947
BCL2	CTSD	0.949
BCL2	CTSS	0.946
BCL2	CXCL8	0.621
BCL2	CYBB	0.706
BCL2	CYCS	0.997
BCL2	DDIT3	0.972
BCL2	DLG4	0.403
BCL2	DNM1L	0.631
BCL2	DNTT	0.827
BCL2	EGF	0.684
BCL2	EGFR	0.839
BCL2	EIF2AK3	0.729
BCL2	ERN1	0.781
BCL2	FOS	0.784
BCL2	FOXO1	0.7
BCL2	FOXO3	0.73
BCL2	FYN	0.428
BCL2	GAPDH	0.876
BCL2	GFAP	0.538
BCL2	GPX2	0.73
BCL2	GPX3	0.725
BCL2	GPX4	0.464
BCL2	GPX5	0.726
BCL2	GPX6	0.726
BCL2	GPX7	0.731
BCL2	GPX8	0.734
BCL2	GRB2	0.643
BCL2	GSK3B	0.731
BCL2	GSR	0.549
BCL2	HIF1A	0.946
BCL2	HMGB1	0.602
BCL2	HMGCR	0.419
BCL2	HMOX1	0.856
BCL2	HSP90AA1	0.929
BCL2	HSPA5	0.738
BCL2	HTT	0.441
BCL2	ICAM1	0.618
BCL2	IFNG	0.795
BCL2	IGF1	0.765
BCL2	IL10	0.718
BCL2	IL18	0.552
BCL2	IL1A	0.625
BCL2	IL1B	0.808
BCL2	IL4	0.607
BCL2	IL6	0.868
BCL2	INS	0.721
BCL2	INSR	0.533
BCL2	IRS1	0.785
BCL2	ITGAM	0.524
BCL2	ITPR1	0.996
BCL2	JUN	0.927
BCL2	KEAP1	0.92
BCL2	LAMP1	0.434
BCL2	LEP	0.617
BCL2	MAOB	0.455
BCL2	MAP1A	0.623
BCL2	MAP1B	0.588
BCL2	MAP1LC3B	0.73
BCL2	MAPK14	0.701
BCL2	MAPK3	0.985
BCL2	MAPK8	0.979
BCL2	MAPT	0.413
BCL2	MCL1	0.764
BCL2	MFN2	0.948
BCL2	MME	0.793
BCL2	MMP9	0.804
BCL2	MPO	0.583
BCL2	MTOR	0.765
BCL2	NFE2L2	0.687
BCL2	NFKB1	0.818
BCL2	NFKBIA	0.73
BCL2	NGF	0.623
BCL2	NGFR	0.612
BCL2	NLRP3	0.516
BCL2	NOS1	0.616
BCL2	NOS2	0.466
BCL2	NOS3	0.579
BCL2	NOX1	0.442
BCL2	NOX4	0.574
BCL2	NQO1	0.611
BCL2	NTRK2	0.52
BCL2	PARK7	0.415
BCL2	PINK1	0.636
BCL2	PPARA	0.649
BCL2	PPARG	0.649
BCL2	PPARGC1A	0.744
BCL2	PPP2CA	0.962
BCL2	PRKACA	0.706
BCL2	PRKACB	0.707
BCL2	PRKACG	0.7
BCL2	PRKCA	0.695
BCL2	PRKN	0.705
BCL2	PRNP	0.69
BCL2	PSEN1	0.804
BCL2	PSEN2	0.499
BCL2	PTEN	0.815
BCL2	PTGS2	0.745
BCL2	PTPRC	0.662
BCL2	PXDN	0.844
BCL2	PXDNL	0.844
BCL2	RBFOX3	0.524
BCL2	RELA	0.898
BCL2	RPS6KB1	0.679
BCL2	SCARB1	0.42
BCL2	SIGMAR1	0.603
BCL2	SIRT1	0.744
BCL2	SLC2A1	0.512
BCL2	SLC2A4	0.429
BCL2	SNCA	0.527
BCL2	SOD1	0.998
BCL2	SOD2	0.633
BCL2	SQSTM1	0.812
BCL2	SRC	0.86
BCL2	SREBF1	0.429
BCL2	STAT1	0.611
BCL2	STAT3	0.959
BCL2	SYP	0.522
BCL2	TFAM	0.639
BCL2	TFEB	0.428
BCL2	TGFB1	0.689
BCL2	TH	0.504
BCL2	TLR2	0.632
BCL2	TLR4	0.724
BCL2	TNF	0.885
BCL2	TP53	0.999
BCL2	TRAF6	0.695
BCL2	UCP2	0.478
BCL2	VDAC1	0.998
BCL2	XDH	0.494
BCL2L1	BDNF	0.512
BCL2L1	BECN1	0.999
BCL2L1	CALM3	0.429
BCL2L1	CALML3	0.412
BCL2L1	CALML4	0.414
BCL2L1	CALML5	0.412
BCL2L1	CALML6	0.414
BCL2L1	CASP1	0.728
BCL2L1	CASP3	0.95
BCL2L1	CASP8	0.933
BCL2L1	CASP9	0.992
BCL2L1	CAV1	0.491
BCL2L1	CCK	0.507
BCL2L1	CCL2	0.457
BCL2L1	CD4	0.746
BCL2L1	CD86	0.433
BCL2L1	CLU	0.745
BCL2L1	COX4I1	0.555
BCL2L1	CREB1	0.525
BCL2L1	CTNNB1	0.766
BCL2L1	CTSB	0.938
BCL2L1	CTSD	0.934
BCL2L1	CTSS	0.936
BCL2L1	CXCL8	0.507
BCL2L1	CYCS	0.998
BCL2L1	DDIT3	0.52
BCL2L1	DNM1L	0.919
BCL2L1	DNTT	0.613
BCL2L1	EGF	0.592
BCL2L1	EGFR	0.847
BCL2L1	EIF2AK3	0.587
BCL2L1	ERN1	0.522
BCL2L1	FOS	0.681
BCL2L1	FOXO1	0.519
BCL2L1	FOXO3	0.629
BCL2L1	GAPDH	0.752
BCL2L1	GPX2	0.481
BCL2L1	GPX3	0.475
BCL2L1	GPX5	0.479
BCL2L1	GPX6	0.477
BCL2L1	GPX7	0.499
BCL2L1	GPX8	0.498
BCL2L1	GRB2	0.412
BCL2L1	GSK3B	0.828
BCL2L1	HIF1A	0.674
BCL2L1	HMOX1	0.594
BCL2L1	HSP90AA1	0.727
BCL2L1	HSPA5	0.571
BCL2L1	ICAM1	0.482
BCL2L1	IFNG	0.609
BCL2L1	IGF1	0.704
BCL2L1	IL10	0.581
BCL2L1	IL18	0.406
BCL2L1	IL1A	0.556
BCL2L1	IL1B	0.764
BCL2L1	IL4	0.513
BCL2L1	IL6	0.809
BCL2L1	INS	0.544
BCL2L1	IRS1	0.53
BCL2L1	ITPR1	0.856
BCL2L1	JUN	0.706
BCL2L1	KEAP1	0.671
BCL2L1	MAP1A	0.419
BCL2L1	MAP1LC3B	0.557
BCL2L1	MAPK14	0.762
BCL2L1	MAPK3	0.701
BCL2L1	MAPK8	0.986
BCL2L1	MCL1	0.989
BCL2L1	MFN2	0.959
BCL2L1	MMP9	0.649
BCL2L1	MTOR	0.813
BCL2L1	NFE2L2	0.484
BCL2L1	NFKB1	0.67
BCL2L1	NFKBIA	0.772
BCL2L1	NGF	0.445
BCL2L1	NQO1	0.412
BCL2L1	PARK7	0.97
BCL2L1	PINK1	0.986
BCL2L1	PPARG	0.505
BCL2L1	PRKACA	0.408
BCL2L1	PRKCA	0.418
BCL2L1	PRKN	0.777
BCL2L1	PSEN1	0.624
BCL2L1	PTEN	0.669
BCL2L1	PTGS2	0.627
BCL2L1	PTPRC	0.491
BCL2L1	PXDN	0.688
BCL2L1	PXDNL	0.684
BCL2L1	RELA	0.773
BCL2L1	RPS6KB1	0.594
BCL2L1	SIRT1	0.548
BCL2L1	SLC2A1	0.435
BCL2L1	SNCA	0.706
BCL2L1	SOD2	0.679
BCL2L1	SQSTM1	0.485
BCL2L1	SRC	0.673
BCL2L1	STAT1	0.61
BCL2L1	STAT3	0.949
BCL2L1	TFAM	0.571
BCL2L1	TGFB1	0.521
BCL2L1	TLR2	0.585
BCL2L1	TLR4	0.455
BCL2L1	TNF	0.878
BCL2L1	TP53	0.999
BCL2L1	TRAF6	0.423
BCL2L1	VDAC1	0.998
BCL2L1	VPS35	0.464
BDNF	CACNA1C	0.448
BDNF	CALB1	0.616
BDNF	CALM3	0.746
BDNF	CALML3	0.748
BDNF	CALML4	0.814
BDNF	CALML5	0.748
BDNF	CALML6	0.748
BDNF	CAMK2A	0.647
BDNF	CASP1	0.457
BDNF	CASP3	0.72
BDNF	CASP9	0.435
BDNF	CAV1	0.432
BDNF	CCK	0.504
BDNF	CCL2	0.597
BDNF	CCL3	0.432
BDNF	CCL5	0.448
BDNF	CD4	0.446
BDNF	CD68	0.434
BDNF	CDK5	0.847
BDNF	CDK5R1	0.606
BDNF	CHAT	0.697
BDNF	CLU	0.612
BDNF	CREB1	0.956
BDNF	CRP	0.72
BDNF	CSF1R	0.76
BDNF	CTNNB1	0.556
BDNF	CX3CR1	0.517
BDNF	CXCL8	0.713
BDNF	CYCS	0.593
BDNF	DLG4	0.786
BDNF	DNTT	0.471
BDNF	EGF	0.798
BDNF	EGFR	0.877
BDNF	EIF2AK3	0.479
BDNF	FOS	0.748
BDNF	FYN	0.828
BDNF	GAP43	0.748
BDNF	GAPDH	0.709
BDNF	GFAP	0.804
BDNF	GLP1R	0.428
BDNF	GPX2	0.522
BDNF	GPX3	0.525
BDNF	GPX5	0.532
BDNF	GPX6	0.531
BDNF	GPX7	0.53
BDNF	GPX8	0.551
BDNF	GRB2	0.779
BDNF	GRIA1	0.828
BDNF	GRIN1	0.745
BDNF	GRIN2A	0.819
BDNF	GRIN2B	0.931
BDNF	GSK3B	0.672
BDNF	GSR	0.418
BDNF	HIF1A	0.521
BDNF	HMGB1	0.423
BDNF	HMOX1	0.627
BDNF	HTT	0.823
BDNF	ICAM1	0.621
BDNF	IDE	0.448
BDNF	IFNG	0.604
BDNF	IGF1	0.859
BDNF	IL10	0.695
BDNF	IL18	0.482
BDNF	IL1A	0.645
BDNF	IL1B	0.844
BDNF	IL4	0.589
BDNF	IL6	0.846
BDNF	INS	0.75
BDNF	INSR	0.726
BDNF	IRS1	0.418
BDNF	ITGAM	0.476
BDNF	ITPR1	0.569
BDNF	JUN	0.644
BDNF	LEP	0.732
BDNF	LRP1	0.483
BDNF	MAOB	0.708
BDNF	MAP1B	0.416
BDNF	MAP2	0.713
BDNF	MAPK3	0.942
BDNF	MAPT	0.651
BDNF	MBP	0.683
BDNF	MMEL1	0.445
BDNF	MMP9	0.74
BDNF	MPO	0.473
BDNF	MTOR	0.652
BDNF	NEFL	0.535
BDNF	NFE2L2	0.494
BDNF	NFKB1	0.54
BDNF	NFKBIA	0.4
BDNF	NGF	0.698
BDNF	NGFR	0.999
BDNF	NOS1	0.511
BDNF	NOS3	0.436
BDNF	NPY	0.825
BDNF	NTRK2	0.999
BDNF	PARK7	0.438
BDNF	PINK1	0.418
BDNF	PPARA	0.439
BDNF	PPARG	0.561
BDNF	PPARGC1A	0.589
BDNF	PRKACA	0.648
BDNF	PRKACB	0.637
BDNF	PRKACG	0.748
BDNF	PRKN	0.423
BDNF	PSEN1	0.686
BDNF	PSEN2	0.517
BDNF	PTEN	0.625
BDNF	PTGS2	0.654
BDNF	PTPRC	0.424
BDNF	PXDN	0.773
BDNF	PXDNL	0.766
BDNF	RBFOX3	0.769
BDNF	RPS6KB1	0.642
BDNF	S100B	0.786
BDNF	SIGMAR1	0.504
BDNF	SIRT1	0.652
BDNF	SLC17A7	0.63
BDNF	SLC18A3	0.418
BDNF	SLC1A2	0.619
BDNF	SLC2A1	0.601
BDNF	SLC6A3	0.697
BDNF	SNAP25	0.588
BDNF	SNCA	0.798
BDNF	SOD1	0.587
BDNF	SORL1	0.469
BDNF	SRC	0.688
BDNF	STAT3	0.685
BDNF	SYN1	0.772
BDNF	SYN2	0.619
BDNF	SYN3	0.619
BDNF	SYP	0.833
BDNF	SYT1	0.513
BDNF	TFAM	0.411
BDNF	TGFB1	0.57
BDNF	TH	0.837
BDNF	TLR2	0.615
BDNF	TLR4	0.593
BDNF	TNF	0.739
BDNF	TP53	0.52
BDNF	TREM2	0.471
BECN1	BIN1	0.409
BECN1	CALM3	0.454
BECN1	CALML3	0.447
BECN1	CALML4	0.406
BECN1	CALML5	0.446
BECN1	CALML6	0.406
BECN1	CASP1	0.613
BECN1	CASP3	0.925
BECN1	CASP8	0.914
BECN1	CASP9	0.928
BECN1	CAV1	0.842
BECN1	CCK	0.63
BECN1	CD4	0.431
BECN1	COX4I1	0.481
BECN1	CREB1	0.413
BECN1	CTNNB1	0.547
BECN1	CTSB	0.613
BECN1	CTSD	0.647
BECN1	CTSS	0.502
BECN1	CYBB	0.457
BECN1	CYCS	0.778
BECN1	DDIT3	0.543
BECN1	DNM1L	0.75
BECN1	DNTT	0.484
BECN1	EGF	0.4
BECN1	EGFR	0.837
BECN1	EIF2AK3	0.596
BECN1	ERN1	0.619
BECN1	FOXO1	0.6
BECN1	FOXO3	0.691
BECN1	GAPDH	0.757
BECN1	GFAP	0.444
BECN1	GPX2	0.449
BECN1	GPX3	0.444
BECN1	GPX4	0.465
BECN1	GPX5	0.444
BECN1	GPX6	0.444
BECN1	GPX7	0.458
BECN1	GPX8	0.448
BECN1	GSK3B	0.554
BECN1	HIF1A	0.632
BECN1	HMGB1	0.999
BECN1	HMOX1	0.58
BECN1	HSP90AA1	0.793
BECN1	HSPA5	0.765
BECN1	HTT	0.979
BECN1	IFNG	0.476
BECN1	IGF1	0.489
BECN1	IL10	0.485
BECN1	IL18	0.532
BECN1	IL1B	0.65
BECN1	IL6	0.609
BECN1	INS	0.563
BECN1	IRS1	0.921
BECN1	ITPR1	0.998
BECN1	JUN	0.725
BECN1	KEAP1	0.535
BECN1	LAMP1	0.852
BECN1	MAP1A	0.946
BECN1	MAP1B	0.924
BECN1	MAP1LC3B	0.972
BECN1	MAPK3	0.6
BECN1	MAPK8	0.769
BECN1	MCL1	0.998
BECN1	MFN2	0.669
BECN1	MMP9	0.473
BECN1	MTOR	0.891
BECN1	NFE2L2	0.568
BECN1	NFKB1	0.504
BECN1	NFKBIA	0.445
BECN1	NLRP3	0.718
BECN1	PARK7	0.442
BECN1	PINK1	0.996
BECN1	PPARG	0.451
BECN1	PPARGC1A	0.577
BECN1	PPP2CA	0.484
BECN1	PRKAA1	0.873
BECN1	PRKN	0.989
BECN1	PRNP	0.519
BECN1	PSEN1	0.487
BECN1	PTEN	0.639
BECN1	PTGS2	0.435
BECN1	PXDN	0.738
BECN1	PXDNL	0.734
BECN1	RAB5A	0.992
BECN1	RELA	0.523
BECN1	RPS6KB1	0.728
BECN1	S100B	0.623
BECN1	SIRT1	0.7
BECN1	SNCA	0.585
BECN1	SOD1	0.655
BECN1	SOD2	0.467
BECN1	SQSTM1	0.958
BECN1	SRC	0.466
BECN1	STAT3	0.803
BECN1	TFAM	0.453
BECN1	TFEB	0.787
BECN1	TGFB1	0.448
BECN1	TLR2	0.619
BECN1	TLR4	0.574
BECN1	TNF	0.602
BECN1	TP53	0.939
BECN1	TRAF6	0.982
BECN1	VDAC1	0.588
BECN1	VPS35	0.841
BIN1	CACNA1C	0.531
BIN1	CALM3	0.435
BIN1	CALML3	0.405
BIN1	CALML5	0.404
BIN1	CAV1	0.505
BIN1	CD33	0.685
BIN1	CDK5	0.483
BIN1	CLU	0.955
BIN1	CTNNB1	0.476
BIN1	DLG4	0.508
BIN1	DNM1L	0.409
BIN1	FOXO3	0.559
BIN1	GRB2	0.899
BIN1	GRIA1	0.526
BIN1	HSP90AA1	0.497
BIN1	IDE	0.519
BIN1	LDLR	0.551
BIN1	MAP1B	0.518
BIN1	MAPT	0.941
BIN1	MARK4	0.459
BIN1	MS4A4A	0.631
BIN1	MS4A4E	0.708
BIN1	MS4A6A	0.764
BIN1	MS4A6E	0.624
BIN1	PICALM	0.892
BIN1	PON1	0.54
BIN1	PSEN1	0.611
BIN1	PSEN2	0.608
BIN1	RAB5A	0.599
BIN1	SNCA	0.403
BIN1	SORL1	0.798
BIN1	SRC	0.712
BIN1	STAT1	0.401
BIN1	SYN1	0.61
BIN1	SYT1	0.456
BIN1	TNF	0.489
BIN1	TREM2	0.647
BIN1	VPS35	0.573
C1QA	C3	0.605
C1QA	CCL2	0.47
C1QA	CCL3	0.466
C1QA	CCL5	0.617
C1QA	CD163	0.727
C1QA	CD33	0.555
C1QA	CD36	0.604
C1QA	CD4	0.498
C1QA	CD68	0.746
C1QA	CD86	0.491
C1QA	CLU	0.61
C1QA	CRP	0.698
C1QA	CSF1	0.4
C1QA	CSF1R	0.906
C1QA	CTSD	0.623
C1QA	CTSS	0.746
C1QA	CX3CR1	0.611
C1QA	CYBB	0.697
C1QA	GFAP	0.454
C1QA	IL1B	0.474
C1QA	IL6	0.608
C1QA	ITGAM	0.703
C1QA	MRC1	0.703
C1QA	MS4A4A	0.803
C1QA	MS4A6A	0.603
C1QA	PPARA	0.401
C1QA	PRNP	0.418
C1QA	PTPRC	0.522
C1QA	SCARB1	0.527
C1QA	SCARB2	0.562
C1QA	TLR2	0.506
C1QA	TLR4	0.457
C1QA	TMEM119	0.705
C1QA	TNF	0.452
C1QA	TREM2	0.854
C1QA	TYROBP	0.89
C3	CCL2	0.737
C3	CCL3	0.401
C3	CCL5	0.426
C3	CD36	0.545
C3	CD4	0.59
C3	CD68	0.426
C3	CD86	0.559
C3	CLU	0.803
C3	CRP	0.985
C3	CXCL8	0.783
C3	GAPDH	0.666
C3	HMGB1	0.467
C3	ICAM1	0.705
C3	IFNG	0.603
C3	IL10	0.729
C3	IL18	0.43
C3	IL1A	0.53
C3	IL1B	0.664
C3	IL4	0.493
C3	IL6	0.666
C3	INS	0.501
C3	ITGAM	0.999
C3	LEP	0.401
C3	MAPT	0.41
C3	MMP9	0.609
C3	MPO	0.786
C3	MRC1	0.52
C3	NPY	0.561
C3	PON1	0.606
C3	PTPRC	0.419
C3	PXDN	0.461
C3	PXDNL	0.457
C3	RELA	0.402
C3	SCARB1	0.562
C3	SCARB2	0.547
C3	SRC	0.603
C3	TLR2	0.533
C3	TLR4	0.51
C3	TNF	0.621
C3	TREM2	0.413
CACNA1C	CALM3	0.999
CACNA1C	CALML3	0.999
CACNA1C	CALML4	0.999
CACNA1C	CALML5	0.999
CACNA1C	CALML6	0.999
CACNA1C	CAMK2A	0.863
CACNA1C	CAV1	0.743
CACNA1C	CREB1	0.433
CACNA1C	DLG4	0.65
CACNA1C	GAPDH	0.418
CACNA1C	GRIA1	0.478
CACNA1C	GRIN2A	0.534
CACNA1C	GRIN2B	0.443
CACNA1C	INS	0.956
CACNA1C	ITPR1	0.547
CACNA1C	NOS1	0.924
CACNA1C	PPP2CA	0.747
CACNA1C	PRKACA	0.971
CACNA1C	PRKACB	0.972
CACNA1C	PRKACG	0.961
CACNA1C	PRKCA	0.953
CACNA1C	PRNP	0.91
CACNA1C	RYR2	0.981
CACNA1C	SLC1A2	0.437
CACNA1C	SNAP25	0.782
CACNA1C	TNF	0.451
CALB1	CALM3	0.593
CALB1	CALML4	0.59
CALB1	CALML5	0.586
CALB1	CALML6	0.584
CALB1	CAMK2A	0.569
CALB1	CASP3	0.81
CALB1	CCK	0.662
CALB1	CHAT	0.728
CALB1	CLU	0.407
CALB1	DLG4	0.551
CALB1	FOS	0.542
CALB1	GAP43	0.453
CALB1	GAPDH	0.504
CALB1	GFAP	0.765
CALB1	GRIA1	0.48
CALB1	GRIN1	0.405
CALB1	GRIN2A	0.417
CALB1	GRIN2B	0.418
CALB1	HTT	0.402
CALB1	ITPR1	0.665
CALB1	MAP2	0.576
CALB1	MBP	0.467
CALB1	NEFL	0.477
CALB1	NOS1	0.486
CALB1	NPY	0.763
CALB1	NTRK2	0.479
CALB1	PRKCA	0.619
CALB1	PXDN	0.512
CALB1	PXDNL	0.512
CALB1	RBFOX3	0.805
CALB1	RYR2	0.482
CALB1	S100B	0.757
CALB1	SLC17A7	0.724
CALB1	SLC18A3	0.509
CALB1	SLC6A3	0.505
CALB1	SNAP25	0.51
CALB1	SNCA	0.499
CALB1	SYN1	0.546
CALB1	SYN2	0.463
CALB1	SYN3	0.442
CALB1	SYP	0.755
CALB1	TH	0.778
CALM3	CALML3	0.996
CALM3	CALML4	0.996
CALM3	CALML5	0.996
CALM3	CALML6	0.996
CALM3	CAMK2A	0.999
CALM3	CASP3	0.518
CALM3	CAV1	0.991
CALM3	CD33	0.435
CALM3	CD4	0.406
CALM3	CDK5	0.739
CALM3	CREB1	0.891
CALM3	CTNNB1	0.528
CALM3	CYBB	0.573
CALM3	CYCS	0.649
CALM3	DLG4	0.989
CALM3	DNM1L	0.573
CALM3	EGF	0.506
CALM3	EGFR	0.859
CALM3	FOS	0.672
CALM3	FYN	0.685
CALM3	GAP43	0.987
CALM3	GAPDH	0.684
CALM3	GLP1R	0.44
CALM3	GPX2	0.411
CALM3	GPX3	0.409
CALM3	GPX5	0.412
CALM3	GPX6	0.411
CALM3	GPX7	0.426
CALM3	GPX8	0.426
CALM3	GRB2	0.65
CALM3	GRIA1	0.583
CALM3	GRIN1	0.996
CALM3	GRIN2A	0.901
CALM3	GRIN2B	0.91
CALM3	GSK3B	0.812
CALM3	HIF1A	0.446
CALM3	HSP90AA1	0.996
CALM3	HSPA5	0.637
CALM3	HTT	0.469
CALM3	ICAM1	0.405
CALM3	IFNG	0.446
CALM3	IGF1	0.447
CALM3	IL1B	0.516
CALM3	IL6	0.482
CALM3	INS	0.77
CALM3	IRS1	0.657
CALM3	ITPR1	0.983
CALM3	JUN	0.582
CALM3	MAP2	0.679
CALM3	MAPK14	0.478
CALM3	MAPK3	0.673
CALM3	MAPK8	0.411
CALM3	MAPT	0.838
CALM3	MBP	0.988
CALM3	MTOR	0.714
CALM3	NFKB1	0.652
CALM3	NFKBIA	0.6
CALM3	NGF	0.868
CALM3	NOS1	0.999
CALM3	NOS2	0.999
CALM3	NOS3	0.999
CALM3	NOX1	0.537
CALM3	NOX4	0.543
CALM3	NRGN	0.992
CALM3	NTRK2	0.708
CALM3	PPARA	0.595
CALM3	PPARG	0.423
CALM3	PPARGC1A	0.434
CALM3	PPP2CA	0.432
CALM3	PRKACA	0.989
CALM3	PRKACB	0.989
CALM3	PRKACG	0.992
CALM3	PRKCA	0.73
CALM3	PRKN	0.553
CALM3	PTEN	0.451
CALM3	PTGS2	0.411
CALM3	PXDN	0.586
CALM3	PXDNL	0.586
CALM3	RELA	0.431
CALM3	RPS6KB1	0.471
CALM3	RYR2	0.999
CALM3	S100B	0.658
CALM3	SIRT1	0.429
CALM3	SLC2A4	0.439
CALM3	SLC6A3	0.565
CALM3	SNAP25	0.687
CALM3	SNCA	0.995
CALM3	SRC	0.858
CALM3	STAT3	0.607
CALM3	SYN1	0.835
CALM3	SYN2	0.692
CALM3	SYN3	0.678
CALM3	SYP	0.662
CALM3	SYT1	0.672
CALM3	TFAM	0.418
CALM3	TH	0.42
CALM3	TLR4	0.412
CALM3	TNF	0.82
CALM3	TP53	0.508
CALM3	VDAC1	0.471
CALM3	XDH	0.418
CALML3	CALML4	0.963
CALML3	CALML5	0.967
CALML3	CALML6	0.962
CALML3	CAMK2A	0.999
CALML3	CASP3	0.518
CALML3	CAV1	0.996
CALML3	CDK5	0.567
CALML3	CREB1	0.89
CALML3	CTNNB1	0.628
CALML3	CYBB	0.573
CALML3	CYCS	0.649
CALML3	DLG4	0.891
CALML3	DNM1L	0.417
CALML3	EGF	0.505
CALML3	EGFR	0.811
CALML3	FOS	0.634
CALML3	FYN	0.682
CALML3	GAP43	0.987
CALML3	GAPDH	0.671
CALML3	GPX2	0.425
CALML3	GPX3	0.404
CALML3	GPX5	0.409
CALML3	GPX6	0.408
CALML3	GPX7	0.423
CALML3	GPX8	0.424
CALML3	GRB2	0.586
CALML3	GRIA1	0.581
CALML3	GRIN1	0.96
CALML3	GRIN2A	0.895
CALML3	GRIN2B	0.927
CALML3	GSK3B	0.781
CALML3	HIF1A	0.445
CALML3	HSP90AA1	0.996
CALML3	HSPA5	0.424
CALML3	HTT	0.634
CALML3	IFNG	0.445
CALML3	IGF1	0.434
CALML3	IL1B	0.512
CALML3	IL6	0.477
CALML3	INS	0.764
CALML3	IRS1	0.652
CALML3	ITPR1	0.984
CALML3	JUN	0.581
CALML3	MAP2	0.68
CALML3	MAPK14	0.47
CALML3	MAPK3	0.648
CALML3	MAPK8	0.405
CALML3	MAPT	0.603
CALML3	MBP	0.987
CALML3	MTOR	0.707
CALML3	NFKB1	0.645
CALML3	NFKBIA	0.414
CALML3	NGF	0.864
CALML3	NOS1	0.999
CALML3	NOS2	0.993
CALML3	NOS3	0.999
CALML3	NOX1	0.536
CALML3	NOX4	0.545
CALML3	NRGN	0.992
CALML3	NTRK2	0.67
CALML3	PPARA	0.577
CALML3	PPARG	0.416
CALML3	PPARGC1A	0.432
CALML3	PPP2CA	0.401
CALML3	PRKACA	0.989
CALML3	PRKACB	0.989
CALML3	PRKACG	0.992
CALML3	PRKCA	0.719
CALML3	PRKN	0.607
CALML3	PTEN	0.437
CALML3	PXDN	0.56
CALML3	PXDNL	0.56
CALML3	RPS6KB1	0.47
CALML3	RYR2	0.999
CALML3	S100B	0.652
CALML3	SIRT1	0.428
CALML3	SLC2A4	0.438
CALML3	SLC6A3	0.563
CALML3	SNAP25	0.483
CALML3	SNCA	0.937
CALML3	SRC	0.927
CALML3	SYN1	0.775
CALML3	SYN2	0.678
CALML3	SYN3	0.678
CALML3	SYP	0.607
CALML3	SYT1	0.65
CALML3	TH	0.425
CALML3	TLR4	0.405
CALML3	TNF	0.74
CALML3	TP53	0.657
CALML3	VDAC1	0.45
CALML3	XDH	0.421
CALML4	CALML5	0.964
CALML4	CALML6	0.961
CALML4	CAMK2A	0.999
CALML4	CASP3	0.514
CALML4	CAV1	0.995
CALML4	CDK5	0.532
CALML4	CREB1	0.891
CALML4	CTNNB1	0.631
CALML4	CYBB	0.499
CALML4	CYCS	0.605
CALML4	DLG4	0.892
CALML4	EGF	0.505
CALML4	EGFR	0.809
CALML4	FOS	0.589
CALML4	FYN	0.679
CALML4	GAP43	0.987
CALML4	GAPDH	0.648
CALML4	GPX2	0.415
CALML4	GPX3	0.403
CALML4	GPX5	0.408
CALML4	GPX6	0.407
CALML4	GPX7	0.408
CALML4	GPX8	0.408
CALML4	GRB2	0.586
CALML4	GRIA1	0.586
CALML4	GRIN1	0.964
CALML4	GRIN2A	0.897
CALML4	GRIN2B	0.926
CALML4	GSK3B	0.771
CALML4	HIF1A	0.461
CALML4	HSP90AA1	0.996
CALML4	HSPA5	0.425
CALML4	HTT	0.639
CALML4	IFNG	0.445
CALML4	IGF1	0.437
CALML4	IL1B	0.512
CALML4	IL6	0.482
CALML4	INS	0.771
CALML4	IRS1	0.653
CALML4	ITPR1	0.98
CALML4	JUN	0.57
CALML4	LEP	0.422
CALML4	MAP2	0.664
CALML4	MAPK14	0.451
CALML4	MAPK3	0.633
CALML4	MAPK8	0.405
CALML4	MAPT	0.595
CALML4	MBP	0.987
CALML4	MTOR	0.707
CALML4	NFKB1	0.641
CALML4	NFKBIA	0.407
CALML4	NGF	0.868
CALML4	NOS1	0.999
CALML4	NOS2	0.993
CALML4	NOS3	0.999
CALML4	NOX1	0.455
CALML4	NOX4	0.465
CALML4	NRGN	0.992
CALML4	NTRK2	0.675
CALML4	PPARA	0.546
CALML4	PPARGC1A	0.437
CALML4	PPP2CA	0.429
CALML4	PRKACA	0.989
CALML4	PRKACB	0.989
CALML4	PRKACG	0.992
CALML4	PRKCA	0.719
CALML4	PRKN	0.534
CALML4	PTEN	0.413
CALML4	PXDN	0.573
CALML4	PXDNL	0.573
CALML4	RPS6KB1	0.443
CALML4	RYR2	0.999
CALML4	S100B	0.645
CALML4	SIRT1	0.421
CALML4	SLC2A4	0.439
CALML4	SLC6A3	0.563
CALML4	SNAP25	0.477
CALML4	SNCA	0.936
CALML4	SRC	0.927
CALML4	SYN1	0.805
CALML4	SYN2	0.721
CALML4	SYN3	0.721
CALML4	SYP	0.6
CALML4	SYT1	0.658
CALML4	TH	0.42
CALML4	TLR4	0.403
CALML4	TNF	0.74
CALML4	TP53	0.657
CALML4	VDAC1	0.406
CALML4	XDH	0.416
CALML5	CALML6	0.963
CALML5	CAMK2A	0.999
CALML5	CASP3	0.518
CALML5	CAV1	0.996
CALML5	CDK5	0.567
CALML5	CREB1	0.89
CALML5	CTNNB1	0.627
CALML5	CTSD	0.534
CALML5	CYBB	0.573
CALML5	CYCS	0.649
CALML5	DLG4	0.891
CALML5	DNM1L	0.417
CALML5	EGF	0.505
CALML5	EGFR	0.81
CALML5	FOS	0.654
CALML5	FYN	0.681
CALML5	GAP43	0.987
CALML5	GAPDH	0.67
CALML5	GPX2	0.408
CALML5	GPX3	0.403
CALML5	GPX5	0.407
CALML5	GPX6	0.406
CALML5	GPX7	0.421
CALML5	GPX8	0.422
CALML5	GRB2	0.589
CALML5	GRIA1	0.581
CALML5	GRIN1	0.96
CALML5	GRIN2A	0.895
CALML5	GRIN2B	0.927
CALML5	GSK3B	0.781
CALML5	HIF1A	0.444
CALML5	HSP90AA1	0.996
CALML5	HSPA5	0.426
CALML5	HTT	0.633
CALML5	IFNG	0.445
CALML5	IGF1	0.434
CALML5	IL1B	0.514
CALML5	IL6	0.478
CALML5	INS	0.764
CALML5	IRS1	0.652
CALML5	ITPR1	0.983
CALML5	JUN	0.581
CALML5	MAP2	0.681
CALML5	MAPK14	0.466
CALML5	MAPK3	0.648
CALML5	MAPK8	0.403
CALML5	MAPT	0.706
CALML5	MBP	0.987
CALML5	MTOR	0.706
CALML5	NFKB1	0.645
CALML5	NFKBIA	0.414
CALML5	NGF	0.865
CALML5	NOS1	0.999
CALML5	NOS2	0.993
CALML5	NOS3	0.999
CALML5	NOX1	0.536
CALML5	NOX4	0.544
CALML5	NRGN	0.992
CALML5	NTRK2	0.667
CALML5	PPARA	0.578
CALML5	PPARG	0.416
CALML5	PPARGC1A	0.432
CALML5	PPP2CA	0.4
CALML5	PRKACA	0.989
CALML5	PRKACB	0.989
CALML5	PRKACG	0.992
CALML5	PRKCA	0.719
CALML5	PRKN	0.547
CALML5	PTEN	0.434
CALML5	PXDN	0.56
CALML5	PXDNL	0.56
CALML5	RPS6KB1	0.47
CALML5	RYR2	0.999
CALML5	S100B	0.652
CALML5	SIRT1	0.428
CALML5	SLC2A4	0.438
CALML5	SLC6A3	0.563
CALML5	SNAP25	0.483
CALML5	SNCA	0.937
CALML5	SRC	0.927
CALML5	SYN1	0.775
CALML5	SYN2	0.678
CALML5	SYN3	0.678
CALML5	SYP	0.608
CALML5	SYT1	0.657
CALML5	TH	0.439
CALML5	TLR4	0.408
CALML5	TNF	0.74
CALML5	TP53	0.7
CALML5	VDAC1	0.45
CALML5	XDH	0.416
CALML6	CAMK2A	0.999
CALML6	CASP3	0.509
CALML6	CAV1	0.995
CALML6	CDK5	0.512
CALML6	CREB1	0.884
CALML6	CTNNB1	0.626
CALML6	CYBB	0.498
CALML6	CYCS	0.605
CALML6	DLG4	0.891
CALML6	EGF	0.505
CALML6	EGFR	0.809
CALML6	FOS	0.589
CALML6	FYN	0.68
CALML6	GAP43	0.987
CALML6	GAPDH	0.648
CALML6	GPX2	0.408
CALML6	GPX3	0.403
CALML6	GPX5	0.408
CALML6	GPX6	0.408
CALML6	GPX7	0.408
CALML6	GPX8	0.409
CALML6	GRB2	0.585
CALML6	GRIA1	0.581
CALML6	GRIN1	0.959
CALML6	GRIN2A	0.895
CALML6	GRIN2B	0.926
CALML6	GSK3B	0.771
CALML6	HIF1A	0.425
CALML6	HSP90AA1	0.996
CALML6	HSPA5	0.426
CALML6	HTT	0.634
CALML6	IFNG	0.445
CALML6	IGF1	0.435
CALML6	IL1B	0.51
CALML6	IL6	0.474
CALML6	INS	0.764
CALML6	IRS1	0.653
CALML6	ITPR1	0.98
CALML6	JUN	0.57
CALML6	MAP2	0.664
CALML6	MAPK14	0.444
CALML6	MAPK3	0.633
CALML6	MAPK8	0.404
CALML6	MAPT	0.596
CALML6	MBP	0.987
CALML6	MTOR	0.707
CALML6	NFKB1	0.641
CALML6	NFKBIA	0.407
CALML6	NGF	0.865
CALML6	NOS1	0.999
CALML6	NOS2	0.993
CALML6	NOS3	0.999
CALML6	NOX1	0.454
CALML6	NOX4	0.465
CALML6	NRGN	0.992
CALML6	NTRK2	0.667
CALML6	PPARA	0.546
CALML6	PPARGC1A	0.433
CALML6	PRKACA	0.988
CALML6	PRKACB	0.988
CALML6	PRKACG	0.991
CALML6	PRKCA	0.719
CALML6	PRKN	0.525
CALML6	PTEN	0.437
CALML6	PXDN	0.544
CALML6	PXDNL	0.548
CALML6	RPS6KB1	0.443
CALML6	RYR2	0.999
CALML6	S100B	0.642
CALML6	SIRT1	0.416
CALML6	SLC2A4	0.444
CALML6	SLC6A3	0.563
CALML6	SNAP25	0.477
CALML6	SNCA	0.936
CALML6	SRC	0.927
CALML6	SYN1	0.763
CALML6	SYN2	0.661
CALML6	SYN3	0.662
CALML6	SYP	0.6
CALML6	SYT1	0.63
CALML6	TH	0.42
CALML6	TLR4	0.403
CALML6	TNF	0.74
CALML6	TP53	0.657
CALML6	VDAC1	0.406
CALML6	XDH	0.416
CAMK2A	CCK	0.403
CAMK2A	CDK5R1	0.411
CAMK2A	CHRM1	0.4
CAMK2A	CREB1	0.887
CAMK2A	CYBB	0.903
CAMK2A	DLG4	0.92
CAMK2A	FOS	0.545
CAMK2A	GAP43	0.43
CAMK2A	GAPDH	0.469
CAMK2A	GFAP	0.623
CAMK2A	GRIA1	0.999
CAMK2A	GRIN1	0.911
CAMK2A	GRIN2A	0.968
CAMK2A	GRIN2B	0.999
CAMK2A	HSP90AA1	0.522
CAMK2A	IFNG	0.441
CAMK2A	ITPR1	0.613
CAMK2A	MAP1B	0.422
CAMK2A	MAP2	0.491
CAMK2A	MAPT	0.976
CAMK2A	MBP	0.401
CAMK2A	NEFL	0.627
CAMK2A	NFKB1	0.497
CAMK2A	NFKBIA	0.476
CAMK2A	NOS1	0.929
CAMK2A	NOS3	0.93
CAMK2A	NRGN	0.637
CAMK2A	PRKCA	0.456
CAMK2A	PRKN	0.401
CAMK2A	RBFOX3	0.635
CAMK2A	RYR2	0.932
CAMK2A	SLC17A7	0.636
CAMK2A	SLC1A2	0.416
CAMK2A	SLC6A3	0.949
CAMK2A	SNAP25	0.589
CAMK2A	SRC	0.483
CAMK2A	STAT1	0.913
CAMK2A	SYN1	0.733
CAMK2A	SYN2	0.647
CAMK2A	SYN3	0.56
CAMK2A	SYP	0.579
CAMK2A	SYT1	0.661
CASP1	CASP3	0.709
CASP1	CASP8	0.999
CASP1	CASP9	0.712
CASP1	CCK	0.502
CASP1	CCL2	0.707
CASP1	CCL3	0.57
CASP1	CCL5	0.64
CASP1	CD163	0.473
CASP1	CD36	0.553
CASP1	CD4	0.715
CASP1	CD68	0.615
CASP1	CD86	0.586
CASP1	CRP	0.507
CASP1	CSF1	0.529
CASP1	CSF1R	0.435
CASP1	CTSB	0.917
CASP1	CTSD	0.424
CASP1	CTSS	0.762
CASP1	CX3CR1	0.448
CASP1	CXCL8	0.668
CASP1	CYBB	0.651
CASP1	CYCS	0.78
CASP1	DDIT3	0.46
CASP1	DNM1L	0.438
CASP1	DNTT	0.453
CASP1	EGFR	0.544
CASP1	EIF2AK3	0.451
CASP1	ERN1	0.505
CASP1	FOS	0.74
CASP1	GAPDH	0.688
CASP1	GFAP	0.483
CASP1	GPX2	0.415
CASP1	GPX3	0.41
CASP1	GPX4	0.453
CASP1	GPX5	0.41
CASP1	GPX6	0.41
CASP1	GPX7	0.43
CASP1	GPX8	0.414
CASP1	GSK3B	0.403
CASP1	HIF1A	0.506
CASP1	HMGB1	0.687
CASP1	HMOX1	0.598
CASP1	HSP90AA1	0.409
CASP1	HSPA5	0.473
CASP1	ICAM1	0.65
CASP1	IFNG	0.893
CASP1	IL10	0.724
CASP1	IL18	0.998
CASP1	IL1A	0.968
CASP1	IL1B	0.999
CASP1	IL4	0.616
CASP1	IL6	0.881
CASP1	INS	0.532
CASP1	ITGAM	0.661
CASP1	JUN	0.592
CASP1	KEAP1	0.709
CASP1	LAMP1	0.401
CASP1	LEP	0.416
CASP1	MAP1LC3B	0.479
CASP1	MAPK14	0.562
CASP1	MAPK3	0.69
CASP1	MAPK8	0.458
CASP1	MAPT	0.481
CASP1	MCL1	0.527
CASP1	MFN2	0.429
CASP1	MMP9	0.568
CASP1	MPO	0.581
CASP1	MRC1	0.474
CASP1	MTOR	0.453
CASP1	NFE2L2	0.644
CASP1	NFKB1	0.826
CASP1	NFKBIA	0.681
CASP1	NLRP3	0.999
CASP1	NOS2	0.428
CASP1	NOX4	0.464
CASP1	NQO1	0.433
CASP1	PINK1	0.447
CASP1	PPARA	0.406
CASP1	PPARG	0.518
CASP1	PRKN	0.41
CASP1	PSEN2	0.477
CASP1	PTEN	0.594
CASP1	PTGS2	0.631
CASP1	PTPRC	0.614
CASP1	PXDN	0.628
CASP1	PXDNL	0.627
CASP1	RELA	0.452
CASP1	SCARB1	0.489
CASP1	SCARB2	0.499
CASP1	SIRT1	0.544
CASP1	SNCA	0.449
CASP1	SOD1	0.419
CASP1	SOD2	0.452
CASP1	SQSTM1	0.451
CASP1	SRC	0.456
CASP1	STAT1	0.702
CASP1	STAT3	0.609
CASP1	TGFB1	0.57
CASP1	TLR2	0.809
CASP1	TLR4	0.916
CASP1	TNF	0.904
CASP1	TP53	0.876
CASP1	TRAF6	0.628
CASP1	TYROBP	0.437
CASP1	XDH	0.452
CASP3	CASP8	0.999
CASP3	CASP9	0.999
CASP3	CAV1	0.486
CASP3	CCK	0.858
CASP3	CCL2	0.654
CASP3	CCL3	0.446
CASP3	CCL5	0.495
CASP3	CD36	0.475
CASP3	CD4	0.772
CASP3	CD68	0.632
CASP3	CD86	0.492
CASP3	CDK5	0.691
CASP3	CHAT	0.432
CASP3	CLU	0.401
CASP3	COX4I1	0.796
CASP3	CREB1	0.682
CASP3	CRP	0.418
CASP3	CSF1	0.442
CASP3	CSF1R	0.426
CASP3	CTNNB1	0.965
CASP3	CTSB	0.631
CASP3	CTSD	0.568
CASP3	CTSS	0.62
CASP3	CXCL8	0.752
CASP3	CYBB	0.62
CASP3	CYCS	0.997
CASP3	DDIT3	0.734
CASP3	DLG4	0.678
CASP3	DNM1L	0.627
CASP3	DNTT	0.882
CASP3	EGF	0.801
CASP3	EGFR	0.747
CASP3	EIF2AK3	0.776
CASP3	ERN1	0.714
CASP3	FOS	0.749
CASP3	FOXO1	0.642
CASP3	FOXO3	0.776
CASP3	FYN	0.633
CASP3	GAP43	0.486
CASP3	GAPDH	0.89
CASP3	GFAP	0.808
CASP3	GLP1R	0.425
CASP3	GPX2	0.769
CASP3	GPX3	0.741
CASP3	GPX4	0.539
CASP3	GPX5	0.766
CASP3	GPX6	0.766
CASP3	GPX7	0.773
CASP3	GPX8	0.773
CASP3	GRB2	0.411
CASP3	GRIN2B	0.425
CASP3	GSK3B	0.747
CASP3	GSR	0.593
CASP3	HIF1A	0.766
CASP3	HMGB1	0.755
CASP3	HMGCR	0.507
CASP3	HMOX1	0.806
CASP3	HSP90AA1	0.878
CASP3	HSPA5	0.793
CASP3	HTT	0.75
CASP3	ICAM1	0.635
CASP3	IFNG	0.825
CASP3	IGF1	0.68
CASP3	IL10	0.786
CASP3	IL18	0.639
CASP3	IL1A	0.725
CASP3	IL1B	0.899
CASP3	IL4	0.599
CASP3	IL6	0.881
CASP3	INS	0.761
CASP3	IRS1	0.491
CASP3	ITGAM	0.608
CASP3	ITPR1	0.451
CASP3	JUN	0.809
CASP3	KEAP1	0.65
CASP3	LAMP1	0.562
CASP3	LEP	0.639
CASP3	MAOB	0.444
CASP3	MAP1A	0.649
CASP3	MAP1B	0.602
CASP3	MAP1LC3B	0.783
CASP3	MAP2	0.545
CASP3	MAPK14	0.817
CASP3	MAPK3	0.985
CASP3	MAPK8	0.943
CASP3	MAPT	0.98
CASP3	MBP	0.601
CASP3	MCL1	0.911
CASP3	MFN2	0.631
CASP3	MMP9	0.806
CASP3	MPO	0.68
CASP3	MRC1	0.437
CASP3	MTOR	0.723
CASP3	NDUFS1	0.429
CASP3	NFE2L2	0.717
CASP3	NFKB1	0.821
CASP3	NFKBIA	0.74
CASP3	NGF	0.858
CASP3	NGFR	0.82
CASP3	NLRP3	0.6
CASP3	NOS1	0.486
CASP3	NOS2	0.537
CASP3	NOS3	0.604
CASP3	NOX1	0.547
CASP3	NOX4	0.618
CASP3	NQO1	0.645
CASP3	NTRK2	0.53
CASP3	PARK7	0.44
CASP3	PINK1	0.592
CASP3	PPARA	0.572
CASP3	PPARG	0.694
CASP3	PPARGC1A	0.613
CASP3	PRKACA	0.537
CASP3	PRKACB	0.544
CASP3	PRKACG	0.532
CASP3	PRKCA	0.948
CASP3	PRKN	0.559
CASP3	PRNP	0.488
CASP3	PSEN1	0.718
CASP3	PSEN2	0.65
CASP3	PTEN	0.748
CASP3	PTGS2	0.865
CASP3	PTPRC	0.649
CASP3	PXDN	0.918
CASP3	PXDNL	0.918
CASP3	RBFOX3	0.729
CASP3	RELA	0.607
CASP3	RPS6KB1	0.737
CASP3	S100B	0.513
CASP3	SCARB1	0.459
CASP3	SCARB2	0.468
CASP3	SIRT1	0.725
CASP3	SLC1A2	0.581
CASP3	SLC2A1	0.456
CASP3	SLC2A4	0.433
CASP3	SNCA	0.687
CASP3	SOD1	0.624
CASP3	SOD2	0.653
CASP3	SQSTM1	0.672
CASP3	SRC	0.685
CASP3	SREBF1	0.471
CASP3	STAT1	0.78
CASP3	STAT3	0.804
CASP3	SYN1	0.424
CASP3	SYP	0.575
CASP3	TFAM	0.532
CASP3	TFEB	0.41
CASP3	TGFB1	0.706
CASP3	TH	0.709
CASP3	TLR2	0.594
CASP3	TLR4	0.74
CASP3	TNF	0.939
CASP3	TP53	0.956
CASP3	TRAF6	0.548
CASP3	UCP2	0.484
CASP3	VDAC1	0.725
CASP3	XDH	0.544
CASP8	CASP9	0.944
CASP8	CCK	0.557
CASP8	CCL2	0.669
CASP8	CCL5	0.428
CASP8	CD4	0.586
CASP8	CD86	0.428
CASP8	COX4I1	0.487
CASP8	CREB1	0.436
CASP8	CTNNB1	0.768
CASP8	CTSB	0.5
CASP8	CTSD	0.432
CASP8	CTSS	0.556
CASP8	CXCL8	0.515
CASP8	CYCS	0.952
CASP8	DDIT3	0.552
CASP8	DNM1L	0.759
CASP8	DNTT	0.639
CASP8	EGF	0.486
CASP8	EGFR	0.737
CASP8	EIF2AK3	0.578
CASP8	ERN1	0.546
CASP8	FOS	0.653
CASP8	FOXO3	0.493
CASP8	GAPDH	0.717
CASP8	GPX2	0.496
CASP8	GPX3	0.491
CASP8	GPX4	0.431
CASP8	GPX5	0.494
CASP8	GPX6	0.493
CASP8	GPX7	0.493
CASP8	GPX8	0.497
CASP8	GSK3B	0.5
CASP8	HIF1A	0.556
CASP8	HMGB1	0.496
CASP8	HMOX1	0.665
CASP8	HSP90AA1	0.692
CASP8	HSPA5	0.673
CASP8	ICAM1	0.472
CASP8	IFNG	0.626
CASP8	IGF1	0.448
CASP8	IL10	0.558
CASP8	IL18	0.631
CASP8	IL1A	0.582
CASP8	IL1B	0.943
CASP8	IL4	0.423
CASP8	IL6	0.739
CASP8	INS	0.504
CASP8	ITGAM	0.418
CASP8	JUN	0.782
CASP8	KEAP1	0.407
CASP8	MAP1A	0.411
CASP8	MAP1LC3B	0.805
CASP8	MAPK14	0.641
CASP8	MAPK3	0.709
CASP8	MAPK8	0.89
CASP8	MAPT	0.425
CASP8	MCL1	0.802
CASP8	MMP9	0.712
CASP8	MTOR	0.611
CASP8	NFE2L2	0.497
CASP8	NFKB1	0.664
CASP8	NFKBIA	0.686
CASP8	NLRP3	0.948
CASP8	NOS1	0.586
CASP8	PARK7	0.412
CASP8	PPARG	0.445
CASP8	PRKCA	0.49
CASP8	PTEN	0.781
CASP8	PTGS2	0.7
CASP8	PTPRC	0.504
CASP8	PXDN	0.703
CASP8	PXDNL	0.703
CASP8	RELA	0.704
CASP8	RPS6KB1	0.48
CASP8	SIRT1	0.447
CASP8	SOD1	0.629
CASP8	SOD2	0.4
CASP8	SQSTM1	0.982
CASP8	SRC	0.853
CASP8	STAT1	0.559
CASP8	STAT3	0.634
CASP8	TGFB1	0.501
CASP8	TLR2	0.529
CASP8	TLR4	0.885
CASP8	TNF	0.999
CASP8	TP53	0.991
CASP8	TRAF6	0.978
CASP8	VDAC1	0.62
CASP9	CCK	0.722
CASP9	CCL2	0.401
CASP9	CD4	0.448
CASP9	CLU	0.493
CASP9	COX4I1	0.649
CASP9	CREB1	0.484
CASP9	CTNNB1	0.621
CASP9	CTSB	0.478
CASP9	CTSD	0.406
CASP9	CTSS	0.469
CASP9	CXCL8	0.445
CASP9	CYCS	0.999
CASP9	DDIT3	0.602
CASP9	DNM1L	0.492
CASP9	DNTT	0.707
CASP9	EGF	0.537
CASP9	EGFR	0.753
CASP9	EIF2AK3	0.616
CASP9	ERN1	0.606
CASP9	FOS	0.636
CASP9	FOXO1	0.646
CASP9	FOXO3	0.683
CASP9	GAPDH	0.786
CASP9	GFAP	0.414
CASP9	GPX2	0.609
CASP9	GPX3	0.596
CASP9	GPX5	0.598
CASP9	GPX6	0.597
CASP9	GPX7	0.601
CASP9	GPX8	0.609
CASP9	GSK3B	0.631
CASP9	GSR	0.487
CASP9	HIF1A	0.746
CASP9	HMGB1	0.456
CASP9	HMOX1	0.612
CASP9	HSP90AA1	0.541
CASP9	HSPA5	0.687
CASP9	HTT	0.56
CASP9	ICAM1	0.408
CASP9	IFNG	0.529
CASP9	IGF1	0.481
CASP9	IL10	0.506
CASP9	IL18	0.487
CASP9	IL1A	0.435
CASP9	IL1B	0.826
CASP9	IL6	0.785
CASP9	INS	0.544
CASP9	JUN	0.77
CASP9	KEAP1	0.637
CASP9	MAP1A	0.474
CASP9	MAP1B	0.404
CASP9	MAP1LC3B	0.608
CASP9	MAPK14	0.633
CASP9	MAPK3	0.883
CASP9	MAPK8	0.727
CASP9	MCL1	0.829
CASP9	MFN2	0.514
CASP9	MMP9	0.654
CASP9	MTOR	0.738
CASP9	NFE2L2	0.702
CASP9	NFKB1	0.596
CASP9	NFKBIA	0.612
CASP9	NGF	0.403
CASP9	NLRP3	0.587
CASP9	NOS3	0.417
CASP9	NOX4	0.406
CASP9	NQO1	0.448
CASP9	PINK1	0.426
CASP9	PPARG	0.484
CASP9	PPARGC1A	0.414
CASP9	PTEN	0.642
CASP9	PTGS2	0.726
CASP9	PXDN	0.759
CASP9	PXDNL	0.759
CASP9	RELA	0.462
CASP9	RPS6KB1	0.595
CASP9	SIRT1	0.559
CASP9	SOD1	0.448
CASP9	SOD2	0.482
CASP9	SQSTM1	0.613
CASP9	SRC	0.657
CASP9	STAT1	0.662
CASP9	STAT3	0.648
CASP9	TGFB1	0.49
CASP9	TLR4	0.587
CASP9	TNF	0.816
CASP9	TP53	0.953
CASP9	VDAC1	0.512
CAT	CYCS	0.445
CAT	FOXO1	0.556
CAT	FOXO3	0.547
CAT	GPX2	0.557
CAT	GPX3	0.564
CAT	GPX4	0.555
CAT	GPX5	0.562
CAT	GPX6	0.562
CAT	GPX7	0.625
CAT	GPX8	0.626
CAT	GSR	0.646
CAT	PARK7	0.673
CAT	SOD1	0.92
CAT	SOD2	0.908
CAV1	CCL2	0.65
CAV1	CD36	0.956
CAV1	CTNNB1	0.942
CAV1	CXCL8	0.4
CAV1	CYBB	0.405
CAV1	CYCS	0.456
CAV1	EGF	0.694
CAV1	EGFR	0.999
CAV1	FOXO1	0.828
CAV1	FOXO3	0.824
CAV1	FYN	0.997
CAV1	GAPDH	0.631
CAV1	GLP1R	0.771
CAV1	GRB2	0.624
CAV1	GSK3B	0.781
CAV1	HIF1A	0.715
CAV1	HMGCR	0.427
CAV1	HMOX1	0.678
CAV1	HSP90AA1	0.988
CAV1	HSPA5	0.611
CAV1	HTT	0.718
CAV1	ICAM1	0.934
CAV1	IFNG	0.595
CAV1	IGF1	0.731
CAV1	IL1A	0.552
CAV1	IL1B	0.633
CAV1	IL6	0.714
CAV1	INS	0.81
CAV1	INSR	0.664
CAV1	IRS1	0.722
CAV1	ITPR1	0.642
CAV1	JUN	0.451
CAV1	LAMP1	0.583
CAV1	LEP	0.428
CAV1	MAP1LC3B	0.938
CAV1	MAPK3	0.803
CAV1	MAPK8	0.508
CAV1	MCL1	0.428
CAV1	MMP9	0.641
CAV1	MTOR	0.422
CAV1	NFKB1	0.415
CAV1	NFKBIA	0.457
CAV1	NGFR	0.424
CAV1	NOS1	0.641
CAV1	NOS2	0.453
CAV1	NOS3	0.999
CAV1	NOX4	0.431
CAV1	PPARG	0.765
CAV1	PPP2CA	0.725
CAV1	PRKACA	0.922
CAV1	PRKACB	0.891
CAV1	PRKACG	0.894
CAV1	PRKCA	0.877
CAV1	PRNP	0.99
CAV1	PTEN	0.912
CAV1	PTGS2	0.826
CAV1	PTPRC	0.473
CAV1	PXDN	0.626
CAV1	PXDNL	0.578
CAV1	RAB5A	0.761
CAV1	RYR2	0.639
CAV1	SCARB1	0.952
CAV1	SCARB2	0.945
CAV1	SLC2A4	0.571
CAV1	SNAP25	0.532
CAV1	SNCA	0.481
CAV1	SQSTM1	0.632
CAV1	SRC	0.999
CAV1	SREBF1	0.406
CAV1	STAT1	0.517
CAV1	STAT3	0.759
CAV1	TGFB1	0.692
CAV1	TLR4	0.962
CAV1	TNF	0.647
CAV1	TP53	0.574
CAV1	VDAC1	0.886
CCK	CCL2	0.418
CCK	CCL5	0.523
CCK	CD4	0.488
CCK	CD86	0.401
CCK	CHRM1	0.431
CCK	CREB1	0.443
CCK	CTNNB1	0.739
CCK	CXCL8	0.464
CCK	CYCS	0.588
CCK	DDIT3	0.407
CCK	DNTT	0.645
CCK	EGF	0.738
CCK	EGFR	0.627
CCK	EIF2AK3	0.597
CCK	FOS	0.708
CCK	FOXO1	0.437
CCK	FOXO3	0.438
CCK	GAPDH	0.881
CCK	GFAP	0.514
CCK	GLP1R	0.734
CCK	GPX2	0.461
CCK	GPX3	0.441
CCK	GPX4	0.531
CCK	GPX5	0.441
CCK	GPX6	0.427
CCK	GPX7	0.441
CCK	GPX8	0.452
CCK	GSK3B	0.584
CCK	HIF1A	0.628
CCK	HMGB1	0.429
CCK	HMOX1	0.556
CCK	HSPA5	0.512
CCK	IFNG	0.544
CCK	IGF1	0.533
CCK	IL10	0.545
CCK	IL18	0.431
CCK	IL1A	0.436
CCK	IL1B	0.727
CCK	IL4	0.488
CCK	IL6	0.719
CCK	INS	0.843
CCK	JUN	0.577
CCK	KEAP1	0.427
CCK	LEP	0.882
CCK	MAP1A	0.45
CCK	MAP1LC3B	0.617
CCK	MAPK3	0.628
CCK	MCL1	0.442
CCK	MMP9	0.716
CCK	MRC1	0.4
CCK	MTOR	0.571
CCK	NFE2L2	0.501
CCK	NFKB1	0.447
CCK	NFKBIA	0.567
CCK	NGF	0.411
CCK	NLRP3	0.416
CCK	NOS1	0.448
CCK	NPY	0.916
CCK	NQO1	0.438
CCK	PPARA	0.407
CCK	PPARG	0.514
CCK	PRKCA	0.438
CCK	PTEN	0.624
CCK	PTGS2	0.51
CCK	PTPRC	0.477
CCK	PXDN	0.855
CCK	PXDNL	0.856
CCK	RBFOX3	0.483
CCK	RPS6KB1	0.514
CCK	SCARB1	0.551
CCK	SIRT1	0.543
CCK	SLC17A7	0.507
CCK	SNAP25	0.445
CCK	SQSTM1	0.463
CCK	SRC	0.462
CCK	STAT3	0.702
CCK	SYN1	0.402
CCK	SYP	0.434
CCK	TGFB1	0.634
CCK	TH	0.666
CCK	TLR4	0.54
CCK	TNF	0.688
CCK	TP53	0.695
CCL2	CCL3	0.576
CCL2	CCL5	0.999
CCL2	CD163	0.784
CCL2	CD33	0.466
CCL2	CD36	0.67
CCL2	CD4	0.839
CCL2	CD68	0.815
CCL2	CD86	0.737
CCL2	CLU	0.608
CCL2	CREB1	0.48
CCL2	CRP	0.816
CCL2	CSF1	0.833
CCL2	CSF1R	0.86
CCL2	CTNNB1	0.571
CCL2	CTSB	0.497
CCL2	CTSS	0.527
CCL2	CX3CR1	0.998
CCL2	CXCL8	0.999
CCL2	CYBB	0.639
CCL2	CYCS	0.447
CCL2	EGF	0.696
CCL2	EGFR	0.725
CCL2	EIF2AK3	0.431
CCL2	FOS	0.756
CCL2	FOXO1	0.416
CCL2	GAPDH	0.729
CCL2	GFAP	0.584
CCL2	GPX2	0.528
CCL2	GPX3	0.541
CCL2	GPX5	0.52
CCL2	GPX6	0.522
CCL2	GPX7	0.523
CCL2	GPX8	0.522
CCL2	GSK3B	0.454
CCL2	HIF1A	0.692
CCL2	HMGB1	0.641
CCL2	HMGCR	0.47
CCL2	HMOX1	0.697
CCL2	HSP90AA1	0.4
CCL2	HSPA5	0.419
CCL2	ICAM1	0.928
CCL2	IFNG	0.938
CCL2	IGF1	0.76
CCL2	IL10	0.963
CCL2	IL18	0.881
CCL2	IL1A	0.934
CCL2	IL1B	0.97
CCL2	IL4	0.921
CCL2	IL6	0.985
CCL2	INS	0.78
CCL2	IRS1	0.507
CCL2	ITGAM	0.796
CCL2	JUN	0.98
CCL2	KEAP1	0.412
CCL2	LAMP1	0.419
CCL2	LEP	0.769
CCL2	MAPK14	0.635
CCL2	MAPK3	0.747
CCL2	MAPK8	0.527
CCL2	MBP	0.403
CCL2	MMP9	0.809
CCL2	MPO	0.692
CCL2	MRC1	0.827
CCL2	MS4A4A	0.4
CCL2	MTOR	0.511
CCL2	NEFL	0.419
CCL2	NFE2L2	0.581
CCL2	NFKB1	0.982
CCL2	NFKBIA	0.754
CCL2	NGF	0.623
CCL2	NLRP3	0.664
CCL2	NOS2	0.633
CCL2	NOS3	0.628
CCL2	NOX1	0.462
CCL2	NOX4	0.59
CCL2	NQO1	0.432
CCL2	PON1	0.459
CCL2	PPARA	0.616
CCL2	PPARG	0.731
CCL2	PPARGC1A	0.511
CCL2	PRKACA	0.419
CCL2	PRKACB	0.419
CCL2	PRKACG	0.419
CCL2	PTEN	0.505
CCL2	PTGS2	0.867
CCL2	PTPRC	0.735
CCL2	PXDN	0.657
CCL2	PXDNL	0.65
CCL2	RBFOX3	0.403
CCL2	RELA	0.987
CCL2	S100B	0.476
CCL2	SCARB1	0.675
CCL2	SCARB2	0.672
CCL2	SIRT1	0.575
CCL2	SLC2A4	0.518
CCL2	SOD1	0.433
CCL2	SOD2	0.526
CCL2	SRC	0.733
CCL2	SREBF1	0.519
CCL2	STAT1	0.831
CCL2	STAT3	0.867
CCL2	TGFB1	0.851
CCL2	TLR2	0.79
CCL2	TLR4	0.847
CCL2	TMEM119	0.4
CCL2	TNF	0.978
CCL2	TP53	0.6
CCL2	TRAF6	0.542
CCL2	TREM2	0.526
CCL2	TYROBP	0.436
CCL2	XDH	0.487
CCL3	CCL5	0.913
CCL3	CD163	0.643
CCL3	CD33	0.427
CCL3	CD36	0.451
CCL3	CD4	0.88
CCL3	CD68	0.653
CCL3	CD86	0.748
CCL3	CRP	0.759
CCL3	CSF1	0.728
CCL3	CSF1R	0.712
CCL3	CTSS	0.469
CCL3	CX3CR1	0.97
CCL3	CXCL8	0.977
CCL3	CYBB	0.453
CCL3	EGF	0.582
CCL3	FOS	0.657
CCL3	GAPDH	0.57
CCL3	GFAP	0.402
CCL3	HIF1A	0.44
CCL3	HMGB1	0.456
CCL3	HMOX1	0.407
CCL3	ICAM1	0.74
CCL3	IDE	0.953
CCL3	IFNG	0.947
CCL3	IGF1	0.443
CCL3	IL10	0.972
CCL3	IL18	0.86
CCL3	IL1A	0.923
CCL3	IL1B	0.972
CCL3	IL4	0.827
CCL3	IL6	0.962
CCL3	INS	0.455
CCL3	ITGAM	0.711
CCL3	JUN	0.585
CCL3	LAMP1	0.424
CCL3	LEP	0.505
CCL3	MAPK3	0.453
CCL3	MMP9	0.664
CCL3	MPO	0.587
CCL3	MRC1	0.602
CCL3	NFKB1	0.749
CCL3	NFKBIA	0.752
CCL3	NGF	0.487
CCL3	NLRP3	0.596
CCL3	NOS2	0.457
CCL3	PPARG	0.433
CCL3	PTGS2	0.781
CCL3	PTPRC	0.668
CCL3	PXDN	0.451
CCL3	PXDNL	0.43
CCL3	RELA	0.616
CCL3	SCARB1	0.433
CCL3	SCARB2	0.432
CCL3	STAT1	0.593
CCL3	STAT3	0.858
CCL3	TGFB1	0.633
CCL3	TLR2	0.787
CCL3	TLR4	0.815
CCL3	TNF	0.988
CCL3	TRAF6	0.425
CCL3	TREM2	0.443
CCL3	TYROBP	0.511
CCL5	CD163	0.773
CCL5	CD33	0.415
CCL5	CD36	0.482
CCL5	CD4	0.887
CCL5	CD68	0.647
CCL5	CD86	0.715
CCL5	CRP	0.707
CCL5	CSF1	0.732
CCL5	CSF1R	0.844
CCL5	CTNNB1	0.433
CCL5	CTSS	0.63
CCL5	CX3CR1	0.993
CCL5	CXCL8	0.98
CCL5	CYBB	0.63
CCL5	EGF	0.719
CCL5	EGFR	0.644
CCL5	FOS	0.6
CCL5	GAPDH	0.632
CCL5	HIF1A	0.507
CCL5	HMGB1	0.493
CCL5	HMOX1	0.433
CCL5	ICAM1	0.805
CCL5	IFNG	0.921
CCL5	IGF1	0.52
CCL5	IL10	0.945
CCL5	IL18	0.858
CCL5	IL1A	0.9
CCL5	IL1B	0.938
CCL5	IL4	0.828
CCL5	IL6	0.95
CCL5	INS	0.523
CCL5	ITGAM	0.833
CCL5	JUN	0.953
CCL5	LEP	0.545
CCL5	MAPK3	0.687
CCL5	MAPK8	0.598
CCL5	MMP9	0.813
CCL5	MPO	0.56
CCL5	MRC1	0.6
CCL5	NFKB1	0.975
CCL5	NFKBIA	0.607
CCL5	NGF	0.512
CCL5	NLRP3	0.527
CCL5	NOS2	0.678
CCL5	PINK1	0.419
CCL5	PPARG	0.678
CCL5	PTGS2	0.823
CCL5	PTPRC	0.721
CCL5	PXDN	0.549
CCL5	PXDNL	0.549
CCL5	RELA	0.948
CCL5	SCARB1	0.454
CCL5	SCARB2	0.451
CCL5	SOD2	0.536
CCL5	SRC	0.81
CCL5	STAT1	0.817
CCL5	STAT3	0.836
CCL5	TGFB1	0.694
CCL5	TLR2	0.739
CCL5	TLR4	0.82
CCL5	TNF	0.96
CCL5	TP53	0.503
CCL5	TRAF6	0.474
CCL5	TYROBP	0.653
CD163	CD33	0.685
CD163	CD36	0.981
CD163	CD4	0.806
CD163	CD68	0.919
CD163	CD86	0.832
CD163	CRP	0.604
CD163	CSF1	0.734
CD163	CSF1R	0.929
CD163	CTSS	0.449
CD163	CX3CR1	0.79
CD163	CXCL8	0.627
CD163	CYBB	0.565
CD163	EGFR	0.409
CD163	GAPDH	0.521
CD163	GFAP	0.456
CD163	HIF1A	0.465
CD163	HMGB1	0.402
CD163	HMOX1	0.631
CD163	ICAM1	0.54
CD163	IFNG	0.751
CD163	IGF1	0.428
CD163	IL10	0.955
CD163	IL18	0.537
CD163	IL1A	0.59
CD163	IL1B	0.84
CD163	IL4	0.746
CD163	IL6	0.964
CD163	INS	0.484
CD163	ITGAM	0.819
CD163	LRP1	0.527
CD163	MMP9	0.666
CD163	MPO	0.554
CD163	MRC1	0.93
CD163	MS4A4A	0.843
CD163	MS4A6A	0.873
CD163	NFKB1	0.513
CD163	NFKBIA	0.42
CD163	NLRP3	0.499
CD163	NOS2	0.518
CD163	PPARG	0.499
CD163	PTGS2	0.49
CD163	PTPRC	0.841
CD163	PXDN	0.545
CD163	PXDNL	0.548
CD163	SCARB1	0.602
CD163	SCARB2	0.608
CD163	STAT1	0.591
CD163	STAT3	0.637
CD163	TGFB1	0.6
CD163	TLR2	0.835
CD163	TLR4	0.814
CD163	TMEM119	0.503
CD163	TNF	0.75
CD163	TP53	0.419
CD163	TREM2	0.581
CD163	TYROBP	0.652
CD33	CD36	0.732
CD33	CD4	0.869
CD33	CD68	0.714
CD33	CD86	0.633
CD33	CLU	0.79
CD33	CSF1	0.473
CD33	CSF1R	0.615
CD33	CX3CR1	0.561
CD33	CXCL8	0.439
CD33	CYBB	0.416
CD33	DNTT	0.661
CD33	EGFR	0.418
CD33	ICAM1	0.47
CD33	IFNG	0.61
CD33	IL10	0.595
CD33	IL1B	0.541
CD33	IL4	0.483
CD33	IL6	0.606
CD33	ITGAM	0.85
CD33	LEP	0.752
CD33	MAPT	0.483
CD33	MME	0.778
CD33	MPO	0.751
CD33	MRC1	0.494
CD33	MS4A4A	0.678
CD33	MS4A4E	0.818
CD33	MS4A6A	0.766
CD33	MS4A6E	0.607
CD33	PICALM	0.756
CD33	PSEN1	0.535
CD33	PSEN2	0.567
CD33	PTPRC	0.819
CD33	SCARB1	0.702
CD33	SCARB2	0.707
CD33	SORL1	0.809
CD33	SRC	0.449
CD33	STAT3	0.471
CD33	TGFB1	0.58
CD33	TLR2	0.449
CD33	TLR4	0.675
CD33	TMEM119	0.419
CD33	TNF	0.568
CD33	TP53	0.442
CD33	TREM2	0.954
CD33	TYROBP	0.897
CD36	CD4	0.612
CD36	CD68	0.797
CD36	CD86	0.588
CD36	CRP	0.474
CD36	CSF1	0.483
CD36	CSF1R	0.583
CD36	CTSS	0.437
CD36	CX3CR1	0.524
CD36	CXCL8	0.512
CD36	CYBB	0.552
CD36	EGF	0.549
CD36	FOXO1	0.469
CD36	FYN	0.983
CD36	GAPDH	0.593
CD36	GFAP	0.462
CD36	HIF1A	0.52
CD36	HMGB1	0.789
CD36	HMGCR	0.596
CD36	HMOX1	0.472
CD36	ICAM1	0.806
CD36	IFNG	0.607
CD36	IGF1	0.496
CD36	IL10	0.649
CD36	IL18	0.483
CD36	IL1A	0.518
CD36	IL1B	0.727
CD36	IL4	0.888
CD36	IL6	0.73
CD36	INS	0.741
CD36	IRS1	0.661
CD36	ITGAM	0.805
CD36	JUN	0.447
CD36	LAMP1	0.406
CD36	LEP	0.663
CD36	LRP1	0.742
CD36	MAPK3	0.456
CD36	MME	0.465
CD36	MMP9	0.578
CD36	MPO	0.502
CD36	MRC1	0.687
CD36	MS4A6A	0.506
CD36	MTOR	0.416
CD36	NFE2L2	0.453
CD36	NFKB1	0.693
CD36	NFKBIA	0.44
CD36	NLRP3	0.544
CD36	NOS3	0.436
CD36	PPARA	0.952
CD36	PPARG	0.942
CD36	PPARGC1A	0.843
CD36	PRKCA	0.588
CD36	PTGS2	0.484
CD36	PTPRC	0.77
CD36	PXDN	0.534
CD36	PXDNL	0.534
CD36	SIRT1	0.678
CD36	SLC2A1	0.517
CD36	SLC2A4	0.719
CD36	SNCA	0.59
CD36	SRC	0.72
CD36	SREBF1	0.765
CD36	STAT1	0.441
CD36	STAT3	0.508
CD36	TFAM	0.4
CD36	TGFB1	0.54
CD36	TLR2	0.998
CD36	TLR4	0.998
CD36	TNF	0.711
CD36	TP53	0.421
CD36	TREM2	0.521
CD36	TYROBP	0.454
CD36	UCP2	0.602
CD4	CD68	0.898
CD4	CD86	0.958
CD4	CREB1	0.505
CD4	CRP	0.79
CD4	CSF1	0.67
CD4	CSF1R	0.755
CD4	CTNNB1	0.7
CD4	CTSB	0.486
CD4	CTSS	0.62
CD4	CX3CR1	0.77
CD4	CXCL8	0.861
CD4	CYBB	0.555
CD4	CYCS	0.544
CD4	DNTT	0.726
CD4	EGF	0.583
CD4	EGFR	0.64
CD4	EIF2AK3	0.43
CD4	FOS	0.663
CD4	FOXO1	0.544
CD4	FOXO3	0.452
CD4	FYN	0.98
CD4	GAPDH	0.759
CD4	GFAP	0.517
CD4	GRB2	0.436
CD4	GSK3B	0.429
CD4	HIF1A	0.622
CD4	HMGB1	0.611
CD4	HMOX1	0.519
CD4	HSP90AA1	0.54
CD4	ICAM1	0.969
CD4	IFNG	0.991
CD4	IGF1	0.513
CD4	IL10	0.976
CD4	IL18	0.849
CD4	IL1A	0.876
CD4	IL1B	0.958
CD4	IL4	0.97
CD4	IL6	0.966
CD4	INS	0.829
CD4	ITGAM	0.943
CD4	JUN	0.626
CD4	LAMP1	0.775
CD4	LDLR	0.54
CD4	LEP	0.575
CD4	LRP1	0.462
CD4	MAPK14	0.69
CD4	MAPK3	0.71
CD4	MAPK8	0.415
CD4	MBP	0.773
CD4	MCL1	0.503
CD4	MME	0.816
CD4	MMP9	0.701
CD4	MPO	0.7
CD4	MRC1	0.757
CD4	MS4A4A	0.465
CD4	MTOR	0.635
CD4	NEFL	0.615
CD4	NFKB1	0.858
CD4	NFKBIA	0.618
CD4	NGF	0.418
CD4	NGFR	0.416
CD4	NLRP3	0.65
CD4	NOS2	0.585
CD4	PICALM	0.534
CD4	PPARG	0.584
CD4	PTEN	0.602
CD4	PTGS2	0.615
CD4	PTPRC	0.981
CD4	PXDN	0.743
CD4	PXDNL	0.743
CD4	RELA	0.546
CD4	RPS6KB1	0.403
CD4	SCARB1	0.589
CD4	SCARB2	0.739
CD4	SIRT1	0.448
CD4	SLC18A3	0.431
CD4	SLC2A1	0.542
CD4	SNCA	0.585
CD4	SRC	0.728
CD4	STAT1	0.891
CD4	STAT3	0.892
CD4	TGFB1	0.87
CD4	TLR2	0.814
CD4	TLR4	0.902
CD4	TNF	0.968
CD4	TP53	0.703
CD4	TRAF6	0.62
CD4	TREM2	0.414
CD4	TYROBP	0.634
CD68	CD86	0.79
CD68	CRP	0.59
CD68	CSF1	0.723
CD68	CSF1R	0.792
CD68	CTNNB1	0.443
CD68	CTSB	0.792
CD68	CTSD	0.514
CD68	CTSS	0.604
CD68	CX3CR1	0.75
CD68	CXCL8	0.625
CD68	CYBB	0.624
CD68	DNTT	0.583
CD68	EGF	0.449
CD68	EGFR	0.449
CD68	GAPDH	0.863
CD68	GFAP	0.846
CD68	HIF1A	0.513
CD68	HMGB1	0.445
CD68	HMOX1	0.583
CD68	ICAM1	0.693
CD68	IFNG	0.811
CD68	IGF1	0.475
CD68	IL10	0.794
CD68	IL18	0.595
CD68	IL1A	0.639
CD68	IL1B	0.84
CD68	IL4	0.724
CD68	IL6	0.839
CD68	INS	0.612
CD68	ITGAM	0.896
CD68	JUN	0.609
CD68	LAMP1	0.915
CD68	LEP	0.538
CD68	MAPK3	0.409
CD68	MBP	0.617
CD68	MME	0.597
CD68	MMP9	0.766
CD68	MPO	0.74
CD68	MRC1	0.877
CD68	MS4A4A	0.549
CD68	NFE2L2	0.534
CD68	NFKB1	0.541
CD68	NFKBIA	0.504
CD68	NGF	0.407
CD68	NLRP3	0.494
CD68	NOS2	0.568
CD68	NOS3	0.4
CD68	PPARA	0.41
CD68	PPARG	0.588
CD68	PTGS2	0.582
CD68	PTPRC	0.888
CD68	PXDN	0.793
CD68	PXDNL	0.793
CD68	RBFOX3	0.755
CD68	S100B	0.455
CD68	SCARB1	0.79
CD68	SCARB2	0.79
CD68	SLC1A2	0.454
CD68	SNCA	0.435
CD68	SOD1	0.401
CD68	STAT1	0.533
CD68	STAT3	0.617
CD68	SYP	0.578
CD68	TGFB1	0.787
CD68	TH	0.434
CD68	TLR2	0.647
CD68	TLR4	0.726
CD68	TMEM119	0.639
CD68	TNF	0.86
CD68	TP53	0.542
CD68	TREM2	0.805
CD68	TYROBP	0.796
CD86	CSF1	0.857
CD86	CSF1R	0.735
CD86	CTSS	0.576
CD86	CX3CR1	0.677
CD86	CXCL8	0.699
CD86	CYBB	0.668
CD86	CYCS	0.463
CD86	EGF	0.55
CD86	EGFR	0.432
CD86	FYN	0.623
CD86	GAPDH	0.593
CD86	GFAP	0.434
CD86	GRB2	0.692
CD86	HIF1A	0.432
CD86	HMGB1	0.548
CD86	HSP90AA1	0.6
CD86	ICAM1	0.985
CD86	IFNG	0.943
CD86	IL10	0.966
CD86	IL18	0.68
CD86	IL1A	0.825
CD86	IL1B	0.863
CD86	IL4	0.917
CD86	IL6	0.862
CD86	INS	0.455
CD86	ITGAM	0.913
CD86	JUN	0.419
CD86	LAMP1	0.724
CD86	MAPK14	0.477
CD86	MAPK3	0.578
CD86	MAPK8	0.455
CD86	MBP	0.42
CD86	MMP9	0.555
CD86	MPO	0.459
CD86	MRC1	0.871
CD86	MS4A4A	0.589
CD86	NFKB1	0.717
CD86	NFKBIA	0.523
CD86	NLRP3	0.611
CD86	NOS2	0.533
CD86	PPARG	0.451
CD86	PPP2CA	0.686
CD86	PTGS2	0.485
CD86	PTPRC	0.879
CD86	PXDN	0.559
CD86	PXDNL	0.559
CD86	RELA	0.411
CD86	SCARB1	0.561
CD86	SCARB2	0.57
CD86	SRC	0.633
CD86	STAT1	0.645
CD86	STAT3	0.806
CD86	TGFB1	0.655
CD86	TLR2	0.805
CD86	TLR4	0.841
CD86	TNF	0.922
CD86	TP53	0.595
CD86	TRAF6	0.573
CD86	TREM2	0.493
CD86	TYROBP	0.654
CDK5	CDK5R1	0.999
CDK5	CHAT	0.516
CDK5	CREB1	0.579
CDK5	CTNNB1	0.653
CDK5	CTSB	0.443
CDK5	CTSD	0.496
CDK5	CYCS	0.4
CDK5	DLG4	0.974
CDK5	DNM1L	0.514
CDK5	EGFR	0.538
CDK5	FOS	0.441
CDK5	FOXO3	0.81
CDK5	FYN	0.951
CDK5	GAPDH	0.555
CDK5	GFAP	0.425
CDK5	GRIA1	0.524
CDK5	GRIN2A	0.763
CDK5	GRIN2B	0.8
CDK5	GSK3B	0.627
CDK5	HMGCR	0.516
CDK5	HSP90AA1	0.507
CDK5	HTT	0.609
CDK5	IDE	0.508
CDK5	INS	0.555
CDK5	JUN	0.926
CDK5	MAP1B	0.53
CDK5	MAP2	0.515
CDK5	MAPT	0.999
CDK5	MBP	0.478
CDK5	MMEL1	0.581
CDK5	NCSTN	0.604
CDK5	NEFL	0.656
CDK5	NGF	0.498
CDK5	NOS1	0.543
CDK5	NTRK2	0.615
CDK5	PINK1	0.47
CDK5	PPARG	0.909
CDK5	PRKN	0.631
CDK5	PSEN1	0.853
CDK5	PSEN2	0.72
CDK5	PSENEN	0.554
CDK5	PTEN	0.438
CDK5	PXDN	0.448
CDK5	PXDNL	0.443
CDK5	SIRT1	0.49
CDK5	SNCA	0.672
CDK5	SOD1	0.658
CDK5	SQSTM1	0.456
CDK5	SYN1	0.591
CDK5	SYN2	0.49
CDK5	SYN3	0.489
CDK5	SYP	0.715
CDK5	TP53	0.967
CDK5R1	CTNNB1	0.734
CDK5R1	FOXO3	0.763
CDK5R1	FYN	0.568
CDK5R1	GSK3B	0.708
CDK5R1	JUN	0.778
CDK5R1	MAPT	0.969
CDK5R1	NGF	0.434
CDK5R1	NTRK2	0.631
CDK5R1	SYP	0.542
CDK5R1	TP53	0.798
CHAT	CHRM1	0.56
CHAT	CREB1	0.416
CHAT	CYBB	0.445
CHAT	DLG4	0.419
CHAT	FOS	0.541
CHAT	GAP43	0.479
CHAT	GAPDH	0.44
CHAT	GFAP	0.743
CHAT	GRIN1	0.456
CHAT	INS	0.42
CHAT	MAOB	0.461
CHAT	MAP2	0.73
CHAT	MAPT	0.447
CHAT	NEFL	0.598
CHAT	NGF	0.773
CHAT	NGFR	0.638
CHAT	NOS1	0.76
CHAT	NOX1	0.42
CHAT	NPY	0.696
CHAT	NTRK2	0.461
CHAT	PSEN1	0.431
CHAT	PXDN	0.545
CHAT	PXDNL	0.567
CHAT	RBFOX3	0.661
CHAT	SLC17A7	0.647
CHAT	SLC18A3	0.996
CHAT	SLC5A7	0.774
CHAT	SLC6A3	0.453
CHAT	SNCA	0.446
CHAT	SOD1	0.741
CHAT	SYN1	0.584
CHAT	SYN2	0.443
CHAT	SYN3	0.455
CHAT	SYP	0.623
CHAT	TH	0.881
CHAT	XDH	0.474
CHRM1	CHRNA4	0.513
CHRM1	CHRNA7	0.417
CHRM1	GRIN1	0.547
CHRM1	GRIN2A	0.452
CHRM1	GRIN2B	0.471
CHRM1	ITPR1	0.45
CHRM1	NPY	0.738
CHRM1	RELA	0.661
CHRM1	SLC17A7	0.539
CHRM1	SLC18A3	0.499
CHRNA4	CHRNA7	0.925
CHRNA4	GRIN1	0.406
CHRNA4	GRIN2A	0.509
CHRNA4	GRIN2B	0.584
CHRNA4	MAOB	0.502
CHRNA4	SLC17A7	0.542
CHRNA4	SLC18A3	0.404
CHRNA4	SLC1A2	0.543
CHRNA4	SLC6A3	0.62
CHRNA4	SNAP25	0.499
CHRNA7	GRIN1	0.457
CHRNA7	PRNP	0.416
CLU	CRP	0.642
CLU	CTSD	0.413
CLU	CXCL8	0.557
CLU	DLG4	0.538
CLU	EGF	0.407
CLU	EGFR	0.413
CLU	FOS	0.629
CLU	GAPDH	0.579
CLU	GFAP	0.414
CLU	GPX2	0.557
CLU	GPX3	0.597
CLU	GPX5	0.542
CLU	GPX6	0.527
CLU	GPX7	0.526
CLU	GPX8	0.526
CLU	HIF1A	0.569
CLU	HSP90AA1	0.557
CLU	HSPA5	0.874
CLU	IDE	0.419
CLU	IGF1	0.562
CLU	IL1A	0.566
CLU	IL1B	0.601
CLU	IL4	0.533
CLU	IL6	0.455
CLU	INS	0.455
CLU	JUN	0.574
CLU	LDLR	0.598
CLU	LEP	0.899
CLU	LRP1	0.715
CLU	MAP2	0.475
CLU	MAPT	0.696
CLU	MMEL1	0.406
CLU	MMP9	0.718
CLU	MS4A4A	0.609
CLU	MS4A4E	0.809
CLU	MS4A6A	0.714
CLU	MS4A6E	0.61
CLU	NFKB1	0.761
CLU	NFKBIA	0.401
CLU	PICALM	0.923
CLU	PON1	0.996
CLU	PRNP	0.613
CLU	PSEN1	0.664
CLU	PSEN2	0.626
CLU	SNCA	0.861
CLU	SORL1	0.862
CLU	TGFB1	0.745
CLU	TLR4	0.549
CLU	TNF	0.494
CLU	TP53	0.418
CLU	TREM2	0.985
CLU	TYROBP	0.434
CLU	VDAC1	0.507
COX4I1	CYCS	0.966
COX4I1	DDIT3	0.581
COX4I1	DNM1L	0.602
COX4I1	GAPDH	0.776
COX4I1	GPX4	0.726
COX4I1	GPX7	0.443
COX4I1	HIF1A	0.489
COX4I1	HMOX1	0.593
COX4I1	HSP90AA1	0.419
COX4I1	HSPA5	0.441
COX4I1	INS	0.474
COX4I1	LAMP1	0.487
COX4I1	MAP1LC3B	0.637
COX4I1	MCL1	0.582
COX4I1	MFN2	0.715
COX4I1	NDUFS1	0.965
COX4I1	PARK7	0.54
COX4I1	PINK1	0.672
COX4I1	PPARA	0.459
COX4I1	PPARG	0.458
COX4I1	PPARGC1A	0.782
COX4I1	PRKN	0.513
COX4I1	PXDN	0.63
COX4I1	PXDNL	0.627
COX4I1	RPS6KB1	0.449
COX4I1	SIRT1	0.521
COX4I1	SLC2A4	0.447
COX4I1	SOD1	0.488
COX4I1	SOD2	0.625
COX4I1	SQSTM1	0.496
COX4I1	TFAM	0.832
COX4I1	TP53	0.505
COX4I1	UCP2	0.456
COX4I1	VDAC1	0.862
CREB1	CTNNB1	0.95
CREB1	CTSS	0.923
CREB1	CXCL8	0.483
CREB1	CYCS	0.544
CREB1	DDIT3	0.436
CREB1	DLG4	0.673
CREB1	EGF	0.541
CREB1	EGFR	0.576
CREB1	EIF2AK3	0.715
CREB1	ERN1	0.413
CREB1	FOS	0.998
CREB1	FOXO1	0.92
CREB1	FOXO3	0.634
CREB1	FYN	0.467
CREB1	GAP43	0.461
CREB1	GAPDH	0.689
CREB1	GFAP	0.512
CREB1	GLP1R	0.453
CREB1	GPX2	0.438
CREB1	GPX3	0.438
CREB1	GPX5	0.439
CREB1	GPX6	0.436
CREB1	GPX7	0.439
CREB1	GPX8	0.439
CREB1	GRB2	0.431
CREB1	GRIA1	0.66
CREB1	GRIN1	0.665
CREB1	GRIN2A	0.746
CREB1	GRIN2B	0.821
CREB1	GSK3B	0.988
CREB1	HIF1A	0.833
CREB1	HMOX1	0.557
CREB1	HSP90AA1	0.423
CREB1	HSPA5	0.638
CREB1	HTT	0.982
CREB1	ICAM1	0.408
CREB1	IFNG	0.563
CREB1	IGF1	0.593
CREB1	IL10	0.893
CREB1	IL18	0.42
CREB1	IL1A	0.475
CREB1	IL1B	0.672
CREB1	IL4	0.468
CREB1	IL6	0.918
CREB1	INS	0.776
CREB1	IRS1	0.48
CREB1	ITPR1	0.62
CREB1	JUN	0.998
CREB1	KEAP1	0.422
CREB1	LEP	0.66
CREB1	MAOB	0.454
CREB1	MAP2	0.424
CREB1	MAPK14	0.706
CREB1	MAPK3	0.987
CREB1	MAPK8	0.762
CREB1	MAPT	0.452
CREB1	MBP	0.407
CREB1	MCL1	0.468
CREB1	MMP9	0.529
CREB1	MTOR	0.624
CREB1	NFE2L2	0.551
CREB1	NFKB1	0.773
CREB1	NFKBIA	0.583
CREB1	NGF	0.677
CREB1	NGFR	0.423
CREB1	NOS1	0.439
CREB1	NOS3	0.412
CREB1	NPY	0.528
CREB1	NTRK2	0.771
CREB1	PPARA	0.593
CREB1	PPARG	0.672
CREB1	PPARGC1A	0.996
CREB1	PRKACA	0.996
CREB1	PRKACB	0.995
CREB1	PRKACG	0.994
CREB1	PRKCA	0.803
CREB1	PRKN	0.552
CREB1	PSEN1	0.513
CREB1	PTEN	0.704
CREB1	PTGS2	0.629
CREB1	PXDN	0.664
CREB1	PXDNL	0.662
CREB1	RBFOX3	0.549
CREB1	RELA	0.986
CREB1	RPS6KB1	0.597
CREB1	SIRT1	0.781
CREB1	SLC1A2	0.408
CREB1	SLC2A4	0.448
CREB1	SLC6A3	0.448
CREB1	SNCA	0.504
CREB1	SOD2	0.4
CREB1	SRC	0.628
CREB1	SREBF1	0.681
CREB1	STAT1	0.743
CREB1	STAT3	0.924
CREB1	SYN1	0.637
CREB1	SYN2	0.474
CREB1	SYN3	0.451
CREB1	SYP	0.586
CREB1	TFAM	0.539
CREB1	TGFB1	0.511
CREB1	TH	0.593
CREB1	TLR2	0.468
CREB1	TLR4	0.749
CREB1	TNF	0.681
CREB1	TP53	0.998
CREB1	TRAF6	0.474
CRP	CSF1	0.581
CRP	CTSB	0.576
CRP	CX3CR1	0.493
CRP	CXCL8	0.874
CRP	EGF	0.416
CRP	EGFR	0.416
CRP	GAPDH	0.45
CRP	GLP1R	0.455
CRP	GPX2	0.61
CRP	GPX3	0.612
CRP	GPX5	0.614
CRP	GPX6	0.608
CRP	GPX7	0.605
CRP	GPX8	0.605
CRP	HIF1A	0.416
CRP	HMGB1	0.526
CRP	HMGCR	0.601
CRP	HMOX1	0.474
CRP	ICAM1	0.789
CRP	IFNG	0.798
CRP	IGF1	0.76
CRP	IL10	0.878
CRP	IL18	0.835
CRP	IL1A	0.822
CRP	IL1B	0.886
CRP	IL4	0.822
CRP	IL6	0.968
CRP	INS	0.891
CRP	IRS1	0.431
CRP	ITGAM	0.47
CRP	JUN	0.451
CRP	LEP	0.914
CRP	MAPK3	0.419
CRP	MME	0.471
CRP	MMP9	0.806
CRP	MPO	0.817
CRP	MTOR	0.418
CRP	NFKB1	0.596
CRP	NFKBIA	0.4
CRP	NLRP3	0.707
CRP	NOS3	0.615
CRP	PON1	0.671
CRP	PPARA	0.479
CRP	PPARG	0.578
CRP	PTGS2	0.596
CRP	PTPRC	0.475
CRP	PXDN	0.551
CRP	PXDNL	0.551
CRP	S100B	0.507
CRP	SCARB1	0.506
CRP	SCARB2	0.448
CRP	SIRT1	0.424
CRP	SLC2A4	0.438
CRP	SRC	0.561
CRP	STAT3	0.574
CRP	TGFB1	0.573
CRP	TLR2	0.571
CRP	TLR4	0.674
CRP	TNF	0.938
CRP	TP53	0.435
CRP	XDH	0.507
CSF1	CSF1R	0.999
CSF1	CTNNB1	0.447
CSF1	CTSS	0.46
CSF1	CX3CR1	0.638
CSF1	CXCL8	0.714
CSF1	CYBB	0.531
CSF1	EGF	0.942
CSF1	EGFR	0.941
CSF1	FOS	0.693
CSF1	FYN	0.641
CSF1	GAPDH	0.743
CSF1	GFAP	0.433
CSF1	GRB2	0.785
CSF1	HIF1A	0.527
CSF1	ICAM1	0.829
CSF1	IFNG	0.79
CSF1	IGF1	0.541
CSF1	IL10	0.87
CSF1	IL18	0.625
CSF1	IL1A	0.826
CSF1	IL1B	0.81
CSF1	IL4	0.791
CSF1	IL6	0.827
CSF1	INS	0.465
CSF1	INSR	0.691
CSF1	ITGAM	0.781
CSF1	JUN	0.488
CSF1	MAPK3	0.475
CSF1	MMP9	0.644
CSF1	MRC1	0.723
CSF1	NFKB1	0.586
CSF1	NFKBIA	0.519
CSF1	NGF	0.608
CSF1	NGFR	0.716
CSF1	NOS2	0.459
CSF1	NTRK2	0.698
CSF1	PPARG	0.659
CSF1	PTGS2	0.502
CSF1	PTPRC	0.668
CSF1	PXDN	0.508
CSF1	PXDNL	0.508
CSF1	RELA	0.403
CSF1	SCARB1	0.493
CSF1	SCARB2	0.466
CSF1	SRC	0.91
CSF1	STAT1	0.791
CSF1	STAT3	0.802
CSF1	TGFB1	0.776
CSF1	TLR2	0.605
CSF1	TLR4	0.672
CSF1	TMEM119	0.506
CSF1	TNF	0.801
CSF1	TP53	0.447
CSF1	TRAF6	0.494
CSF1	TREM2	0.602
CSF1	TYROBP	0.512
CSF1R	CTNNB1	0.484
CSF1R	CTSB	0.426
CSF1R	CTSS	0.757
CSF1R	CX3CR1	0.836
CSF1R	CXCL8	0.647
CSF1R	CYBB	0.782
CSF1R	EGF	0.811
CSF1R	EGFR	0.697
CSF1R	FOS	0.703
CSF1R	FYN	0.692
CSF1R	GAPDH	0.482
CSF1R	GFAP	0.44
CSF1R	GRB2	0.95
CSF1R	HIF1A	0.482
CSF1R	ICAM1	0.636
CSF1R	IFNG	0.64
CSF1R	IGF1	0.815
CSF1R	IL10	0.662
CSF1R	IL1A	0.507
CSF1R	IL1B	0.678
CSF1R	IL4	0.608
CSF1R	IL6	0.779
CSF1R	INS	0.781
CSF1R	IRS1	0.697
CSF1R	ITGAM	0.865
CSF1R	JUN	0.415
CSF1R	MMP9	0.609
CSF1R	MPO	0.486
CSF1R	MRC1	0.773
CSF1R	MS4A4A	0.649
CSF1R	MS4A6A	0.584
CSF1R	NFKB1	0.452
CSF1R	NGF	0.73
CSF1R	NLRP3	0.432
CSF1R	NOS2	0.442
CSF1R	PPARG	0.449
CSF1R	PTEN	0.515
CSF1R	PTGS2	0.457
CSF1R	PTPRC	0.818
CSF1R	SCARB1	0.498
CSF1R	SCARB2	0.499
CSF1R	SRC	0.833
CSF1R	STAT1	0.745
CSF1R	STAT3	0.795
CSF1R	TGFB1	0.564
CSF1R	TLR2	0.765
CSF1R	TLR4	0.8
CSF1R	TMEM119	0.744
CSF1R	TNF	0.675
CSF1R	TP53	0.507
CSF1R	TRAF6	0.423
CSF1R	TREM2	0.857
CSF1R	TYROBP	0.962
CTNNB1	CXCL8	0.734
CTNNB1	CYCS	0.576
CTNNB1	DLG4	0.538
CTNNB1	DNTT	0.486
CTNNB1	EGF	0.868
CTNNB1	EGFR	0.998
CTNNB1	EIF2AK3	0.557
CTNNB1	FOS	0.618
CTNNB1	FOXO1	0.985
CTNNB1	FOXO3	0.998
CTNNB1	FYN	0.986
CTNNB1	GAPDH	0.897
CTNNB1	GFAP	0.552
CTNNB1	GPX2	0.411
CTNNB1	GPX3	0.409
CTNNB1	GRB2	0.506
CTNNB1	GRIN2B	0.757
CTNNB1	GSK3B	0.999
CTNNB1	HIF1A	0.998
CTNNB1	HMGB1	0.51
CTNNB1	HMOX1	0.489
CTNNB1	HSP90AA1	0.668
CTNNB1	HSPA5	0.7
CTNNB1	HTT	0.648
CTNNB1	ICAM1	0.514
CTNNB1	IFNG	0.713
CTNNB1	IGF1	0.687
CTNNB1	IL10	0.591
CTNNB1	IL18	0.4
CTNNB1	IL1A	0.552
CTNNB1	IL1B	0.745
CTNNB1	IL4	0.486
CTNNB1	IL6	0.813
CTNNB1	INS	0.727
CTNNB1	IRS1	0.686
CTNNB1	ITGAM	0.442
CTNNB1	JUN	0.898
CTNNB1	KEAP1	0.48
CTNNB1	LAMP1	0.437
CTNNB1	LEP	0.634
CTNNB1	MAP1LC3B	0.694
CTNNB1	MAPK14	0.838
CTNNB1	MAPK3	0.873
CTNNB1	MAPK8	0.719
CTNNB1	MAPT	0.633
CTNNB1	MCL1	0.749
CTNNB1	MME	0.514
CTNNB1	MMP9	0.799
CTNNB1	MTOR	0.694
CTNNB1	NCSTN	0.556
CTNNB1	NFE2L2	0.584
CTNNB1	NFKB1	0.964
CTNNB1	NFKBIA	0.582
CTNNB1	NGF	0.477
CTNNB1	NOS3	0.578
CTNNB1	NTRK2	0.431
CTNNB1	PIN1	0.515
CTNNB1	PPARA	0.473
CTNNB1	PPARG	0.994
CTNNB1	PPARGC1A	0.639
CTNNB1	PPP2CA	0.701
CTNNB1	PRKACA	0.957
CTNNB1	PRKACB	0.957
CTNNB1	PRKACG	0.956
CTNNB1	PRKCA	0.748
CTNNB1	PRKN	0.49
CTNNB1	PSEN1	0.999
CTNNB1	PTEN	0.943
CTNNB1	PTGS2	0.768
CTNNB1	PTPRC	0.735
CTNNB1	PXDN	0.79
CTNNB1	PXDNL	0.774
CTNNB1	RAB5A	0.407
CTNNB1	RBFOX3	0.41
CTNNB1	RELA	0.92
CTNNB1	RPS6KB1	0.591
CTNNB1	SCARB1	0.405
CTNNB1	SCARB2	0.401
CTNNB1	SIRT1	0.902
CTNNB1	SLC2A1	0.526
CTNNB1	SLC6A3	0.488
CTNNB1	SOD2	0.433
CTNNB1	SRC	0.999
CTNNB1	SREBF1	0.457
CTNNB1	STAT1	0.725
CTNNB1	STAT3	0.897
CTNNB1	SYP	0.507
CTNNB1	TGFB1	0.789
CTNNB1	TH	0.569
CTNNB1	TLR2	0.463
CTNNB1	TLR4	0.613
CTNNB1	TNF	0.715
CTNNB1	TP53	0.927
CTNNB1	TRAF6	0.606
CTSB	CTSD	0.977
CTSB	CTSS	0.958
CTSB	CXCL8	0.488
CTSB	CYCS	0.558
CTSB	EGF	0.419
CTSB	EGFR	0.619
CTSB	GAPDH	0.567
CTSB	GFAP	0.555
CTSB	GPX2	0.407
CTSB	GSK3B	0.485
CTSB	HIF1A	0.442
CTSB	HSP90AA1	0.422
CTSB	HSPA5	0.609
CTSB	IDE	0.615
CTSB	IFNG	0.519
CTSB	IL10	0.493
CTSB	IL18	0.597
CTSB	IL1A	0.52
CTSB	IL1B	0.695
CTSB	IL6	0.631
CTSB	INS	0.483
CTSB	JUN	0.623
CTSB	LAMP1	0.812
CTSB	LDLR	0.432
CTSB	LRP1	0.569
CTSB	MAP1A	0.425
CTSB	MAP1LC3B	0.574
CTSB	MAPK3	0.431
CTSB	MME	0.5
CTSB	MMEL1	0.563
CTSB	MMP9	0.897
CTSB	MPO	0.607
CTSB	MRC1	0.404
CTSB	MTOR	0.427
CTSB	NCSTN	0.565
CTSB	NFKB1	0.427
CTSB	NLRP3	0.993
CTSB	PPARG	0.41
CTSB	PRNP	0.452
CTSB	PSEN1	0.472
CTSB	PSENEN	0.52
CTSB	PXDN	0.519
CTSB	PXDNL	0.518
CTSB	RAB5A	0.448
CTSB	SCARB2	0.445
CTSB	SNCA	0.47
CTSB	SQSTM1	0.719
CTSB	STAT3	0.449
CTSB	TFEB	0.658
CTSB	TGFB1	0.434
CTSB	TLR2	0.463
CTSB	TLR4	0.553
CTSB	TNF	0.605
CTSB	TP53	0.468
CTSB	TREM2	0.434
CTSB	TYROBP	0.408
CTSD	CTSS	0.9
CTSD	CYCS	0.529
CTSD	EGFR	0.468
CTSD	GAPDH	0.575
CTSD	HSP90AA1	0.419
CTSD	HSPA5	0.507
CTSD	HTT	0.446
CTSD	IDE	0.809
CTSD	IL1B	0.486
CTSD	IL6	0.43
CTSD	INS	0.846
CTSD	LAMP1	0.999
CTSD	MAP1A	0.524
CTSD	MAP1B	0.461
CTSD	MAP1LC3B	0.64
CTSD	MAPT	0.558
CTSD	MBP	0.477
CTSD	MMP9	0.523
CTSD	MTOR	0.459
CTSD	PINK1	0.437
CTSD	PSEN1	0.499
CTSD	PXDN	0.503
CTSD	PXDNL	0.501
CTSD	RAB5A	0.686
CTSD	SCARB2	0.454
CTSD	SNCA	0.711
CTSD	SORL1	0.627
CTSD	SQSTM1	0.684
CTSD	TFEB	0.729
CTSD	TNF	0.467
CTSD	TP53	0.484
CTSD	TREM2	0.461
CTSD	TYROBP	0.481
CTSD	VPS35	0.686
CTSS	CX3CR1	0.509
CTSS	CXCL8	0.534
CTSS	CYBB	0.625
CTSS	CYCS	0.549
CTSS	EGF	0.643
CTSS	FOS	0.528
CTSS	GAPDH	0.519
CTSS	ICAM1	0.638
CTSS	IFNG	0.594
CTSS	IL10	0.534
CTSS	IL18	0.525
CTSS	IL1A	0.494
CTSS	IL1B	0.713
CTSS	IL4	0.589
CTSS	IL6	0.616
CTSS	INS	0.427
CTSS	ITGAM	0.567
CTSS	JUN	0.618
CTSS	LAMP1	0.739
CTSS	LDLR	0.46
CTSS	MAP1LC3B	0.441
CTSS	MCL1	0.478
CTSS	MMP9	0.874
CTSS	MPO	0.964
CTSS	MRC1	0.464
CTSS	MS4A6A	0.403
CTSS	NFKB1	0.472
CTSS	NLRP3	0.494
CTSS	PSEN1	0.488
CTSS	PTGS2	0.406
CTSS	PTPRC	0.762
CTSS	PXDN	0.441
CTSS	PXDNL	0.438
CTSS	RAB5A	0.439
CTSS	SCARB1	0.4
CTSS	SCARB2	0.416
CTSS	SQSTM1	0.494
CTSS	SRC	0.41
CTSS	STAT1	0.44
CTSS	STAT3	0.452
CTSS	TFEB	0.553
CTSS	TGFB1	0.654
CTSS	TLR2	0.588
CTSS	TLR4	0.626
CTSS	TNF	0.652
CTSS	TP53	0.433
CTSS	TREM2	0.474
CTSS	TYROBP	0.776
CX3CR1	CXCL8	0.914
CX3CR1	CYBB	0.499
CX3CR1	GAPDH	0.467
CX3CR1	GFAP	0.608
CX3CR1	HIF1A	0.492
CX3CR1	ICAM1	0.709
CX3CR1	IFNG	0.691
CX3CR1	IGF1	0.43
CX3CR1	IL10	0.725
CX3CR1	IL18	0.65
CX3CR1	IL1A	0.544
CX3CR1	IL1B	0.737
CX3CR1	IL4	0.608
CX3CR1	IL6	0.68
CX3CR1	ITGAM	0.827
CX3CR1	MAP2	0.451
CX3CR1	MAPK3	0.573
CX3CR1	MMP9	0.492
CX3CR1	MPO	0.593
CX3CR1	MRC1	0.682
CX3CR1	NFKB1	0.402
CX3CR1	PTPRC	0.75
CX3CR1	RBFOX3	0.506
CX3CR1	SCARB1	0.531
CX3CR1	SCARB2	0.531
CX3CR1	SRC	0.754
CX3CR1	STAT1	0.402
CX3CR1	STAT3	0.435
CX3CR1	TGFB1	0.491
CX3CR1	TLR2	0.741
CX3CR1	TLR4	0.672
CX3CR1	TMEM119	0.79
CX3CR1	TNF	0.696
CX3CR1	TREM2	0.767
CX3CR1	TYROBP	0.773
CXCL8	CYBB	0.481
CXCL8	CYCS	0.447
CXCL8	EGF	0.717
CXCL8	EGFR	0.792
CXCL8	EIF2AK3	0.495
CXCL8	FOS	0.765
CXCL8	FOXO1	0.405
CXCL8	FOXO3	0.406
CXCL8	GAPDH	0.699
CXCL8	GPX2	0.529
CXCL8	GPX3	0.529
CXCL8	GPX5	0.52
CXCL8	GPX6	0.518
CXCL8	GPX7	0.519
CXCL8	GPX8	0.517
CXCL8	GSK3B	0.62
CXCL8	HIF1A	0.716
CXCL8	HMGB1	0.61
CXCL8	HMOX1	0.622
CXCL8	HSP90AA1	0.45
CXCL8	ICAM1	0.943
CXCL8	IFNG	0.961
CXCL8	IGF1	0.609
CXCL8	IL10	0.97
CXCL8	IL18	0.926
CXCL8	IL1A	0.974
CXCL8	IL1B	0.994
CXCL8	IL4	0.997
CXCL8	IL6	0.991
CXCL8	INS	0.65
CXCL8	ITGAM	0.681
CXCL8	JUN	0.987
CXCL8	KEAP1	0.41
CXCL8	LEP	0.659
CXCL8	MAPK14	0.645
CXCL8	MAPK3	0.661
CXCL8	MAPK8	0.669
CXCL8	MCL1	0.446
CXCL8	MMP9	0.88
CXCL8	MPO	0.733
CXCL8	MRC1	0.551
CXCL8	MTOR	0.507
CXCL8	NFE2L2	0.665
CXCL8	NFKB1	0.988
CXCL8	NFKBIA	0.887
CXCL8	NGF	0.577
CXCL8	NLRP3	0.692
CXCL8	NOS2	0.506
CXCL8	NOS3	0.507
CXCL8	PPARA	0.431
CXCL8	PPARG	0.583
CXCL8	PTEN	0.518
CXCL8	PTGS2	0.975
CXCL8	PTPRC	0.608
CXCL8	PXDN	0.601
CXCL8	PXDNL	0.601
CXCL8	RELA	0.995
CXCL8	S100B	0.434
CXCL8	SCARB1	0.517
CXCL8	SCARB2	0.512
CXCL8	SIRT1	0.482
CXCL8	SLC2A1	0.414
CXCL8	SLC2A4	0.548
CXCL8	SOD2	0.573
CXCL8	SRC	0.781
CXCL8	STAT1	0.765
CXCL8	STAT3	0.857
CXCL8	TGFB1	0.775
CXCL8	TLR2	0.883
CXCL8	TLR4	0.933
CXCL8	TNF	0.983
CXCL8	TP53	0.804
CXCL8	TRAF6	0.726
CXCL8	TREM2	0.491
CXCL8	XDH	0.418
CYBB	CYCS	0.625
CYBB	ERN1	0.435
CYBB	GAPDH	0.61
CYBB	GPX2	0.753
CYBB	GPX3	0.739
CYBB	GPX4	0.446
CYBB	GPX5	0.736
CYBB	GPX6	0.736
CYBB	GPX7	0.743
CYBB	GPX8	0.743
CYBB	GSK3B	0.41
CYBB	GSR	0.492
CYBB	HIF1A	0.6
CYBB	HMGB1	0.456
CYBB	HMOX1	0.712
CYBB	ICAM1	0.627
CYBB	IFNG	0.616
CYBB	IGF1	0.427
CYBB	IL10	0.585
CYBB	IL18	0.533
CYBB	IL1A	0.457
CYBB	IL1B	0.746
CYBB	IL4	0.475
CYBB	IL6	0.708
CYBB	INS	0.545
CYBB	ITGAM	0.778
CYBB	JUN	0.531
CYBB	KEAP1	0.552
CYBB	LAMP1	0.567
CYBB	MAOB	0.471
CYBB	MAPK14	0.788
CYBB	MAPK3	0.955
CYBB	MAPK8	0.405
CYBB	MMP9	0.963
CYBB	MPO	0.767
CYBB	MRC1	0.495
CYBB	MS4A4A	0.472
CYBB	MS4A6A	0.553
CYBB	MTOR	0.44
CYBB	NEFL	0.407
CYBB	NFE2L2	0.62
CYBB	NFKB1	0.568
CYBB	NFKBIA	0.504
CYBB	NLRP3	0.574
CYBB	NOS1	0.7
CYBB	NOS2	0.607
CYBB	NOS3	0.702
CYBB	NOX1	0.998
CYBB	NOX4	0.998
CYBB	NQO1	0.533
CYBB	PPARA	0.42
CYBB	PPARG	0.544
CYBB	PPARGC1A	0.468
CYBB	PTEN	0.451
CYBB	PTGS2	0.698
CYBB	PTPRC	0.645
CYBB	PXDN	0.621
CYBB	PXDNL	0.617
CYBB	RAB5A	0.613
CYBB	RYR2	0.643
CYBB	SCARB1	0.49
CYBB	SCARB2	0.506
CYBB	SIRT1	0.546
CYBB	SOD1	0.876
CYBB	SOD2	0.643
CYBB	SRC	0.721
CYBB	STAT1	0.562
CYBB	STAT3	0.527
CYBB	TGFB1	0.597
CYBB	TLR2	0.786
CYBB	TLR4	0.902
CYBB	TNF	0.721
CYBB	TP53	0.46
CYBB	TRAF6	0.423
CYBB	TREM2	0.434
CYBB	TYROBP	0.652
CYBB	UCP2	0.411
CYBB	XDH	0.782
CYCS	DDIT3	0.628
CYCS	DNM1L	0.862
CYCS	DNTT	0.678
CYCS	EGF	0.531
CYCS	EGFR	0.605
CYCS	EIF2AK3	0.604
CYCS	ERN1	0.717
CYCS	FOS	0.485
CYCS	FOXO1	0.539
CYCS	FOXO3	0.624
CYCS	FYN	0.588
CYCS	GAPDH	0.88
CYCS	GPX2	0.737
CYCS	GPX3	0.737
CYCS	GPX4	0.593
CYCS	GPX5	0.738
CYCS	GPX6	0.738
CYCS	GPX7	0.763
CYCS	GPX8	0.763
CYCS	GSK3B	0.693
CYCS	GSR	0.721
CYCS	HIF1A	0.648
CYCS	HMGB1	0.498
CYCS	HMGCR	0.56
CYCS	HMOX1	0.827
CYCS	HSP90AA1	0.783
CYCS	HSPA5	0.738
CYCS	HTT	0.691
CYCS	ICAM1	0.682
CYCS	IFNG	0.57
CYCS	IGF1	0.507
CYCS	IL10	0.511
CYCS	IL18	0.474
CYCS	IL1A	0.479
CYCS	IL1B	0.67
CYCS	IL4	0.413
CYCS	IL6	0.776
CYCS	INS	0.952
CYCS	ITPR1	0.993
CYCS	JUN	0.829
CYCS	KEAP1	0.572
CYCS	LEP	0.489
CYCS	MAOB	0.489
CYCS	MAP1A	0.505
CYCS	MAP1B	0.418
CYCS	MAP1LC3B	0.669
CYCS	MAP2	0.446
CYCS	MAPK14	0.485
CYCS	MAPK3	0.788
CYCS	MAPK8	0.601
CYCS	MAPT	0.408
CYCS	MCL1	0.817
CYCS	MFN2	0.87
CYCS	MMP9	0.731
CYCS	MPO	0.459
CYCS	MTOR	0.643
CYCS	NDUFS1	0.782
CYCS	NFE2L2	0.596
CYCS	NFKB1	0.616
CYCS	NFKBIA	0.596
CYCS	NGF	0.673
CYCS	NLRP3	0.448
CYCS	NOS1	0.563
CYCS	NOS2	0.47
CYCS	NOS3	0.617
CYCS	NOX1	0.558
CYCS	NOX4	0.593
CYCS	NQO1	0.525
CYCS	PARK7	0.553
CYCS	PINK1	0.8
CYCS	PPARA	0.529
CYCS	PPARG	0.596
CYCS	PPARGC1A	0.746
CYCS	PRKACA	0.571
CYCS	PRKACB	0.571
CYCS	PRKACG	0.568
CYCS	PRKN	0.678
CYCS	PRNP	0.455
CYCS	PSEN1	0.494
CYCS	PSEN2	0.403
CYCS	PTEN	0.638
CYCS	PTGS2	0.734
CYCS	PXDN	0.889
CYCS	PXDNL	0.888
CYCS	RBFOX3	0.416
CYCS	RPS6KB1	0.554
CYCS	SIRT1	0.718
CYCS	SLC2A1	0.439
CYCS	SLC2A4	0.482
CYCS	SNCA	0.603
CYCS	SOD1	0.675
CYCS	SOD2	0.729
CYCS	SQSTM1	0.518
CYCS	SRC	0.567
CYCS	STAT1	0.427
CYCS	STAT3	0.628
CYCS	TFAM	0.76
CYCS	TGFB1	0.472
CYCS	TH	0.422
CYCS	TLR4	0.521
CYCS	TNF	0.81
CYCS	TP53	0.911
CYCS	TRAF6	0.628
CYCS	UCP2	0.619
CYCS	VDAC1	0.996
CYCS	XDH	0.666
DDIT3	DNTT	0.487
DDIT3	EIF2AK3	0.884
DDIT3	ERN1	0.887
DDIT3	FOS	0.905
DDIT3	GAPDH	0.569
DDIT3	GSK3B	0.41
DDIT3	HIF1A	0.444
DDIT3	HMOX1	0.545
DDIT3	HSPA5	0.921
DDIT3	IFNG	0.459
DDIT3	IL10	0.402
DDIT3	IL1B	0.498
DDIT3	IL6	0.52
DDIT3	INS	0.554
DDIT3	ITPR1	0.465
DDIT3	JUN	0.889
DDIT3	KEAP1	0.55
DDIT3	MAP1A	0.435
DDIT3	MAP1LC3B	0.554
DDIT3	MAPK14	0.95
DDIT3	MAPK3	0.44
DDIT3	MAPK8	0.485
DDIT3	MCL1	0.45
DDIT3	MTOR	0.545
DDIT3	NFE2L2	0.968
DDIT3	PPARG	0.465
DDIT3	PPARGC1A	0.4
DDIT3	PRKCA	0.4
DDIT3	PRKN	0.453
DDIT3	PTGS2	0.435
DDIT3	PXDN	0.537
DDIT3	PXDNL	0.537
DDIT3	RPS6KB1	0.402
DDIT3	SIRT1	0.435
DDIT3	SQSTM1	0.44
DDIT3	SREBF1	0.495
DDIT3	STAT3	0.474
DDIT3	TFAM	0.407
DDIT3	TLR4	0.415
DDIT3	TNF	0.518
DDIT3	TP53	0.69
DLG4	EGF	0.611
DLG4	FOS	0.488
DLG4	FYN	0.996
DLG4	GAP43	0.648
DLG4	GAPDH	0.695
DLG4	GFAP	0.699
DLG4	GRIA1	0.994
DLG4	GRIN1	0.998
DLG4	GRIN2A	0.999
DLG4	GRIN2B	0.999
DLG4	GSK3B	0.6
DLG4	GSR	0.721
DLG4	HTT	0.709
DLG4	IDE	0.431
DLG4	IL1B	0.475
DLG4	IL6	0.404
DLG4	INS	0.403
DLG4	LRP1	0.946
DLG4	MAP1A	0.979
DLG4	MAP1B	0.545
DLG4	MAP1LC3B	0.493
DLG4	MAP2	0.827
DLG4	MAPK3	0.525
DLG4	MAPK8	0.524
DLG4	MAPT	0.753
DLG4	MBP	0.468
DLG4	MTOR	0.492
DLG4	NEFL	0.795
DLG4	NGF	0.519
DLG4	NOS1	0.996
DLG4	NTRK2	0.86
DLG4	PRKACA	0.55
DLG4	PRKACB	0.538
DLG4	PRKACG	0.526
DLG4	PRKCA	0.957
DLG4	PRKN	0.503
DLG4	PRNP	0.507
DLG4	PSEN1	0.684
DLG4	PTEN	0.745
DLG4	PXDN	0.603
DLG4	PXDNL	0.603
DLG4	RBFOX3	0.723
DLG4	RPS6KB1	0.415
DLG4	S100B	0.453
DLG4	SLC17A7	0.978
DLG4	SLC1A2	0.722
DLG4	SLC6A3	0.44
DLG4	SNAP25	0.853
DLG4	SNCA	0.498
DLG4	SORL1	0.51
DLG4	SRC	0.979
DLG4	SYN1	0.958
DLG4	SYN2	0.865
DLG4	SYN3	0.852
DLG4	SYP	0.898
DLG4	SYT1	0.667
DLG4	TH	0.489
DLG4	TNF	0.411
DLG4	TP53	0.734
DLG4	TREM2	0.405
DNM1L	EIF2AK3	0.4
DNM1L	FOXO3	0.402
DNM1L	GAPDH	0.529
DNM1L	GSK3B	0.572
DNM1L	HIF1A	0.453
DNM1L	HSP90AA1	0.548
DNM1L	HSPA5	0.438
DNM1L	HTT	0.776
DNM1L	INS	0.446
DNM1L	ITPR1	0.455
DNM1L	MAOB	0.432
DNM1L	MAP1A	0.481
DNM1L	MAP1B	0.406
DNM1L	MAP1LC3B	0.596
DNM1L	MAPK3	0.566
DNM1L	MAPT	0.661
DNM1L	MFN2	0.984
DNM1L	MTOR	0.483
DNM1L	NFE2L2	0.451
DNM1L	NLRP3	0.426
DNM1L	PARK7	0.726
DNM1L	PINK1	0.947
DNM1L	PPARG	0.446
DNM1L	PPARGC1A	0.734
DNM1L	PPP2CA	0.406
DNM1L	PRKACA	0.54
DNM1L	PRKACB	0.54
DNM1L	PRKACG	0.538
DNM1L	PRKN	0.94
DNM1L	PRNP	0.409
DNM1L	PSEN1	0.441
DNM1L	PTEN	0.453
DNM1L	PXDN	0.467
DNM1L	PXDNL	0.466
DNM1L	SIRT1	0.533
DNM1L	SNCA	0.463
DNM1L	SOD1	0.697
DNM1L	SOD2	0.754
DNM1L	SQSTM1	0.592
DNM1L	TFAM	0.809
DNM1L	TFEB	0.4
DNM1L	TP53	0.446
DNM1L	UCP2	0.488
DNM1L	VDAC1	0.768
DNM1L	VPS35	0.9
DNTT	EGF	0.437
DNTT	EGFR	0.425
DNTT	GAPDH	0.716
DNTT	GFAP	0.524
DNTT	GPX2	0.422
DNTT	GPX3	0.418
DNTT	GPX5	0.431
DNTT	GPX6	0.431
DNTT	GPX7	0.431
DNTT	GPX8	0.421
DNTT	GSK3B	0.407
DNTT	HIF1A	0.452
DNTT	HMOX1	0.509
DNTT	HSPA5	0.504
DNTT	IFNG	0.501
DNTT	IGF1	0.404
DNTT	IL10	0.451
DNTT	IL1B	0.615
DNTT	IL6	0.604
DNTT	INS	0.556
DNTT	ITGAM	0.505
DNTT	JUN	0.529
DNTT	MAP1LC3B	0.425
DNTT	MAPK3	0.492
DNTT	MCL1	0.404
DNTT	MME	0.776
DNTT	MMP9	0.458
DNTT	MPO	0.708
DNTT	MTOR	0.429
DNTT	NFKBIA	0.418
DNTT	PTEN	0.465
DNTT	PTGS2	0.419
DNTT	PTPRC	0.661
DNTT	PXDN	0.786
DNTT	PXDNL	0.786
DNTT	RBFOX3	0.624
DNTT	STAT3	0.451
DNTT	SYP	0.446
DNTT	TGFB1	0.464
DNTT	TLR4	0.412
DNTT	TNF	0.611
DNTT	TP53	0.694
EGF	EGFR	0.999
EGF	EIF2AK3	0.581
EGF	FOS	0.788
EGF	FOXO1	0.636
EGF	FOXO3	0.451
EGF	FYN	0.787
EGF	GAPDH	0.783
EGF	GFAP	0.741
EGF	GRB2	0.995
EGF	GSK3B	0.632
EGF	HIF1A	0.785
EGF	HMOX1	0.4
EGF	HSP90AA1	0.76
EGF	HTT	0.517
EGF	ICAM1	0.577
EGF	IFNG	0.781
EGF	IGF1	0.995
EGF	IL10	0.701
EGF	IL18	0.479
EGF	IL1A	0.802
EGF	IL1B	0.762
EGF	IL4	0.667
EGF	IL6	0.89
EGF	INS	0.995
EGF	INSR	0.968
EGF	IRS1	0.486
EGF	ITGAM	0.505
EGF	JUN	0.89
EGF	KEAP1	0.576
EGF	LAMP1	0.475
EGF	LDLR	0.521
EGF	LEP	0.567
EGF	MAP2	0.53
EGF	MAPK14	0.489
EGF	MAPK3	0.841
EGF	MAPK8	0.719
EGF	MBP	0.479
EGF	MCL1	0.463
EGF	MMP9	0.741
EGF	MTOR	0.647
EGF	NFKB1	0.591
EGF	NFKBIA	0.479
EGF	NGF	0.866
EGF	NGFR	0.891
EGF	NOS3	0.445
EGF	NTRK2	0.884
EGF	PICALM	0.534
EGF	PPARG	0.633
EGF	PPP2CA	0.52
EGF	PRKACA	0.552
EGF	PRKACB	0.552
EGF	PRKACG	0.552
EGF	PRKCA	0.479
EGF	PTEN	0.746
EGF	PTGS2	0.621
EGF	PTPRC	0.743
EGF	PXDN	0.831
EGF	PXDNL	0.831
EGF	RAB5A	0.696
EGF	RBFOX3	0.507
EGF	RELA	0.425
EGF	RPS6KB1	0.588
EGF	S100B	0.689
EGF	SCARB1	0.558
EGF	SCARB2	0.545
EGF	SIRT1	0.4
EGF	SLC2A1	0.418
EGF	SRC	0.922
EGF	SREBF1	0.522
EGF	STAT1	0.56
EGF	STAT3	0.907
EGF	SYP	0.512
EGF	SYT1	0.454
EGF	TGFB1	0.904
EGF	TH	0.416
EGF	TLR2	0.417
EGF	TLR4	0.553
EGF	TNF	0.793
EGF	TP53	0.78
EGF	TRAF6	0.567
EGF	TYROBP	0.447
EGFR	FOS	0.94
EGFR	FOXO1	0.706
EGFR	FOXO3	0.629
EGFR	FYN	0.873
EGFR	GAPDH	0.955
EGFR	GFAP	0.562
EGFR	GRB2	0.999
EGFR	GRIN2B	0.545
EGFR	GSK3B	0.574
EGFR	HIF1A	0.934
EGFR	HMGB1	0.449
EGFR	HMOX1	0.419
EGFR	HSP90AA1	0.999
EGFR	HSPA5	0.862
EGFR	HTT	0.654
EGFR	ICAM1	0.877
EGFR	IFNG	0.876
EGFR	IGF1	0.991
EGFR	IL10	0.899
EGFR	IL18	0.4
EGFR	IL1A	0.701
EGFR	IL1B	0.873
EGFR	IL4	0.82
EGFR	IL6	0.979
EGFR	INS	0.992
EGFR	INSR	0.747
EGFR	IRS1	0.939
EGFR	ITGAM	0.406
EGFR	JUN	0.871
EGFR	KEAP1	0.746
EGFR	LAMP1	0.738
EGFR	LDLR	0.668
EGFR	LEP	0.839
EGFR	LRP1	0.838
EGFR	MAP1LC3B	0.44
EGFR	MAPK14	0.799
EGFR	MAPK3	0.528
EGFR	MAPK8	0.83
EGFR	MAPT	0.83
EGFR	MCL1	0.675
EGFR	MMP9	0.827
EGFR	MTOR	0.802
EGFR	NFE2L2	0.691
EGFR	NFKB1	0.837
EGFR	NFKBIA	0.688
EGFR	NGF	0.892
EGFR	NGFR	0.659
EGFR	NOX4	0.417
EGFR	NTRK2	0.882
EGFR	PICALM	0.686
EGFR	PPARA	0.431
EGFR	PPARG	0.843
EGFR	PPARGC1A	0.456
EGFR	PPP2CA	0.575
EGFR	PRKACA	0.707
EGFR	PRKACB	0.426
EGFR	PRKACG	0.427
EGFR	PRKCA	0.932
EGFR	PRKN	0.644
EGFR	PTEN	0.969
EGFR	PTGS2	0.836
EGFR	PTPRC	0.749
EGFR	PXDN	0.763
EGFR	PXDNL	0.743
EGFR	RAB5A	0.883
EGFR	RELA	0.701
EGFR	SCARB1	0.401
EGFR	SIRT1	0.498
EGFR	SLC2A1	0.704
EGFR	SNAP25	0.523
EGFR	SNCA	0.728
EGFR	SOD2	0.603
EGFR	SRC	0.999
EGFR	STAT1	0.975
EGFR	STAT3	0.998
EGFR	SYP	0.709
EGFR	TGFB1	0.975
EGFR	TLR2	0.933
EGFR	TLR4	0.739
EGFR	TNF	0.89
EGFR	TP53	0.943
EGFR	TRAF6	0.86
EGFR	VDAC1	0.453
EIF2AK3	ERN1	0.541
EIF2AK3	FOS	0.621
EIF2AK3	FOXO1	0.444
EIF2AK3	FOXO3	0.453
EIF2AK3	GAPDH	0.732
EIF2AK3	GPX2	0.402
EIF2AK3	GPX7	0.409
EIF2AK3	GRB2	0.683
EIF2AK3	GSK3B	0.566
EIF2AK3	HIF1A	0.541
EIF2AK3	HMOX1	0.578
EIF2AK3	HSP90AA1	0.866
EIF2AK3	HSPA5	0.999
EIF2AK3	IFNG	0.447
EIF2AK3	IGF1	0.446
EIF2AK3	IL10	0.4
EIF2AK3	IL1B	0.602
EIF2AK3	IL6	0.624
EIF2AK3	INS	0.597
EIF2AK3	IRS1	0.691
EIF2AK3	ITPR1	0.461
EIF2AK3	JUN	0.721
EIF2AK3	KEAP1	0.53
EIF2AK3	MAP1LC3B	0.569
EIF2AK3	MCL1	0.541
EIF2AK3	MFN2	0.782
EIF2AK3	MMP9	0.58
EIF2AK3	MTOR	0.581
EIF2AK3	NFE2L2	0.977
EIF2AK3	NFKB1	0.544
EIF2AK3	NFKBIA	0.629
EIF2AK3	NLRP3	0.443
EIF2AK3	NQO1	0.446
EIF2AK3	PINK1	0.405
EIF2AK3	PPARG	0.626
EIF2AK3	PSEN1	0.942
EIF2AK3	PSEN2	0.908
EIF2AK3	PTEN	0.547
EIF2AK3	PTGS2	0.49
EIF2AK3	PTPRC	0.412
EIF2AK3	PXDN	0.707
EIF2AK3	PXDNL	0.706
EIF2AK3	SIRT1	0.472
EIF2AK3	SQSTM1	0.726
EIF2AK3	STAT1	0.638
EIF2AK3	STAT3	0.807
EIF2AK3	TFAM	0.418
EIF2AK3	TGFB1	0.447
EIF2AK3	TLR4	0.492
EIF2AK3	TNF	0.625
EIF2AK3	TP53	0.627
EIF2AK3	TRAF6	0.501
ERN1	FOXO1	0.44
ERN1	GAPDH	0.594
ERN1	HIF1A	0.631
ERN1	HMOX1	0.433
ERN1	HSP90AA1	0.864
ERN1	HSPA5	0.999
ERN1	IL1B	0.536
ERN1	IL6	0.55
ERN1	INS	0.608
ERN1	IRS1	0.51
ERN1	ITPR1	0.74
ERN1	JUN	0.693
ERN1	MAP1A	0.452
ERN1	MAP1LC3B	0.593
ERN1	MCL1	0.471
ERN1	MFN2	0.652
ERN1	MTOR	0.582
ERN1	NFE2L2	0.483
ERN1	NFKB1	0.458
ERN1	NFKBIA	0.411
ERN1	NLRP3	0.448
ERN1	NOX4	0.447
ERN1	PPARA	0.431
ERN1	PPARG	0.429
ERN1	PPARGC1A	0.434
ERN1	PSEN1	0.958
ERN1	PSEN2	0.914
ERN1	PXDN	0.541
ERN1	PXDNL	0.542
ERN1	SIGMAR1	0.667
ERN1	SIRT1	0.419
ERN1	SQSTM1	0.712
ERN1	SREBF1	0.506
ERN1	STAT3	0.459
ERN1	TFAM	0.537
ERN1	TGFB1	0.407
ERN1	TLR4	0.476
ERN1	TNF	0.901
ERN1	TP53	0.625
ERN1	TRAF6	0.53
ERN1	VDAC1	0.6
FOS	FOXO1	0.809
FOS	FOXO3	0.682
FOS	FYN	0.634
FOS	GAPDH	0.722
FOS	GFAP	0.563
FOS	GLP1R	0.471
FOS	GPX2	0.435
FOS	GPX3	0.466
FOS	GPX5	0.446
FOS	GPX6	0.438
FOS	GPX7	0.419
FOS	GPX8	0.42
FOS	GRB2	0.514
FOS	GRIA1	0.583
FOS	GRIN1	0.425
FOS	GRIN2A	0.512
FOS	GRIN2B	0.598
FOS	GSK3B	0.543
FOS	HIF1A	0.805
FOS	HMGB1	0.447
FOS	HMOX1	0.531
FOS	HSP90AA1	0.604
FOS	HSPA5	0.497
FOS	ICAM1	0.505
FOS	IFNG	0.751
FOS	IGF1	0.585
FOS	IL10	0.736
FOS	IL18	0.428
FOS	IL1A	0.899
FOS	IL1B	0.894
FOS	IL4	0.7
FOS	IL6	0.891
FOS	INS	0.674
FOS	IRS1	0.418
FOS	ITGAM	0.46
FOS	JUN	0.999
FOS	LEP	0.695
FOS	MAP1B	0.485
FOS	MAPK14	0.985
FOS	MAPK3	0.994
FOS	MAPK8	0.986
FOS	MCL1	0.665
FOS	MMP9	0.694
FOS	MPO	0.572
FOS	MTOR	0.501
FOS	NFE2L2	0.728
FOS	NFKB1	0.808
FOS	NFKBIA	0.808
FOS	NGF	0.669
FOS	NOS1	0.529
FOS	NOS2	0.418
FOS	NOS3	0.432
FOS	NPY	0.727
FOS	NQO1	0.542
FOS	NTRK2	0.606
FOS	PIN1	0.407
FOS	PPARA	0.481
FOS	PPARG	0.612
FOS	PRKACA	0.959
FOS	PRKACB	0.959
FOS	PRKACG	0.959
FOS	PRKCA	0.946
FOS	PTEN	0.715
FOS	PTGS2	0.819
FOS	PTPRC	0.434
FOS	PXDN	0.739
FOS	PXDNL	0.739
FOS	RBFOX3	0.769
FOS	RELA	0.917
FOS	RPS6KB1	0.946
FOS	SIRT1	0.713
FOS	SLC17A7	0.476
FOS	SLC6A3	0.53
FOS	SRC	0.986
FOS	SREBF1	0.422
FOS	STAT1	0.898
FOS	STAT3	0.995
FOS	SYN1	0.508
FOS	SYN2	0.41
FOS	SYN3	0.406
FOS	SYP	0.614
FOS	TGFB1	0.719
FOS	TH	0.741
FOS	TLR2	0.689
FOS	TLR4	0.599
FOS	TNF	0.728
FOS	TP53	0.952
FOS	TRAF6	0.653
FOXO1	FOXO3	0.955
FOXO1	GAPDH	0.65
FOXO1	GLP1R	0.644
FOXO1	GPX2	0.423
FOXO1	GPX3	0.468
FOXO1	GPX5	0.429
FOXO1	GPX6	0.43
FOXO1	GPX7	0.439
FOXO1	GPX8	0.448
FOXO1	GSK3B	0.814
FOXO1	HIF1A	0.859
FOXO1	HMGCR	0.419
FOXO1	HMOX1	0.465
FOXO1	HSP90AA1	0.648
FOXO1	HSPA5	0.405
FOXO1	IFNG	0.514
FOXO1	IGF1	0.91
FOXO1	IL10	0.501
FOXO1	IL1B	0.723
FOXO1	IL4	0.435
FOXO1	IL6	0.736
FOXO1	INS	0.944
FOXO1	INSR	0.743
FOXO1	IRS1	0.854
FOXO1	JUN	0.792
FOXO1	LEP	0.749
FOXO1	MAP1LC3B	0.466
FOXO1	MAPK14	0.935
FOXO1	MAPK3	0.959
FOXO1	MAPK8	0.951
FOXO1	MCL1	0.643
FOXO1	MMP9	0.442
FOXO1	MTOR	0.758
FOXO1	NFE2L2	0.518
FOXO1	NFKB1	0.71
FOXO1	NFKBIA	0.442
FOXO1	NOS3	0.663
FOXO1	NOX4	0.412
FOXO1	NPY	0.848
FOXO1	PINK1	0.854
FOXO1	PPARA	0.675
FOXO1	PPARG	0.856
FOXO1	PPARGC1A	0.999
FOXO1	PPP2CA	0.441
FOXO1	PRKAA1	0.954
FOXO1	PRKACA	0.974
FOXO1	PRKACB	0.968
FOXO1	PRKACG	0.965
FOXO1	PRKCA	0.421
FOXO1	PRKN	0.401
FOXO1	PTEN	0.903
FOXO1	PTPRC	0.418
FOXO1	PXDN	0.575
FOXO1	PXDNL	0.565
FOXO1	RELA	0.584
FOXO1	RPS6KB1	0.734
FOXO1	SCARB1	0.447
FOXO1	SCARB2	0.427
FOXO1	SIRT1	0.999
FOXO1	SLC2A1	0.426
FOXO1	SLC2A4	0.614
FOXO1	SOD1	0.413
FOXO1	SOD2	0.903
FOXO1	SQSTM1	0.41
FOXO1	SRC	0.507
FOXO1	SREBF1	0.924
FOXO1	STAT1	0.459
FOXO1	STAT3	0.964
FOXO1	TFAM	0.503
FOXO1	TFEB	0.729
FOXO1	TGFB1	0.491
FOXO1	TLR4	0.467
FOXO1	TNF	0.721
FOXO1	TP53	0.886
FOXO1	UCP2	0.649
FOXO3	GAPDH	0.635
FOXO3	GPX2	0.458
FOXO3	GPX3	0.479
FOXO3	GPX5	0.466
FOXO3	GPX6	0.467
FOXO3	GPX7	0.486
FOXO3	GPX8	0.484
FOXO3	GSK3B	0.762
FOXO3	HIF1A	0.997
FOXO3	HMOX1	0.504
FOXO3	HSP90AA1	0.492
FOXO3	IFNG	0.441
FOXO3	IGF1	0.803
FOXO3	IL10	0.455
FOXO3	IL1B	0.526
FOXO3	IL6	0.581
FOXO3	INS	0.879
FOXO3	INSR	0.506
FOXO3	IRS1	0.629
FOXO3	JUN	0.773
FOXO3	KEAP1	0.466
FOXO3	MAP1A	0.444
FOXO3	MAP1LC3B	0.633
FOXO3	MAPK14	0.949
FOXO3	MAPK3	0.961
FOXO3	MAPK8	0.954
FOXO3	MCL1	0.705
FOXO3	MFN2	0.482
FOXO3	MMP9	0.454
FOXO3	MTOR	0.747
FOXO3	NFE2L2	0.574
FOXO3	NFKB1	0.711
FOXO3	NFKBIA	0.446
FOXO3	NOS3	0.413
FOXO3	NOX4	0.411
FOXO3	PINK1	0.923
FOXO3	PPARA	0.527
FOXO3	PPARG	0.582
FOXO3	PPARGC1A	0.987
FOXO3	PPP2CA	0.424
FOXO3	PRKAA1	0.942
FOXO3	PRKACA	0.938
FOXO3	PRKACB	0.939
FOXO3	PRKACG	0.938
FOXO3	PRKN	0.488
FOXO3	PSEN1	0.524
FOXO3	PTEN	0.853
FOXO3	PXDN	0.555
FOXO3	PXDNL	0.554
FOXO3	RELA	0.677
FOXO3	RPS6KB1	0.731
FOXO3	SIRT1	0.999
FOXO3	SLC2A4	0.424
FOXO3	SNCA	0.403
FOXO3	SOD1	0.433
FOXO3	SOD2	0.974
FOXO3	SQSTM1	0.516
FOXO3	SRC	0.485
FOXO3	SREBF1	0.508
FOXO3	STAT1	0.433
FOXO3	STAT3	0.978
FOXO3	TFAM	0.497
FOXO3	TFEB	0.64
FOXO3	TGFB1	0.623
FOXO3	TLR4	0.403
FOXO3	TNF	0.59
FOXO3	TP53	0.998
FOXO3	UCP2	0.405
FYN	GAPDH	0.493
FYN	GRB2	0.98
FYN	GRIA1	0.451
FYN	GRIN1	0.743
FYN	GRIN2A	0.981
FYN	GRIN2B	0.993
FYN	GSK3B	0.723
FYN	HSP90AA1	0.896
FYN	ICAM1	0.59
FYN	IFNG	0.458
FYN	IL1B	0.586
FYN	IL6	0.426
FYN	INS	0.637
FYN	INSR	0.418
FYN	IRS1	0.923
FYN	ITPR1	0.592
FYN	JUN	0.558
FYN	KEAP1	0.431
FYN	LRP1	0.518
FYN	MAP1B	0.545
FYN	MAP2	0.634
FYN	MAPK14	0.749
FYN	MAPK8	0.656
FYN	MAPT	0.994
FYN	MBP	0.462
FYN	MTOR	0.4
FYN	NFKB1	0.636
FYN	NFKBIA	0.554
FYN	NOX4	0.554
FYN	NTRK2	0.884
FYN	PPP2CA	0.627
FYN	PRKACA	0.548
FYN	PRKACB	0.614
FYN	PRKACG	0.548
FYN	PRKCA	0.514
FYN	PRNP	0.99
FYN	PSEN1	0.457
FYN	PTEN	0.657
FYN	PTPRC	0.988
FYN	PXDN	0.421
FYN	PXDNL	0.42
FYN	RELA	0.538
FYN	RPS6KB1	0.464
FYN	SCARB1	0.941
FYN	SCARB2	0.942
FYN	SNCA	0.836
FYN	SRC	0.999
FYN	STAT1	0.704
FYN	STAT3	0.891
FYN	TGFB1	0.429
FYN	TNF	0.616
FYN	TP53	0.657
FYN	TRAF6	0.948
FYN	TREM2	0.587
FYN	TYROBP	0.933
GAP43	GAPDH	0.594
GAP43	GFAP	0.716
GAP43	GRIA1	0.429
GAP43	GRIN2B	0.536
GAP43	HSPA5	0.471
GAP43	IGF1	0.402
GAP43	JUN	0.443
GAP43	MAP1B	0.504
GAP43	MAP2	0.821
GAP43	MAPT	0.772
GAP43	MBP	0.718
GAP43	NEFL	0.695
GAP43	NGF	0.904
GAP43	NGFR	0.468
GAP43	NPY	0.49
GAP43	NRGN	0.84
GAP43	NTRK2	0.591
GAP43	PSEN1	0.461
GAP43	PXDN	0.461
GAP43	PXDNL	0.461
GAP43	RBFOX3	0.598
GAP43	S100B	0.564
GAP43	SLC17A7	0.456
GAP43	SNAP25	0.819
GAP43	SNCA	0.462
GAP43	SRC	0.565
GAP43	SYN1	0.905
GAP43	SYN2	0.741
GAP43	SYN3	0.699
GAP43	SYP	0.874
GAP43	SYT1	0.735
GAP43	TH	0.686
GAPDH	GFAP	0.749
GAPDH	GPX2	0.653
GAPDH	GPX3	0.648
GAPDH	GPX4	0.648
GAPDH	GPX5	0.619
GAPDH	GPX6	0.619
GAPDH	GPX7	0.666
GAPDH	GPX8	0.646
GAPDH	GRB2	0.53
GAPDH	GRIA1	0.482
GAPDH	GRIN2A	0.447
GAPDH	GRIN2B	0.506
GAPDH	GSK3B	0.817
GAPDH	GSR	0.682
GAPDH	HIF1A	0.751
GAPDH	HMGB1	0.74
GAPDH	HMGCR	0.67
GAPDH	HMOX1	0.759
GAPDH	HSP90AA1	0.922
GAPDH	HSPA5	0.806
GAPDH	HTT	0.993
GAPDH	ICAM1	0.663
GAPDH	IFNG	0.794
GAPDH	IGF1	0.683
GAPDH	IL10	0.782
GAPDH	IL18	0.622
GAPDH	IL1A	0.675
GAPDH	IL1B	0.872
GAPDH	IL4	0.713
GAPDH	IL6	0.879
GAPDH	INS	0.816
GAPDH	INSR	0.423
GAPDH	IRS1	0.601
GAPDH	ITGAM	0.714
GAPDH	ITPR1	0.421
GAPDH	JUN	0.781
GAPDH	KEAP1	0.721
GAPDH	LAMP1	0.669
GAPDH	LEP	0.612
GAPDH	MAOB	0.49
GAPDH	MAP1A	0.556
GAPDH	MAP1B	0.692
GAPDH	MAP1LC3B	0.827
GAPDH	MAP2	0.541
GAPDH	MAPK14	0.589
GAPDH	MAPK3	0.832
GAPDH	MAPK8	0.625
GAPDH	MAPT	0.765
GAPDH	MBP	0.549
GAPDH	MCL1	0.741
GAPDH	MFN2	0.605
GAPDH	MME	0.474
GAPDH	MMEL1	0.412
GAPDH	MMP9	0.814
GAPDH	MPO	0.541
GAPDH	MRC1	0.628
GAPDH	MTOR	0.701
GAPDH	NDUFS1	0.443
GAPDH	NEFL	0.435
GAPDH	NFE2L2	0.641
GAPDH	NFKB1	0.783
GAPDH	NFKBIA	0.789
GAPDH	NGF	0.602
GAPDH	NGFR	0.447
GAPDH	NLRP3	0.613
GAPDH	NOS1	0.494
GAPDH	NOS2	0.692
GAPDH	NOS3	0.632
GAPDH	NOX1	0.493
GAPDH	NOX4	0.6
GAPDH	NPY	0.422
GAPDH	NQO1	0.669
GAPDH	NTRK2	0.521
GAPDH	PARK7	0.698
GAPDH	PINK1	0.564
GAPDH	PPARA	0.634
GAPDH	PPARG	0.742
GAPDH	PPARGC1A	0.678
GAPDH	PPP2CA	0.574
GAPDH	PRKACA	0.627
GAPDH	PRKACB	0.583
GAPDH	PRKACG	0.582
GAPDH	PRKCA	0.499
GAPDH	PRKN	0.773
GAPDH	PRNP	0.414
GAPDH	PSEN1	0.659
GAPDH	PTEN	0.752
GAPDH	PTGS2	0.82
GAPDH	PTPRC	0.728
GAPDH	PXDN	0.924
GAPDH	PXDNL	0.924
GAPDH	RAB5A	0.487
GAPDH	RBFOX3	0.708
GAPDH	RELA	0.624
GAPDH	RPS6KB1	0.713
GAPDH	RYR2	0.451
GAPDH	S100B	0.479
GAPDH	SCARB1	0.623
GAPDH	SCARB2	0.593
GAPDH	SIRT1	0.892
GAPDH	SLC17A7	0.647
GAPDH	SLC1A2	0.641
GAPDH	SLC2A1	0.737
GAPDH	SLC2A4	0.819
GAPDH	SNAP25	0.581
GAPDH	SNCA	0.769
GAPDH	SOD1	0.862
GAPDH	SOD2	0.74
GAPDH	SQSTM1	0.699
GAPDH	SRC	0.702
GAPDH	SREBF1	0.631
GAPDH	STAT1	0.69
GAPDH	STAT3	0.807
GAPDH	SYN1	0.7
GAPDH	SYP	0.577
GAPDH	TFAM	0.604
GAPDH	TFEB	0.507
GAPDH	TGFB1	0.811
GAPDH	TH	0.602
GAPDH	TLR2	0.672
GAPDH	TLR4	0.761
GAPDH	TNF	0.849
GAPDH	TP53	0.886
GAPDH	TRAF6	0.599
GAPDH	UCP2	0.471
GAPDH	VDAC1	0.915
GAPDH	XDH	0.464
GFAP	GRIA1	0.585
GFAP	GRIN1	0.693
GFAP	GRIN2A	0.527
GFAP	GRIN2B	0.579
GFAP	GSK3B	0.456
GFAP	HMGB1	0.569
GFAP	HMOX1	0.451
GFAP	HSP90AA1	0.79
GFAP	HSPA5	0.418
GFAP	HTT	0.638
GFAP	ICAM1	0.493
GFAP	IDE	0.445
GFAP	IFNG	0.566
GFAP	IGF1	0.611
GFAP	IL10	0.589
GFAP	IL1A	0.608
GFAP	IL1B	0.82
GFAP	IL4	0.423
GFAP	IL6	0.782
GFAP	INS	0.578
GFAP	ITGAM	0.715
GFAP	JUN	0.459
GFAP	LAMP1	0.517
GFAP	MAOB	0.484
GFAP	MAP1B	0.615
GFAP	MAP1LC3B	0.435
GFAP	MAP2	0.842
GFAP	MAPK3	0.522
GFAP	MAPT	0.743
GFAP	MBP	0.876
GFAP	MMP9	0.496
GFAP	MPO	0.415
GFAP	MRC1	0.439
GFAP	NEFL	0.726
GFAP	NFKB1	0.427
GFAP	NGF	0.653
GFAP	NGFR	0.544
GFAP	NLRP3	0.484
GFAP	NOS1	0.447
GFAP	NOX1	0.442
GFAP	NPY	0.547
GFAP	NTRK2	0.669
GFAP	PARK7	0.645
GFAP	PPARG	0.404
GFAP	PRKCA	0.474
GFAP	PRNP	0.492
GFAP	PSEN1	0.701
GFAP	PSEN2	0.49
GFAP	PTEN	0.502
GFAP	PTGS2	0.453
GFAP	PTPRC	0.619
GFAP	PXDN	0.808
GFAP	PXDNL	0.809
GFAP	RBFOX3	0.931
GFAP	S100B	0.925
GFAP	SCARB1	0.465
GFAP	SCARB2	0.475
GFAP	SLC17A7	0.817
GFAP	SLC1A2	0.885
GFAP	SLC6A3	0.47
GFAP	SNAP25	0.762
GFAP	SNCA	0.673
GFAP	SOD1	0.718
GFAP	STAT1	0.427
GFAP	STAT3	0.59
GFAP	SYN1	0.741
GFAP	SYN2	0.653
GFAP	SYN3	0.575
GFAP	SYP	0.86
GFAP	SYT1	0.544
GFAP	TGFB1	0.503
GFAP	TH	0.786
GFAP	TLR2	0.404
GFAP	TLR4	0.632
GFAP	TMEM119	0.593
GFAP	TNF	0.705
GFAP	TP53	0.638
GFAP	TREM2	0.6
GLP1R	IGF1	0.605
GLP1R	IL1B	0.475
GLP1R	IL6	0.481
GLP1R	INS	0.903
GLP1R	INSR	0.508
GLP1R	IRS1	0.475
GLP1R	LEP	0.659
GLP1R	MAPK3	0.401
GLP1R	NOS3	0.434
GLP1R	NOX1	0.525
GLP1R	NPY	0.613
GLP1R	PPARA	0.517
GLP1R	PPARG	0.58
GLP1R	PPARGC1A	0.432
GLP1R	PRKACA	0.616
GLP1R	PRKACB	0.615
GLP1R	PRKACG	0.633
GLP1R	SIRT1	0.426
GLP1R	SLC2A4	0.52
GLP1R	SRC	0.589
GLP1R	SREBF1	0.425
GLP1R	TH	0.427
GLP1R	TNF	0.468
GLP1R	TREM2	0.424
GPX2	GPX3	0.913
GPX2	GPX4	0.939
GPX2	GPX5	0.91
GPX2	GPX6	0.912
GPX2	GPX7	0.935
GPX2	GPX8	0.93
GPX2	GSK3B	0.504
GPX2	GSR	0.997
GPX2	HIF1A	0.532
GPX2	HMGCR	0.493
GPX2	HMOX1	0.85
GPX2	HSP90AA1	0.479
GPX2	HSPA5	0.449
GPX2	ICAM1	0.5
GPX2	IFNG	0.579
GPX2	IGF1	0.476
GPX2	IL10	0.633
GPX2	IL18	0.414
GPX2	IL1A	0.534
GPX2	IL1B	0.754
GPX2	IL4	0.471
GPX2	IL6	0.748
GPX2	INS	0.725
GPX2	IRS1	0.413
GPX2	JUN	0.582
GPX2	KEAP1	0.772
GPX2	LEP	0.521
GPX2	MAOB	0.583
GPX2	MAPK3	0.496
GPX2	MMP9	0.532
GPX2	MPO	0.71
GPX2	MTOR	0.451
GPX2	NFE2L2	0.819
GPX2	NFKB1	0.554
GPX2	NFKBIA	0.498
GPX2	NGF	0.561
GPX2	NLRP3	0.413
GPX2	NOS1	0.52
GPX2	NOS2	0.546
GPX2	NOS3	0.651
GPX2	NOX1	0.625
GPX2	NOX4	0.65
GPX2	NQO1	0.802
GPX2	PARK7	0.546
GPX2	PINK1	0.468
GPX2	PON1	0.747
GPX2	PPARA	0.525
GPX2	PPARG	0.598
GPX2	PPARGC1A	0.958
GPX2	PRKN	0.401
GPX2	PTGS2	0.682
GPX2	PXDN	0.691
GPX2	PXDNL	0.691
GPX2	SIRT1	0.619
GPX2	SLC2A4	0.457
GPX2	SNCA	0.492
GPX2	SOD1	0.885
GPX2	SOD2	0.904
GPX2	SRC	0.401
GPX2	SREBF1	0.445
GPX2	STAT3	0.442
GPX2	TFAM	0.472
GPX2	TGFB1	0.521
GPX2	TH	0.417
GPX2	TLR4	0.534
GPX2	TNF	0.725
GPX2	TP53	0.802
GPX2	UCP2	0.523
GPX2	XDH	0.886
GPX3	GPX4	0.936
GPX3	GPX5	0.902
GPX3	GPX6	0.902
GPX3	GPX7	0.927
GPX3	GPX8	0.929
GPX3	GSK3B	0.468
GPX3	GSR	0.996
GPX3	HIF1A	0.541
GPX3	HMGCR	0.494
GPX3	HMOX1	0.844
GPX3	HSP90AA1	0.469
GPX3	HSPA5	0.45
GPX3	ICAM1	0.511
GPX3	IFNG	0.548
GPX3	IGF1	0.485
GPX3	IL10	0.629
GPX3	IL18	0.431
GPX3	IL1A	0.543
GPX3	IL1B	0.742
GPX3	IL4	0.475
GPX3	IL6	0.733
GPX3	INS	0.717
GPX3	IRS1	0.424
GPX3	JUN	0.583
GPX3	KEAP1	0.727
GPX3	LEP	0.55
GPX3	MAOB	0.601
GPX3	MAPK3	0.505
GPX3	MMP9	0.533
GPX3	MPO	0.694
GPX3	MTOR	0.451
GPX3	NFE2L2	0.802
GPX3	NFKB1	0.579
GPX3	NFKBIA	0.493
GPX3	NGF	0.561
GPX3	NLRP3	0.411
GPX3	NOS1	0.527
GPX3	NOS2	0.554
GPX3	NOS3	0.656
GPX3	NOX1	0.603
GPX3	NOX4	0.648
GPX3	NQO1	0.733
GPX3	PARK7	0.541
GPX3	PINK1	0.477
GPX3	PON1	0.745
GPX3	PPARA	0.53
GPX3	PPARG	0.621
GPX3	PPARGC1A	0.958
GPX3	PTGS2	0.683
GPX3	PXDN	0.722
GPX3	PXDNL	0.721
GPX3	SIRT1	0.612
GPX3	SLC2A4	0.458
GPX3	SNCA	0.44
GPX3	SOD1	0.887
GPX3	SOD2	0.904
GPX3	SREBF1	0.449
GPX3	STAT3	0.473
GPX3	TFAM	0.451
GPX3	TGFB1	0.517
GPX3	TH	0.418
GPX3	TLR4	0.537
GPX3	TNF	0.727
GPX3	TP53	0.609
GPX3	UCP2	0.52
GPX3	XDH	0.881
GPX4	GPX5	0.938
GPX4	GPX6	0.938
GPX4	GPX7	0.921
GPX4	GPX8	0.929
GPX4	GSR	0.98
GPX4	HIF1A	0.434
GPX4	HMGCR	0.41
GPX4	HMOX1	0.716
GPX4	HSPA5	0.952
GPX4	IL18	0.42
GPX4	IL1B	0.504
GPX4	IL6	0.463
GPX4	INS	0.41
GPX4	JUN	0.605
GPX4	KEAP1	0.658
GPX4	MAP1LC3B	0.45
GPX4	NFE2L2	0.69
GPX4	NOX1	0.695
GPX4	NOX4	0.506
GPX4	NQO1	0.564
GPX4	PARK7	0.633
GPX4	PPARA	0.517
GPX4	PTGS2	0.572
GPX4	PXDN	0.604
GPX4	PXDNL	0.601
GPX4	SIRT1	0.436
GPX4	SOD1	0.827
GPX4	SOD2	0.814
GPX4	SQSTM1	0.415
GPX4	TNF	0.436
GPX4	TP53	0.73
GPX4	VDAC1	0.49
GPX4	XDH	0.434
GPX5	GPX6	0.902
GPX5	GPX7	0.923
GPX5	GPX8	0.927
GPX5	GSK3B	0.471
GPX5	GSR	0.998
GPX5	HIF1A	0.531
GPX5	HMGCR	0.494
GPX5	HMOX1	0.842
GPX5	HSP90AA1	0.468
GPX5	HSPA5	0.446
GPX5	ICAM1	0.501
GPX5	IFNG	0.549
GPX5	IGF1	0.473
GPX5	IL10	0.628
GPX5	IL18	0.403
GPX5	IL1A	0.546
GPX5	IL1B	0.743
GPX5	IL4	0.481
GPX5	IL6	0.732
GPX5	INS	0.722
GPX5	IRS1	0.412
GPX5	JUN	0.577
GPX5	KEAP1	0.727
GPX5	LEP	0.54
GPX5	MAOB	0.581
GPX5	MAPK3	0.495
GPX5	MMP9	0.519
GPX5	MPO	0.716
GPX5	MTOR	0.451
GPX5	NFE2L2	0.805
GPX5	NFKB1	0.551
GPX5	NFKBIA	0.491
GPX5	NGF	0.564
GPX5	NLRP3	0.418
GPX5	NOS1	0.548
GPX5	NOS2	0.536
GPX5	NOS3	0.656
GPX5	NOX1	0.6
GPX5	NOX4	0.631
GPX5	NQO1	0.732
GPX5	PARK7	0.53
GPX5	PINK1	0.469
GPX5	PON1	0.745
GPX5	PPARA	0.516
GPX5	PPARG	0.593
GPX5	PPARGC1A	0.957
GPX5	PTGS2	0.681
GPX5	PXDN	0.703
GPX5	PXDNL	0.703
GPX5	SIRT1	0.611
GPX5	SLC2A4	0.457
GPX5	SNCA	0.44
GPX5	SOD1	0.883
GPX5	SOD2	0.902
GPX5	SREBF1	0.434
GPX5	STAT3	0.464
GPX5	TFAM	0.451
GPX5	TGFB1	0.516
GPX5	TH	0.42
GPX5	TLR4	0.526
GPX5	TNF	0.728
GPX5	TP53	0.603
GPX5	UCP2	0.494
GPX5	XDH	0.884
GPX6	GPX7	0.921
GPX6	GPX8	0.928
GPX6	GSK3B	0.47
GPX6	GSR	0.997
GPX6	HIF1A	0.531
GPX6	HMGCR	0.494
GPX6	HMOX1	0.842
GPX6	HSP90AA1	0.468
GPX6	HSPA5	0.442
GPX6	ICAM1	0.501
GPX6	IFNG	0.549
GPX6	IGF1	0.474
GPX6	IL10	0.628
GPX6	IL18	0.404
GPX6	IL1A	0.543
GPX6	IL1B	0.743
GPX6	IL4	0.479
GPX6	IL6	0.732
GPX6	INS	0.716
GPX6	IRS1	0.413
GPX6	JUN	0.577
GPX6	KEAP1	0.727
GPX6	LEP	0.54
GPX6	MAOB	0.581
GPX6	MAPK3	0.495
GPX6	MFN2	0.4
GPX6	MMP9	0.519
GPX6	MPO	0.715
GPX6	MTOR	0.451
GPX6	NFE2L2	0.802
GPX6	NFKB1	0.551
GPX6	NFKBIA	0.491
GPX6	NGF	0.565
GPX6	NLRP3	0.411
GPX6	NOS1	0.528
GPX6	NOS2	0.529
GPX6	NOS3	0.656
GPX6	NOX1	0.598
GPX6	NOX4	0.629
GPX6	NQO1	0.732
GPX6	PARK7	0.53
GPX6	PINK1	0.469
GPX6	PON1	0.744
GPX6	PPARA	0.517
GPX6	PPARG	0.593
GPX6	PPARGC1A	0.957
GPX6	PTGS2	0.679
GPX6	PXDN	0.703
GPX6	PXDNL	0.703
GPX6	SIRT1	0.611
GPX6	SLC2A4	0.457
GPX6	SNCA	0.44
GPX6	SOD1	0.883
GPX6	SOD2	0.902
GPX6	SREBF1	0.435
GPX6	STAT3	0.457
GPX6	TFAM	0.451
GPX6	TGFB1	0.516
GPX6	TH	0.418
GPX6	TLR4	0.526
GPX6	TNF	0.727
GPX6	TP53	0.603
GPX6	UCP2	0.516
GPX6	XDH	0.884
GPX7	GPX8	0.917
GPX7	GSK3B	0.476
GPX7	GSR	0.997
GPX7	HIF1A	0.536
GPX7	HMGCR	0.493
GPX7	HMOX1	0.841
GPX7	HSP90AA1	0.47
GPX7	HSPA5	0.604
GPX7	ICAM1	0.501
GPX7	IFNG	0.558
GPX7	IGF1	0.477
GPX7	IL10	0.62
GPX7	IL18	0.406
GPX7	IL1A	0.527
GPX7	IL1B	0.755
GPX7	IL4	0.468
GPX7	IL6	0.75
GPX7	INS	0.726
GPX7	IRS1	0.452
GPX7	JUN	0.577
GPX7	KEAP1	0.741
GPX7	LEP	0.537
GPX7	MAOB	0.581
GPX7	MAPK3	0.507
GPX7	MFN2	0.433
GPX7	MMP9	0.524
GPX7	MPO	0.715
GPX7	MTOR	0.452
GPX7	NFE2L2	0.805
GPX7	NFKB1	0.552
GPX7	NFKBIA	0.492
GPX7	NGF	0.564
GPX7	NLRP3	0.412
GPX7	NOS1	0.521
GPX7	NOS2	0.521
GPX7	NOS3	0.651
GPX7	NOX1	0.599
GPX7	NOX4	0.643
GPX7	NQO1	0.732
GPX7	PARK7	0.562
GPX7	PINK1	0.469
GPX7	PON1	0.743
GPX7	PPARA	0.52
GPX7	PPARG	0.593
GPX7	PPARGC1A	0.957
GPX7	PRKN	0.408
GPX7	PTGS2	0.679
GPX7	PXDN	0.717
GPX7	PXDNL	0.712
GPX7	SIRT1	0.639
GPX7	SLC2A4	0.457
GPX7	SNCA	0.44
GPX7	SOD1	0.891
GPX7	SOD2	0.907
GPX7	SREBF1	0.435
GPX7	STAT3	0.44
GPX7	TFAM	0.48
GPX7	TGFB1	0.539
GPX7	TH	0.418
GPX7	TLR4	0.526
GPX7	TNF	0.723
GPX7	TP53	0.606
GPX7	UCP2	0.523
GPX7	XDH	0.883
GPX8	GSK3B	0.477
GPX8	GSR	0.997
GPX8	HIF1A	0.546
GPX8	HMGCR	0.6
GPX8	HMOX1	0.842
GPX8	HSP90AA1	0.469
GPX8	HSPA5	0.449
GPX8	ICAM1	0.501
GPX8	IFNG	0.575
GPX8	IGF1	0.487
GPX8	IL10	0.635
GPX8	IL18	0.419
GPX8	IL1A	0.527
GPX8	IL1B	0.76
GPX8	IL4	0.468
GPX8	IL6	0.749
GPX8	INS	0.725
GPX8	IRS1	0.468
GPX8	JUN	0.578
GPX8	KEAP1	0.737
GPX8	LEP	0.577
GPX8	MAOB	0.581
GPX8	MAPK3	0.507
GPX8	MFN2	0.432
GPX8	MMP9	0.537
GPX8	MPO	0.717
GPX8	MTOR	0.451
GPX8	NFE2L2	0.805
GPX8	NFKB1	0.61
GPX8	NFKBIA	0.498
GPX8	NGF	0.582
GPX8	NLRP3	0.412
GPX8	NOS1	0.521
GPX8	NOS2	0.521
GPX8	NOS3	0.651
GPX8	NOX1	0.597
GPX8	NOX4	0.65
GPX8	NQO1	0.75
GPX8	PARK7	0.545
GPX8	PINK1	0.471
GPX8	PON1	0.742
GPX8	PPARA	0.526
GPX8	PPARG	0.599
GPX8	PPARGC1A	0.957
GPX8	PRKN	0.408
GPX8	PTGS2	0.679
GPX8	PXDN	0.73
GPX8	PXDNL	0.697
GPX8	SIRT1	0.639
GPX8	SLC2A4	0.457
GPX8	SNCA	0.441
GPX8	SOD1	0.89
GPX8	SOD2	0.907
GPX8	SREBF1	0.487
GPX8	STAT3	0.441
GPX8	TFAM	0.48
GPX8	TGFB1	0.542
GPX8	TH	0.418
GPX8	TLR4	0.532
GPX8	TNF	0.734
GPX8	TP53	0.618
GPX8	UCP2	0.518
GPX8	XDH	0.884
GRB2	GSK3B	0.536
GRB2	HSP90AA1	0.835
GRB2	HSPA5	0.434
GRB2	HTT	0.852
GRB2	IGF1	0.762
GRB2	IL6	0.448
GRB2	INS	0.855
GRB2	INSR	0.985
GRB2	IRS1	0.999
GRB2	ITPR1	0.61
GRB2	JUN	0.586
GRB2	LDLR	0.499
GRB2	MAP2	0.659
GRB2	MAPK14	0.631
GRB2	MAPK3	0.868
GRB2	MAPK8	0.447
GRB2	MMP9	0.411
GRB2	MTOR	0.512
GRB2	NFKB1	0.605
GRB2	NGF	0.697
GRB2	NGFR	0.762
GRB2	NOS1	0.408
GRB2	NOS3	0.526
GRB2	NTRK2	0.969
GRB2	PICALM	0.552
GRB2	PPP2CA	0.61
GRB2	PRKACA	0.564
GRB2	PRKACB	0.559
GRB2	PRKACG	0.557
GRB2	PRKCA	0.665
GRB2	PRNP	0.503
GRB2	PSEN1	0.937
GRB2	PSEN2	0.484
GRB2	PTEN	0.665
GRB2	PTPRC	0.466
GRB2	PXDN	0.412
GRB2	PXDNL	0.41
GRB2	RAB5A	0.606
GRB2	RPS6KB1	0.482
GRB2	SQSTM1	0.559
GRB2	SRC	0.999
GRB2	STAT1	0.829
GRB2	STAT3	0.892
GRB2	SYN1	0.734
GRB2	SYP	0.835
GRB2	TGFB1	0.543
GRB2	TNF	0.442
GRB2	TP53	0.766
GRB2	TREM2	0.57
GRB2	TYROBP	0.709
GRIA1	GRIN1	0.907
GRIA1	GRIN2A	0.926
GRIA1	GRIN2B	0.934
GRIA1	GSK3B	0.439
GRIA1	GSR	0.817
GRIA1	MAP1B	0.557
GRIA1	MAP2	0.563
GRIA1	MAPT	0.465
GRIA1	MTOR	0.487
GRIA1	NEFL	0.661
GRIA1	NTRK2	0.667
GRIA1	PRKACA	0.97
GRIA1	PRKACB	0.961
GRIA1	PRKACG	0.96
GRIA1	PRKCA	0.706
GRIA1	PXDN	0.522
GRIA1	PXDNL	0.522
GRIA1	RBFOX3	0.603
GRIA1	RPS6KB1	0.537
GRIA1	SLC17A7	0.855
GRIA1	SLC1A2	0.687
GRIA1	SLC2A4	0.475
GRIA1	SLC6A3	0.48
GRIA1	SNAP25	0.731
GRIA1	SYN1	0.818
GRIA1	SYN2	0.754
GRIA1	SYN3	0.813
GRIA1	SYP	0.841
GRIA1	SYT1	0.649
GRIA1	TH	0.482
GRIN1	GRIN2A	0.999
GRIN1	GRIN2B	0.999
GRIN1	GSR	0.563
GRIN1	MAP2	0.486
GRIN1	MAPT	0.479
GRIN1	NEFL	0.869
GRIN1	NOS1	0.955
GRIN1	NTRK2	0.708
GRIN1	PRKACA	0.773
GRIN1	PRKACB	0.777
GRIN1	PRKACG	0.833
GRIN1	PRKCA	0.61
GRIN1	PSEN1	0.435
GRIN1	RBFOX3	0.52
GRIN1	SLC17A7	0.824
GRIN1	SLC1A2	0.622
GRIN1	SLC6A3	0.564
GRIN1	SNAP25	0.553
GRIN1	SRC	0.673
GRIN1	SYN1	0.667
GRIN1	SYN2	0.538
GRIN1	SYN3	0.42
GRIN1	SYP	0.647
GRIN1	SYT1	0.436
GRIN1	TH	0.44
GRIN2A	GRIN2B	0.999
GRIN2A	GSK3B	0.404
GRIN2A	HTT	0.404
GRIN2A	MAP2	0.516
GRIN2A	MAPK3	0.425
GRIN2A	MAPT	0.424
GRIN2A	NEFL	0.687
GRIN2A	NOS1	0.974
GRIN2A	NTRK2	0.64
GRIN2A	PRKACA	0.942
GRIN2A	PRKACB	0.942
GRIN2A	PRKACG	0.969
GRIN2A	PRKCA	0.677
GRIN2A	PSEN1	0.676
GRIN2A	PTGS2	0.504
GRIN2A	PXDN	0.489
GRIN2A	PXDNL	0.489
GRIN2A	RBFOX3	0.566
GRIN2A	RYR2	0.502
GRIN2A	SLC17A7	0.672
GRIN2A	SLC1A2	0.783
GRIN2A	SLC6A3	0.46
GRIN2A	SNAP25	0.538
GRIN2A	SRC	0.963
GRIN2A	SYN1	0.651
GRIN2A	SYN2	0.504
GRIN2A	SYN3	0.45
GRIN2A	SYP	0.665
GRIN2A	SYT1	0.465
GRIN2A	TH	0.423
GRIN2B	GSK3B	0.478
GRIN2B	GSR	0.418
GRIN2B	HTT	0.506
GRIN2B	IL1B	0.773
GRIN2B	ITPR1	0.447
GRIN2B	MAOB	0.416
GRIN2B	MAP2	0.537
GRIN2B	MAPK3	0.666
GRIN2B	MAPT	0.51
GRIN2B	MTOR	0.413
GRIN2B	NEFL	0.624
GRIN2B	NGF	0.472
GRIN2B	NOS1	0.984
GRIN2B	NPY	0.417
GRIN2B	NTRK2	0.897
GRIN2B	PPARA	0.562
GRIN2B	PRKACA	0.951
GRIN2B	PRKACB	0.951
GRIN2B	PRKACG	0.974
GRIN2B	PRKCA	0.747
GRIN2B	PRKN	0.75
GRIN2B	PRNP	0.452
GRIN2B	PSEN1	0.478
GRIN2B	PTEN	0.547
GRIN2B	PXDN	0.527
GRIN2B	PXDNL	0.527
GRIN2B	RBFOX3	0.637
GRIN2B	RYR2	0.538
GRIN2B	SIGMAR1	0.463
GRIN2B	SLC17A7	0.689
GRIN2B	SLC1A2	0.739
GRIN2B	SLC6A3	0.553
GRIN2B	SNAP25	0.559
GRIN2B	SNCA	0.574
GRIN2B	SRC	0.933
GRIN2B	SYN1	0.666
GRIN2B	SYN2	0.564
GRIN2B	SYN3	0.513
GRIN2B	SYP	0.705
GRIN2B	SYT1	0.497
GRIN2B	TH	0.462
GRIN2B	VPS35	0.461
GSK3B	GSR	0.411
GSK3B	HIF1A	0.653
GSK3B	HMGCR	0.601
GSK3B	HMOX1	0.618
GSK3B	HSP90AA1	0.958
GSK3B	HSPA5	0.663
GSK3B	HTT	0.528
GSK3B	ICAM1	0.417
GSK3B	IDE	0.498
GSK3B	IFNG	0.492
GSK3B	IGF1	0.674
GSK3B	IL10	0.526
GSK3B	IL1A	0.416
GSK3B	IL1B	0.636
GSK3B	IL6	0.682
GSK3B	INS	0.753
GSK3B	INSR	0.471
GSK3B	IRS1	0.799
GSK3B	ITPR1	0.507
GSK3B	JUN	0.908
GSK3B	KEAP1	0.583
GSK3B	LEP	0.463
GSK3B	MAOB	0.439
GSK3B	MAP1A	0.412
GSK3B	MAP1B	0.537
GSK3B	MAP1LC3B	0.47
GSK3B	MAP2	0.426
GSK3B	MAPK14	0.626
GSK3B	MAPT	0.999
GSK3B	MCL1	0.702
GSK3B	MMEL1	0.401
GSK3B	MMP9	0.612
GSK3B	MTOR	0.784
GSK3B	NFE2L2	0.953
GSK3B	NFKB1	0.713
GSK3B	NFKBIA	0.578
GSK3B	NGF	0.52
GSK3B	NOS3	0.491
GSK3B	NOX4	0.463
GSK3B	NQO1	0.574
GSK3B	NTRK2	0.5
GSK3B	PINK1	0.464
GSK3B	PPARA	0.498
GSK3B	PPARG	0.634
GSK3B	PPARGC1A	0.809
GSK3B	PPP2CA	0.897
GSK3B	PRKACA	0.99
GSK3B	PRKACB	0.981
GSK3B	PRKACG	0.978
GSK3B	PRKCA	0.637
GSK3B	PRKN	0.498
GSK3B	PRNP	0.937
GSK3B	PSEN1	0.995
GSK3B	PSEN2	0.551
GSK3B	PTEN	0.906
GSK3B	PTGS2	0.573
GSK3B	PXDN	0.684
GSK3B	PXDNL	0.68
GSK3B	RBFOX3	0.444
GSK3B	RELA	0.603
GSK3B	RPS6KB1	0.586
GSK3B	SIRT1	0.758
GSK3B	SLC2A1	0.413
GSK3B	SLC2A4	0.605
GSK3B	SNCA	0.67
GSK3B	SOD1	0.477
GSK3B	SOD2	0.431
GSK3B	SQSTM1	0.555
GSK3B	SRC	0.867
GSK3B	SREBF1	0.764
GSK3B	STAT1	0.713
GSK3B	STAT3	0.804
GSK3B	SYN1	0.433
GSK3B	SYP	0.487
GSK3B	TFAM	0.441
GSK3B	TFEB	0.425
GSK3B	TGFB1	0.634
GSK3B	TH	0.467
GSK3B	TLR2	0.416
GSK3B	TLR4	0.577
GSK3B	TNF	0.649
GSK3B	TP53	0.992
GSK3B	TRAF6	0.994
GSK3B	VDAC1	0.593
GSR	HIF1A	0.44
GSR	HMOX1	0.761
GSR	HSP90AA1	0.41
GSR	HSPA5	0.501
GSR	IFNG	0.416
GSR	IL10	0.422
GSR	IL1B	0.584
GSR	IL6	0.561
GSR	INS	0.527
GSR	JUN	0.48
GSR	KEAP1	0.712
GSR	MAOB	0.453
GSR	MAPK3	0.423
GSR	MPO	0.497
GSR	NDUFS1	0.562
GSR	NFE2L2	0.93
GSR	NFKB1	0.421
GSR	NOS1	0.405
GSR	NOS2	0.426
GSR	NOS3	0.488
GSR	NOX1	0.476
GSR	NOX4	0.512
GSR	NQO1	0.835
GSR	PARK7	0.514
GSR	PPARG	0.41
GSR	PPARGC1A	0.403
GSR	PTGS2	0.522
GSR	PXDN	0.642
GSR	PXDNL	0.639
GSR	SIRT1	0.482
GSR	SLC2A1	0.475
GSR	SOD1	0.744
GSR	SOD2	0.814
GSR	TNF	0.531
GSR	TP53	0.48
GSR	XDH	0.733
HIF1A	HMGB1	0.517
HIF1A	HMGCR	0.451
HIF1A	HMOX1	0.701
HIF1A	HSP90AA1	0.999
HIF1A	HSPA5	0.54
HIF1A	ICAM1	0.684
HIF1A	IFNG	0.665
HIF1A	IGF1	0.698
HIF1A	IL10	0.751
HIF1A	IL18	0.48
HIF1A	IL1A	0.625
HIF1A	IL1B	0.771
HIF1A	IL4	0.585
HIF1A	IL6	0.8
HIF1A	INS	0.679
HIF1A	IRS1	0.451
HIF1A	ITGAM	0.549
HIF1A	JUN	0.961
HIF1A	KEAP1	0.699
HIF1A	LEP	0.682
HIF1A	MAP1LC3B	0.545
HIF1A	MAPK14	0.693
HIF1A	MAPK3	0.969
HIF1A	MAPK8	0.485
HIF1A	MCL1	0.825
HIF1A	MFN2	0.446
HIF1A	MMP9	0.824
HIF1A	MPO	0.434
HIF1A	MRC1	0.484
HIF1A	MTOR	0.789
HIF1A	NFE2L2	0.75
HIF1A	NFKB1	0.816
HIF1A	NFKBIA	0.735
HIF1A	NGF	0.637
HIF1A	NGFR	0.546
HIF1A	NLRP3	0.662
HIF1A	NOS1	0.403
HIF1A	NOS2	0.523
HIF1A	NOS3	0.624
HIF1A	NOX1	0.516
HIF1A	NOX4	0.6
HIF1A	NQO1	0.852
HIF1A	PIN1	0.419
HIF1A	PINK1	0.69
HIF1A	PPARA	0.761
HIF1A	PPARG	0.854
HIF1A	PPARGC1A	0.758
HIF1A	PRKAA1	0.404
HIF1A	PRKACA	0.608
HIF1A	PRKACB	0.471
HIF1A	PRKACG	0.469
HIF1A	PRKCA	0.62
HIF1A	PRKN	0.716
HIF1A	PTEN	0.83
HIF1A	PTGS2	0.831
HIF1A	PTPRC	0.553
HIF1A	PXDN	0.744
HIF1A	PXDNL	0.737
HIF1A	RELA	0.989
HIF1A	RPS6KB1	0.73
HIF1A	SCARB1	0.521
HIF1A	SCARB2	0.525
HIF1A	SIRT1	0.927
HIF1A	SLC2A1	0.902
HIF1A	SLC2A4	0.587
HIF1A	SOD1	0.511
HIF1A	SOD2	0.639
HIF1A	SQSTM1	0.591
HIF1A	SRC	0.872
HIF1A	SREBF1	0.608
HIF1A	STAT1	0.748
HIF1A	STAT3	0.994
HIF1A	TFAM	0.718
HIF1A	TFEB	0.502
HIF1A	TGFB1	0.838
HIF1A	TLR2	0.499
HIF1A	TLR4	0.657
HIF1A	TNF	0.818
HIF1A	TP53	0.999
HIF1A	TRAF6	0.717
HIF1A	UCP2	0.459
HIF1A	VDAC1	0.49
HIF1A	XDH	0.449
HMGB1	HMOX1	0.57
HMGB1	HSP90AA1	0.703
HMGB1	HSPA5	0.492
HMGB1	HTT	0.407
HMGB1	ICAM1	0.582
HMGB1	IFNG	0.792
HMGB1	IL10	0.705
HMGB1	IL18	0.67
HMGB1	IL1A	0.898
HMGB1	IL1B	0.97
HMGB1	IL4	0.546
HMGB1	IL6	0.792
HMGB1	INS	0.465
HMGB1	ITGAM	0.69
HMGB1	JUN	0.555
HMGB1	LRP1	0.798
HMGB1	MAP1B	0.405
HMGB1	MAP1LC3B	0.484
HMGB1	MAPK3	0.739
HMGB1	MMP9	0.593
HMGB1	MPO	0.774
HMGB1	MTOR	0.476
HMGB1	NFE2L2	0.503
HMGB1	NFKB1	0.923
HMGB1	NFKBIA	0.483
HMGB1	NLRP3	0.609
HMGB1	PINK1	0.576
HMGB1	PPARG	0.432
HMGB1	PTGS2	0.652
HMGB1	PTPRC	0.445
HMGB1	PXDN	0.543
HMGB1	PXDNL	0.543
HMGB1	RBFOX3	0.446
HMGB1	RELA	0.72
HMGB1	S100B	0.83
HMGB1	SCARB1	0.613
HMGB1	SCARB2	0.595
HMGB1	SIRT1	0.66
HMGB1	SRC	0.401
HMGB1	STAT1	0.658
HMGB1	STAT3	0.58
HMGB1	TFAM	0.415
HMGB1	TGFB1	0.506
HMGB1	TLR2	0.998
HMGB1	TLR4	0.999
HMGB1	TNF	0.753
HMGB1	TP53	0.997
HMGB1	TRAF6	0.45
HMGB1	XDH	0.547
HMGCR	HMOX1	0.562
HMGCR	HSPA5	0.428
HMGCR	ICAM1	0.475
HMGCR	IFNG	0.416
HMGCR	IL1B	0.543
HMGCR	IL6	0.59
HMGCR	INS	0.717
HMGCR	IRS1	0.415
HMGCR	JUN	0.423
HMGCR	LEP	0.512
HMGCR	MAPK3	0.452
HMGCR	MMP9	0.432
HMGCR	MTOR	0.492
HMGCR	NFKB1	0.411
HMGCR	NOS3	0.662
HMGCR	PON1	0.409
HMGCR	PPARA	0.856
HMGCR	PPARG	0.661
HMGCR	PPARGC1A	0.532
HMGCR	PRKAA1	0.938
HMGCR	PSEN1	0.417
HMGCR	PTGS2	0.463
HMGCR	PXDN	0.476
HMGCR	PXDNL	0.476
HMGCR	SCARB1	0.787
HMGCR	SCARB2	0.586
HMGCR	SIGMAR1	0.459
HMGCR	SIRT1	0.586
HMGCR	SLC2A4	0.487
HMGCR	SREBF1	0.956
HMGCR	STAT3	0.453
HMGCR	TNF	0.572
HMGCR	TP53	0.479
HMGCR	UCP2	0.497
HMOX1	HSP90AA1	0.462
HMOX1	HSPA5	0.564
HMOX1	ICAM1	0.675
HMOX1	IFNG	0.633
HMOX1	IGF1	0.482
HMOX1	IL10	0.726
HMOX1	IL18	0.514
HMOX1	IL1A	0.591
HMOX1	IL1B	0.817
HMOX1	IL4	0.878
HMOX1	IL6	0.81
HMOX1	INS	0.64
HMOX1	IRS1	0.446
HMOX1	ITGAM	0.468
HMOX1	JUN	0.798
HMOX1	KEAP1	0.934
HMOX1	LEP	0.424
HMOX1	LRP1	0.411
HMOX1	MAOB	0.426
HMOX1	MAP1LC3B	0.512
HMOX1	MAPK14	0.453
HMOX1	MAPK3	0.629
HMOX1	MAPK8	0.506
HMOX1	MFN2	0.4
HMOX1	MMP9	0.656
HMOX1	MPO	0.64
HMOX1	MRC1	0.453
HMOX1	MTOR	0.527
HMOX1	NFE2L2	0.989
HMOX1	NFKB1	0.652
HMOX1	NFKBIA	0.675
HMOX1	NGF	0.441
HMOX1	NLRP3	0.892
HMOX1	NOS1	0.632
HMOX1	NOS2	0.716
HMOX1	NOS3	0.77
HMOX1	NOX1	0.626
HMOX1	NOX4	0.699
HMOX1	NQO1	0.916
HMOX1	PARK7	0.471
HMOX1	PINK1	0.459
HMOX1	PON1	0.534
HMOX1	PPARA	0.576
HMOX1	PPARG	0.784
HMOX1	PPARGC1A	0.654
HMOX1	PSEN1	0.434
HMOX1	PTEN	0.45
HMOX1	PTGS2	0.789
HMOX1	PTPRC	0.41
HMOX1	PXDN	0.696
HMOX1	PXDNL	0.696
HMOX1	RELA	0.4
HMOX1	SCARB1	0.489
HMOX1	SCARB2	0.461
HMOX1	SIRT1	0.733
HMOX1	SLC2A4	0.405
HMOX1	SNCA	0.482
HMOX1	SOD1	0.741
HMOX1	SOD2	0.743
HMOX1	SQSTM1	0.684
HMOX1	SRC	0.456
HMOX1	SREBF1	0.445
HMOX1	STAT1	0.537
HMOX1	STAT3	0.849
HMOX1	TFAM	0.51
HMOX1	TFEB	0.525
HMOX1	TGFB1	0.646
HMOX1	TH	0.462
HMOX1	TLR2	0.496
HMOX1	TLR4	0.719
HMOX1	TNF	0.792
HMOX1	TP53	0.63
HMOX1	TRAF6	0.599
HMOX1	UCP2	0.465
HMOX1	XDH	0.618
HSP90AA1	HSPA5	0.968
HSP90AA1	HTT	0.777
HSP90AA1	IFNG	0.508
HSP90AA1	IGF1	0.471
HSP90AA1	IL10	0.458
HSP90AA1	IL1A	0.601
HSP90AA1	IL1B	0.8
HSP90AA1	IL4	0.431
HSP90AA1	IL6	0.738
HSP90AA1	INS	0.549
HSP90AA1	ITPR1	0.496
HSP90AA1	JUN	0.798
HSP90AA1	KEAP1	0.949
HSP90AA1	LRP1	0.994
HSP90AA1	MAP1LC3B	0.555
HSP90AA1	MAPK14	0.558
HSP90AA1	MAPK3	0.823
HSP90AA1	MAPK8	0.732
HSP90AA1	MAPT	0.959
HSP90AA1	MCL1	0.838
HSP90AA1	MFN2	0.548
HSP90AA1	MMP9	0.489
HSP90AA1	MTOR	0.998
HSP90AA1	NFE2L2	0.687
HSP90AA1	NFKB1	0.634
HSP90AA1	NFKBIA	0.56
HSP90AA1	NLRP3	0.99
HSP90AA1	NOS1	0.627
HSP90AA1	NOS2	0.731
HSP90AA1	NOS3	0.999
HSP90AA1	NOX1	0.79
HSP90AA1	NQO1	0.454
HSP90AA1	PARK7	0.743
HSP90AA1	PINK1	0.957
HSP90AA1	PPARA	0.811
HSP90AA1	PPARG	0.695
HSP90AA1	PPARGC1A	0.43
HSP90AA1	PPP2CA	0.51
HSP90AA1	PRKAA1	0.565
HSP90AA1	PRKACA	0.794
HSP90AA1	PRKACB	0.724
HSP90AA1	PRKACG	0.551
HSP90AA1	PRKN	0.924
HSP90AA1	PRNP	0.76
HSP90AA1	PTEN	0.803
HSP90AA1	PTGS2	0.47
HSP90AA1	PXDN	0.618
HSP90AA1	PXDNL	0.615
HSP90AA1	RAB5A	0.413
HSP90AA1	RELA	0.525
HSP90AA1	RPS6KB1	0.837
HSP90AA1	SIRT1	0.803
HSP90AA1	SLC2A1	0.41
HSP90AA1	SNCA	0.743
HSP90AA1	SOD1	0.779
HSP90AA1	SOD2	0.518
HSP90AA1	SQSTM1	0.666
HSP90AA1	SRC	0.999
HSP90AA1	STAT1	0.868
HSP90AA1	STAT3	0.971
HSP90AA1	TGFB1	0.434
HSP90AA1	TLR2	0.982
HSP90AA1	TLR4	0.987
HSP90AA1	TNF	0.599
HSP90AA1	TP53	0.999
HSP90AA1	TYROBP	0.407
HSP90AA1	VDAC1	0.79
HSPA5	HTT	0.635
HSPA5	ICAM1	0.448
HSPA5	IFNG	0.419
HSPA5	IL1B	0.731
HSPA5	IL6	0.736
HSPA5	INS	0.678
HSPA5	IRS1	0.427
HSPA5	ITPR1	0.782
HSPA5	JUN	0.671
HSPA5	KEAP1	0.424
HSPA5	LAMP1	0.54
HSPA5	LDLR	0.584
HSPA5	LEP	0.427
HSPA5	MAP1A	0.459
HSPA5	MAP1LC3B	0.667
HSPA5	MAPK14	0.402
HSPA5	MAPK3	0.641
HSPA5	MAPK8	0.541
HSPA5	MAPT	0.628
HSPA5	MCL1	0.495
HSPA5	MFN2	0.505
HSPA5	MMP9	0.413
HSPA5	MTOR	0.52
HSPA5	NFE2L2	0.583
HSPA5	NFKB1	0.704
HSPA5	NFKBIA	0.711
HSPA5	NOX4	0.412
HSPA5	NQO1	0.415
HSPA5	PARK7	0.635
HSPA5	PINK1	0.426
HSPA5	PPARA	0.438
HSPA5	PPARG	0.481
HSPA5	PPARGC1A	0.418
HSPA5	PRKAA1	0.461
HSPA5	PRKN	0.479
HSPA5	PRNP	0.954
HSPA5	PTEN	0.607
HSPA5	PTGS2	0.411
HSPA5	PXDN	0.66
HSPA5	PXDNL	0.659
HSPA5	RELA	0.715
HSPA5	RPS6KB1	0.479
HSPA5	SIGMAR1	0.992
HSPA5	SIRT1	0.513
HSPA5	SNCA	0.947
HSPA5	SOD1	0.975
HSPA5	SOD2	0.504
HSPA5	SQSTM1	0.946
HSPA5	SRC	0.492
HSPA5	SREBF1	0.506
HSPA5	STAT3	0.681
HSPA5	SYN1	0.442
HSPA5	SYP	0.467
HSPA5	TFAM	0.942
HSPA5	TGFB1	0.453
HSPA5	TLR4	0.47
HSPA5	TNF	0.663
HSPA5	TP53	0.824
HSPA5	VDAC1	0.813
HTT	INS	0.598
HTT	INSR	0.43
HTT	ITPR1	0.995
HTT	JUN	0.699
HTT	MAOB	0.429
HTT	MAP1A	0.452
HTT	MAP1B	0.452
HTT	MAP1LC3B	0.655
HTT	MAPK3	0.47
HTT	MAPK8	0.93
HTT	MAPT	0.715
HTT	MFN2	0.513
HTT	MTOR	0.818
HTT	NDUFS1	0.4
HTT	NEFL	0.496
HTT	NFKB1	0.664
HTT	NGF	0.487
HTT	NTRK2	0.645
HTT	PARK7	0.656
HTT	PINK1	0.66
HTT	PPARG	0.802
HTT	PPARGC1A	0.982
HTT	PRKACA	0.419
HTT	PRKN	0.817
HTT	PRNP	0.84
HTT	PSEN1	0.795
HTT	PSEN2	0.572
HTT	PXDN	0.43
HTT	PXDNL	0.428
HTT	RAB5A	0.691
HTT	RBFOX3	0.517
HTT	RPS6KB1	0.561
HTT	SIRT1	0.54
HTT	SLC1A2	0.584
HTT	SNAP25	0.613
HTT	SNCA	0.989
HTT	SOD1	0.855
HTT	SOD2	0.508
HTT	SQSTM1	0.919
HTT	SREBF1	0.473
HTT	SYN1	0.487
HTT	SYP	0.576
HTT	TFEB	0.505
HTT	TH	0.48
HTT	TNF	0.635
HTT	TP53	0.998
HTT	TRAF6	0.442
HTT	VDAC1	0.57
ICAM1	IFNG	0.902
ICAM1	IGF1	0.694
ICAM1	IL10	0.873
ICAM1	IL18	0.673
ICAM1	IL1A	0.807
ICAM1	IL1B	0.912
ICAM1	IL4	0.811
ICAM1	IL6	0.947
ICAM1	INS	0.668
ICAM1	ITGAM	0.999
ICAM1	JUN	0.655
ICAM1	KEAP1	0.454
ICAM1	LAMP1	0.637
ICAM1	LEP	0.578
ICAM1	MAPK14	0.436
ICAM1	MAPK3	0.589
ICAM1	MAPK8	0.437
ICAM1	MME	0.43
ICAM1	MMP9	0.791
ICAM1	MPO	0.769
ICAM1	MRC1	0.522
ICAM1	MTOR	0.413
ICAM1	NFE2L2	0.504
ICAM1	NFKB1	0.903
ICAM1	NFKBIA	0.797
ICAM1	NGF	0.426
ICAM1	NLRP3	0.549
ICAM1	NOS2	0.608
ICAM1	NOS3	0.709
ICAM1	NOX1	0.453
ICAM1	NOX4	0.553
ICAM1	PON1	0.401
ICAM1	PPARA	0.521
ICAM1	PPARG	0.636
ICAM1	PTEN	0.406
ICAM1	PTGS2	0.835
ICAM1	PTPRC	0.828
ICAM1	PXDN	0.639
ICAM1	PXDNL	0.633
ICAM1	RELA	0.855
ICAM1	SCARB1	0.815
ICAM1	SCARB2	0.811
ICAM1	SIRT1	0.494
ICAM1	SOD2	0.502
ICAM1	SRC	0.643
ICAM1	STAT1	0.805
ICAM1	STAT3	0.832
ICAM1	TGFB1	0.73
ICAM1	TLR2	0.714
ICAM1	TLR4	0.768
ICAM1	TNF	0.944
ICAM1	TP53	0.722
ICAM1	TRAF6	0.455
ICAM1	XDH	0.501
IDE	IGF1	0.583
IDE	IL1B	0.425
IDE	INS	0.999
IDE	IRS1	0.48
IDE	LRP1	0.584
IDE	MAPT	0.517
IDE	MME	0.941
IDE	MMEL1	0.948
IDE	MMP9	0.428
IDE	NCSTN	0.577
IDE	PICALM	0.422
IDE	PPARG	0.452
IDE	PRNP	0.404
IDE	PSEN1	0.78
IDE	PSEN2	0.692
IDE	PSENEN	0.508
IDE	PTEN	0.42
IDE	SNCA	0.459
IDE	STAT3	0.401
IDE	SYP	0.427
IDE	TREM2	0.436
IDE	VDAC1	0.457
IFNG	IGF1	0.754
IFNG	IL10	0.995
IFNG	IL18	0.949
IFNG	IL1A	0.971
IFNG	IL1B	0.998
IFNG	IL4	0.99
IFNG	IL6	0.983
IFNG	INS	0.813
IFNG	IRS1	0.597
IFNG	ITGAM	0.92
IFNG	JUN	0.711
IFNG	KEAP1	0.459
IFNG	LAMP1	0.803
IFNG	LEP	0.671
IFNG	MAPK14	0.769
IFNG	MAPK3	0.846
IFNG	MAPK8	0.658
IFNG	MAPT	0.473
IFNG	MBP	0.667
IFNG	MCL1	0.458
IFNG	MME	0.416
IFNG	MMP9	0.751
IFNG	MPO	0.789
IFNG	MRC1	0.79
IFNG	MTOR	0.61
IFNG	NEFL	0.551
IFNG	NFE2L2	0.515
IFNG	NFKB1	0.932
IFNG	NFKBIA	0.714
IFNG	NGF	0.607
IFNG	NLRP3	0.669
IFNG	NOS1	0.448
IFNG	NOS2	0.862
IFNG	NOS3	0.51
IFNG	NOX4	0.406
IFNG	PPARA	0.574
IFNG	PPARG	0.671
IFNG	PRKACA	0.447
IFNG	PRKACB	0.448
IFNG	PRKACG	0.447
IFNG	PTEN	0.596
IFNG	PTGS2	0.816
IFNG	PTPRC	0.924
IFNG	PXDN	0.782
IFNG	PXDNL	0.782
IFNG	RELA	0.585
IFNG	RPS6KB1	0.432
IFNG	S100B	0.474
IFNG	SCARB1	0.601
IFNG	SCARB2	0.597
IFNG	SIRT1	0.596
IFNG	SLC2A1	0.473
IFNG	SNCA	0.431
IFNG	SOD1	0.424
IFNG	SRC	0.607
IFNG	STAT1	0.986
IFNG	STAT3	0.907
IFNG	TGFB1	0.888
IFNG	TLR2	0.918
IFNG	TLR4	0.946
IFNG	TNF	0.991
IFNG	TP53	0.834
IFNG	TRAF6	0.831
IFNG	TREM2	0.705
IFNG	TYROBP	0.541
IFNG	VDAC1	0.467
IFNG	XDH	0.423
IGF1	IL10	0.716
IGF1	IL18	0.629
IGF1	IL1A	0.664
IGF1	IL1B	0.847
IGF1	IL4	0.631
IGF1	IL6	0.913
IGF1	INS	0.999
IGF1	INSR	0.999
IGF1	IRS1	0.998
IGF1	ITGAM	0.488
IGF1	JUN	0.636
IGF1	LEP	0.907
IGF1	MAPK14	0.64
IGF1	MAPK3	0.697
IGF1	MAPK8	0.479
IGF1	MBP	0.528
IGF1	MCL1	0.604
IGF1	MMP9	0.767
IGF1	MRC1	0.552
IGF1	MTOR	0.781
IGF1	NFE2L2	0.453
IGF1	NFKB1	0.579
IGF1	NGF	0.84
IGF1	NGFR	0.79
IGF1	NOS3	0.526
IGF1	NOX4	0.463
IGF1	NPY	0.57
IGF1	NTRK2	0.89
IGF1	PPARA	0.55
IGF1	PPARG	0.828
IGF1	PPARGC1A	0.764
IGF1	PRKACA	0.549
IGF1	PRKACB	0.556
IGF1	PRKACG	0.548
IGF1	PRKCA	0.4
IGF1	PTEN	0.795
IGF1	PTGS2	0.604
IGF1	PTPRC	0.582
IGF1	PXDN	0.638
IGF1	PXDNL	0.635
IGF1	RAB5A	0.478
IGF1	RBFOX3	0.425
IGF1	RPS6KB1	0.733
IGF1	SCARB1	0.478
IGF1	SCARB2	0.454
IGF1	SIRT1	0.824
IGF1	SLC2A1	0.476
IGF1	SLC2A4	0.629
IGF1	SNCA	0.4
IGF1	SOD1	0.503
IGF1	SOD2	0.586
IGF1	SRC	0.85
IGF1	SREBF1	0.66
IGF1	STAT1	0.447
IGF1	STAT3	0.845
IGF1	SYP	0.617
IGF1	TGFB1	0.976
IGF1	TLR2	0.525
IGF1	TLR4	0.583
IGF1	TNF	0.837
IGF1	TP53	0.72
IGF1	TRAF6	0.567
IGF1	UCP2	0.4
IL10	IL18	0.955
IL10	IL1A	0.971
IL10	IL1B	0.991
IL10	IL4	0.986
IL10	IL6	0.997
IL10	INS	0.819
IL10	IRS1	0.475
IL10	ITGAM	0.856
IL10	JUN	0.677
IL10	KEAP1	0.461
IL10	LAMP1	0.58
IL10	LEP	0.806
IL10	MAPK14	0.602
IL10	MAPK3	0.624
IL10	MAPK8	0.626
IL10	MBP	0.606
IL10	MCL1	0.524
IL10	MME	0.418
IL10	MMP9	0.881
IL10	MPO	0.771
IL10	MRC1	0.856
IL10	MTOR	0.74
IL10	NEFL	0.575
IL10	NFE2L2	0.567
IL10	NFKB1	0.877
IL10	NFKBIA	0.72
IL10	NGF	0.662
IL10	NLRP3	0.69
IL10	NOS1	0.406
IL10	NOS2	0.718
IL10	NOS3	0.701
IL10	NQO1	0.401
IL10	PPARA	0.634
IL10	PPARG	0.733
IL10	PPARGC1A	0.445
IL10	PRKACA	0.449
IL10	PRKACB	0.448
IL10	PRKACG	0.449
IL10	PTEN	0.717
IL10	PTGS2	0.789
IL10	PTPRC	0.804
IL10	PXDN	0.72
IL10	PXDNL	0.72
IL10	RBFOX3	0.447
IL10	RELA	0.701
IL10	RPS6KB1	0.413
IL10	S100B	0.479
IL10	SCARB1	0.639
IL10	SCARB2	0.629
IL10	SIRT1	0.575
IL10	SLC2A4	0.407
IL10	SNCA	0.454
IL10	SOD1	0.467
IL10	SOD2	0.436
IL10	SRC	0.583
IL10	STAT1	0.865
IL10	STAT3	0.968
IL10	TGFB1	0.932
IL10	TH	0.49
IL10	TLR2	0.956
IL10	TLR4	0.943
IL10	TNF	0.992
IL10	TP53	0.756
IL10	TRAF6	0.653
IL10	TREM2	0.542
IL10	TYROBP	0.446
IL10	UCP2	0.412
IL10	XDH	0.414
IL18	IL1A	0.997
IL18	IL1B	0.99
IL18	IL4	0.897
IL18	IL6	0.97
IL18	INS	0.721
IL18	ITGAM	0.632
IL18	JUN	0.952
IL18	LAMP1	0.541
IL18	LEP	0.692
IL18	MAPK14	0.521
IL18	MAPK3	0.645
IL18	MAPK8	0.414
IL18	MMP9	0.615
IL18	MPO	0.583
IL18	MRC1	0.687
IL18	MTOR	0.489
IL18	NFE2L2	0.474
IL18	NFKB1	0.979
IL18	NFKBIA	0.584
IL18	NGF	0.476
IL18	NLRP3	0.946
IL18	NOS2	0.479
IL18	NOX4	0.451
IL18	NTRK2	0.447
IL18	PPARA	0.402
IL18	PPARG	0.533
IL18	PTGS2	0.714
IL18	PTPRC	0.6
IL18	PXDN	0.507
IL18	PXDNL	0.507
IL18	RELA	0.939
IL18	SCARB1	0.479
IL18	SCARB2	0.478
IL18	SIRT1	0.475
IL18	SRC	0.405
IL18	STAT1	0.607
IL18	STAT3	0.806
IL18	TGFB1	0.628
IL18	TLR2	0.847
IL18	TLR4	0.908
IL18	TNF	0.961
IL18	TP53	0.507
IL18	TRAF6	0.732
IL18	TREM2	0.528
IL18	TYROBP	0.44
IL1A	IL1B	0.999
IL1A	IL4	0.995
IL1A	IL6	0.989
IL1A	INS	0.732
IL1A	ITGAM	0.7
IL1A	JUN	0.944
IL1A	LEP	0.836
IL1A	MAPK14	0.656
IL1A	MAPK3	0.716
IL1A	MAPK8	0.643
IL1A	MMP9	0.734
IL1A	MPO	0.715
IL1A	MRC1	0.596
IL1A	MTOR	0.507
IL1A	NFE2L2	0.491
IL1A	NFKB1	0.946
IL1A	NFKBIA	0.839
IL1A	NGF	0.608
IL1A	NLRP3	0.845
IL1A	NOS1	0.417
IL1A	NOS2	0.62
IL1A	NOS3	0.687
IL1A	PPARA	0.473
IL1A	PPARG	0.588
IL1A	PRKACA	0.428
IL1A	PRKACB	0.428
IL1A	PRKACG	0.428
IL1A	PTEN	0.445
IL1A	PTGS2	0.823
IL1A	PTPRC	0.764
IL1A	PXDN	0.606
IL1A	PXDNL	0.606
IL1A	RELA	0.893
IL1A	S100B	0.433
IL1A	SCARB1	0.532
IL1A	SCARB2	0.507
IL1A	SIRT1	0.447
IL1A	SOD1	0.42
IL1A	SOD2	0.648
IL1A	SRC	0.517
IL1A	STAT1	0.741
IL1A	STAT3	0.861
IL1A	TGFB1	0.764
IL1A	TLR2	0.87
IL1A	TLR4	0.974
IL1A	TNF	0.994
IL1A	TP53	0.657
IL1A	TRAF6	0.956
IL1A	TREM2	0.478
IL1A	XDH	0.427
IL1B	IL4	0.998
IL1B	IL6	0.996
IL1B	INS	0.896
IL1B	IRS1	0.64
IL1B	ITGAM	0.853
IL1B	JUN	0.987
IL1B	KEAP1	0.622
IL1B	LAMP1	0.545
IL1B	LEP	0.854
IL1B	LRP1	0.476
IL1B	MAOB	0.454
IL1B	MAP1A	0.416
IL1B	MAP1LC3B	0.542
IL1B	MAP2	0.417
IL1B	MAPK14	0.782
IL1B	MAPK3	0.86
IL1B	MAPK8	0.845
IL1B	MAPT	0.518
IL1B	MBP	0.589
IL1B	MCL1	0.525
IL1B	MME	0.498
IL1B	MMEL1	0.468
IL1B	MMP9	0.949
IL1B	MPO	0.86
IL1B	MRC1	0.812
IL1B	MTOR	0.667
IL1B	NFE2L2	0.749
IL1B	NFKB1	0.996
IL1B	NFKBIA	0.945
IL1B	NGF	0.728
IL1B	NGFR	0.615
IL1B	NLRP3	0.997
IL1B	NOS1	0.613
IL1B	NOS2	0.803
IL1B	NOS3	0.699
IL1B	NOX1	0.605
IL1B	NOX4	0.637
IL1B	NPY	0.52
IL1B	NQO1	0.626
IL1B	NTRK2	0.476
IL1B	PINK1	0.453
IL1B	PON1	0.468
IL1B	PPARA	0.711
IL1B	PPARG	0.858
IL1B	PPARGC1A	0.613
IL1B	PRKACA	0.601
IL1B	PRKACB	0.601
IL1B	PRKACG	0.601
IL1B	PRKCA	0.459
IL1B	PRKN	0.404
IL1B	PSEN1	0.581
IL1B	PSEN2	0.409
IL1B	PTEN	0.738
IL1B	PTGS2	0.974
IL1B	PTPRC	0.807
IL1B	PXDN	0.812
IL1B	PXDNL	0.812
IL1B	RAB5A	0.498
IL1B	RBFOX3	0.615
IL1B	RELA	0.99
IL1B	RPS6KB1	0.512
IL1B	S100B	0.6
IL1B	SCARB1	0.714
IL1B	SCARB2	0.712
IL1B	SIRT1	0.719
IL1B	SLC1A2	0.513
IL1B	SLC2A1	0.486
IL1B	SLC2A4	0.58
IL1B	SNCA	0.626
IL1B	SOD1	0.645
IL1B	SOD2	0.806
IL1B	SQSTM1	0.691
IL1B	SRC	0.653
IL1B	SREBF1	0.588
IL1B	STAT1	0.846
IL1B	STAT3	0.938
IL1B	SYP	0.511
IL1B	TFAM	0.414
IL1B	TFEB	0.43
IL1B	TGFB1	0.932
IL1B	TH	0.661
IL1B	TLR2	0.969
IL1B	TLR4	0.986
IL1B	TMEM119	0.456
IL1B	TNF	0.998
IL1B	TP53	0.718
IL1B	TRAF6	0.981
IL1B	TREM2	0.668
IL1B	TYROBP	0.579
IL1B	UCP2	0.542
IL1B	XDH	0.615
IL4	IL6	0.986
IL4	INS	0.683
IL4	IRS1	0.813
IL4	ITGAM	0.794
IL4	JUN	0.608
IL4	LAMP1	0.532
IL4	LEP	0.627
IL4	MAPK14	0.591
IL4	MAPK3	0.587
IL4	MAPK8	0.418
IL4	MBP	0.574
IL4	MMP9	0.687
IL4	MPO	0.601
IL4	MRC1	0.874
IL4	MTOR	0.744
IL4	NEFL	0.514
IL4	NFE2L2	0.568
IL4	NFKB1	0.8
IL4	NFKBIA	0.588
IL4	NGF	0.585
IL4	NLRP3	0.546
IL4	NOS2	0.674
IL4	NOS3	0.415
IL4	PPARA	0.442
IL4	PPARG	0.681
IL4	PTEN	0.457
IL4	PTGS2	0.764
IL4	PTPRC	0.79
IL4	PXDN	0.67
IL4	PXDNL	0.671
IL4	RELA	0.644
IL4	RPS6KB1	0.44
IL4	SCARB1	0.571
IL4	SCARB2	0.571
IL4	SIRT1	0.403
IL4	SRC	0.509
IL4	STAT1	0.891
IL4	STAT3	0.92
IL4	TGFB1	0.852
IL4	TLR2	0.834
IL4	TLR4	0.869
IL4	TNF	0.977
IL4	TP53	0.718
IL4	TRAF6	0.53
IL4	TREM2	0.512
IL6	INS	0.933
IL6	IRS1	0.704
IL6	ITGAM	0.897
IL6	JUN	0.989
IL6	KEAP1	0.617
IL6	LAMP1	0.531
IL6	LEP	0.919
IL6	LRP1	0.446
IL6	MAOB	0.451
IL6	MAP1LC3B	0.508
IL6	MAPK14	0.848
IL6	MAPK3	0.905
IL6	MAPK8	0.938
IL6	MAPT	0.448
IL6	MBP	0.659
IL6	MCL1	0.637
IL6	MFN2	0.424
IL6	MME	0.513
IL6	MMEL1	0.405
IL6	MMP9	0.959
IL6	MPO	0.872
IL6	MRC1	0.782
IL6	MTOR	0.772
IL6	NEFL	0.445
IL6	NFE2L2	0.812
IL6	NFKB1	0.994
IL6	NFKBIA	0.927
IL6	NGF	0.747
IL6	NGFR	0.434
IL6	NLRP3	0.86
IL6	NOS1	0.698
IL6	NOS2	0.781
IL6	NOS3	0.718
IL6	NOX1	0.575
IL6	NOX4	0.635
IL6	NPY	0.71
IL6	NQO1	0.613
IL6	NTRK2	0.452
IL6	PON1	0.507
IL6	PPARA	0.722
IL6	PPARG	0.82
IL6	PPARGC1A	0.67
IL6	PRKACA	0.602
IL6	PRKACB	0.602
IL6	PRKACG	0.602
IL6	PRKCA	0.466
IL6	PSEN1	0.442
IL6	PTEN	0.681
IL6	PTGS2	0.96
IL6	PTPRC	0.86
IL6	PXDN	0.825
IL6	PXDNL	0.821
IL6	RBFOX3	0.559
IL6	RELA	0.986
IL6	RPS6KB1	0.597
IL6	S100B	0.621
IL6	SCARB1	0.71
IL6	SCARB2	0.709
IL6	SIRT1	0.726
IL6	SLC1A2	0.444
IL6	SLC2A1	0.506
IL6	SLC2A4	0.65
IL6	SNCA	0.569
IL6	SOD1	0.584
IL6	SOD2	0.654
IL6	SORL1	0.673
IL6	SQSTM1	0.449
IL6	SRC	0.787
IL6	SREBF1	0.615
IL6	STAT1	0.972
IL6	STAT3	0.984
IL6	SYP	0.401
IL6	TFAM	0.428
IL6	TGFB1	0.96
IL6	TH	0.515
IL6	TLR2	0.942
IL6	TLR4	0.973
IL6	TNF	0.994
IL6	TP53	0.777
IL6	TRAF6	0.825
IL6	TREM2	0.663
IL6	TYROBP	0.451
IL6	UCP2	0.478
IL6	XDH	0.607
INS	INSR	0.999
INS	IRS1	0.999
INS	ITGAM	0.587
INS	ITPR1	0.687
INS	JUN	0.741
INS	KEAP1	0.502
INS	LAMP1	0.424
INS	LEP	0.985
INS	LRP1	0.448
INS	MAOB	0.473
INS	MAP1A	0.407
INS	MAP1LC3B	0.478
INS	MAP2	0.425
INS	MAPK14	0.757
INS	MAPK3	0.813
INS	MAPK8	0.74
INS	MAPT	0.505
INS	MBP	0.512
INS	MFN2	0.528
INS	MME	0.519
INS	MMEL1	0.517
INS	MMP9	0.655
INS	MPO	0.652
INS	MRC1	0.471
INS	MTOR	0.882
INS	NFE2L2	0.627
INS	NFKB1	0.875
INS	NFKBIA	0.605
INS	NGF	0.707
INS	NGFR	0.786
INS	NLRP3	0.469
INS	NOS1	0.508
INS	NOS2	0.49
INS	NOS3	0.732
INS	NOX1	0.443
INS	NOX4	0.594
INS	NPY	0.918
INS	NQO1	0.447
INS	NTRK2	0.801
INS	PINK1	0.418
INS	PON1	0.53
INS	PPARA	0.898
INS	PPARG	0.944
INS	PPARGC1A	0.93
INS	PPP2CA	0.55
INS	PRKAA1	0.599
INS	PRKACA	0.738
INS	PRKACB	0.732
INS	PRKACG	0.746
INS	PRKCA	0.509
INS	PRNP	0.426
INS	PSEN1	0.447
INS	PTEN	0.869
INS	PTGS2	0.639
INS	PTPRC	0.668
INS	PXDN	0.817
INS	PXDNL	0.817
INS	RAB5A	0.434
INS	RBFOX3	0.445
INS	RELA	0.615
INS	RPS6KB1	0.876
INS	S100B	0.427
INS	SCARB1	0.727
INS	SCARB2	0.722
INS	SIRT1	0.91
INS	SLC2A1	0.849
INS	SLC2A4	0.977
INS	SLC6A3	0.454
INS	SNAP25	0.657
INS	SNCA	0.896
INS	SOD1	0.511
INS	SOD2	0.554
INS	SQSTM1	0.445
INS	SRC	0.886
INS	SREBF1	0.89
INS	STAT1	0.537
INS	STAT3	0.885
INS	SYN1	0.419
INS	SYP	0.745
INS	TFAM	0.613
INS	TFEB	0.467
INS	TGFB1	0.758
INS	TH	0.725
INS	TLR2	0.569
INS	TLR4	0.71
INS	TNF	0.926
INS	TP53	0.879
INS	UCP2	0.814
INS	VDAC1	0.433
INS	XDH	0.58
INSR	IRS1	0.999
INSR	LEP	0.744
INSR	MAPK3	0.452
INSR	MTOR	0.532
INSR	NGF	0.701
INSR	PPARA	0.524
INSR	PPARG	0.555
INSR	PPARGC1A	0.447
INSR	PPP2CA	0.473
INSR	PRKAA1	0.459
INSR	PRKCA	0.447
INSR	PTEN	0.563
INSR	SIRT1	0.468
INSR	SLC2A1	0.442
INSR	SLC2A4	0.813
INSR	SQSTM1	0.739
INSR	SRC	0.705
INSR	SREBF1	0.61
INSR	STAT3	0.405
INSR	TGFB1	0.545
INSR	TP53	0.66
IRS1	JUN	0.701
IRS1	LEP	0.963
IRS1	MAPK3	0.833
IRS1	MAPK8	0.986
IRS1	MTOR	0.992
IRS1	NFKB1	0.482
IRS1	NFKBIA	0.492
IRS1	NGF	0.645
IRS1	NGFR	0.702
IRS1	NOS3	0.561
IRS1	NOX4	0.415
IRS1	NTRK2	0.974
IRS1	PPARA	0.663
IRS1	PPARG	0.726
IRS1	PPARGC1A	0.667
IRS1	PRKACA	0.464
IRS1	PRKACB	0.464
IRS1	PRKACG	0.465
IRS1	PRKCA	0.648
IRS1	PTEN	0.792
IRS1	PXDN	0.567
IRS1	PXDNL	0.552
IRS1	RPS6KB1	0.994
IRS1	SCARB1	0.54
IRS1	SCARB2	0.515
IRS1	SIRT1	0.823
IRS1	SLC2A1	0.665
IRS1	SLC2A4	0.94
IRS1	SQSTM1	0.632
IRS1	SRC	0.977
IRS1	SREBF1	0.706
IRS1	STAT3	0.734
IRS1	TH	0.46
IRS1	TLR4	0.588
IRS1	TNF	0.647
IRS1	TP53	0.702
IRS1	UCP2	0.525
ITGAM	JUN	0.474
ITGAM	LAMP1	0.702
ITGAM	LEP	0.42
ITGAM	MAPK3	0.697
ITGAM	MBP	0.7
ITGAM	MME	0.58
ITGAM	MMP9	0.713
ITGAM	MPO	0.823
ITGAM	MRC1	0.931
ITGAM	MS4A4A	0.452
ITGAM	NFKB1	0.618
ITGAM	NFKBIA	0.573
ITGAM	NGFR	0.4
ITGAM	NLRP3	0.582
ITGAM	NOS2	0.613
ITGAM	PPARA	0.537
ITGAM	PPARG	0.567
ITGAM	PTEN	0.414
ITGAM	PTGS2	0.59
ITGAM	PTPRC	0.971
ITGAM	PXDN	0.634
ITGAM	PXDNL	0.634
ITGAM	RBFOX3	0.649
ITGAM	RELA	0.488
ITGAM	S100B	0.447
ITGAM	SCARB1	0.776
ITGAM	SCARB2	0.778
ITGAM	SNCA	0.608
ITGAM	SRC	0.811
ITGAM	STAT1	0.876
ITGAM	STAT3	0.828
ITGAM	TGFB1	0.687
ITGAM	TH	0.4
ITGAM	TLR2	0.893
ITGAM	TLR4	0.92
ITGAM	TMEM119	0.603
ITGAM	TNF	0.909
ITGAM	TP53	0.481
ITGAM	TRAF6	0.432
ITGAM	TREM2	0.629
ITGAM	TYROBP	0.737
ITPR1	MAPK3	0.524
ITPR1	MBP	0.425
ITPR1	MCL1	0.75
ITPR1	MFN2	0.79
ITPR1	NOS1	0.923
ITPR1	NTRK2	0.462
ITPR1	PARK7	0.761
ITPR1	PINK1	0.662
ITPR1	PPP2CA	0.41
ITPR1	PRKACA	0.974
ITPR1	PRKACB	0.972
ITPR1	PRKACG	0.971
ITPR1	PRKCA	0.937
ITPR1	PSEN1	0.94
ITPR1	PSEN2	0.954
ITPR1	PTEN	0.588
ITPR1	RYR2	0.639
ITPR1	SIGMAR1	0.938
ITPR1	SNAP25	0.606
ITPR1	SRC	0.413
ITPR1	STAT3	0.548
ITPR1	TP53	0.519
ITPR1	VDAC1	0.996
JUN	KEAP1	0.594
JUN	LEP	0.548
JUN	MAP1A	0.451
JUN	MAP1B	0.454
JUN	MAP1LC3B	0.475
JUN	MAPK14	0.992
JUN	MAPK3	0.987
JUN	MAPK8	0.999
JUN	MBP	0.473
JUN	MCL1	0.656
JUN	MMP9	0.866
JUN	MPO	0.467
JUN	MTOR	0.715
JUN	NFE2L2	0.92
JUN	NFKB1	0.994
JUN	NFKBIA	0.908
JUN	NGF	0.652
JUN	NGFR	0.478
JUN	NLRP3	0.488
JUN	NOS2	0.534
JUN	NOS3	0.543
JUN	NOX1	0.491
JUN	NOX4	0.556
JUN	NQO1	0.522
JUN	NTRK2	0.473
JUN	PIN1	0.642
JUN	PPARA	0.979
JUN	PPARG	0.849
JUN	PPARGC1A	0.7
JUN	PPP2CA	0.41
JUN	PRKACA	0.963
JUN	PRKACB	0.963
JUN	PRKACG	0.963
JUN	PRKCA	0.57
JUN	PSEN1	0.408
JUN	PTEN	0.775
JUN	PTGS2	0.866
JUN	PTPRC	0.582
JUN	PXDN	0.74
JUN	PXDNL	0.735
JUN	RBFOX3	0.595
JUN	RELA	0.986
JUN	RPS6KB1	0.959
JUN	SCARB1	0.688
JUN	SCARB2	0.448
JUN	SIRT1	0.927
JUN	SLC2A1	0.409
JUN	SLC2A4	0.512
JUN	SNCA	0.402
JUN	SOD1	0.476
JUN	SOD2	0.456
JUN	SQSTM1	0.589
JUN	SRC	0.974
JUN	SREBF1	0.549
JUN	STAT1	0.91
JUN	STAT3	0.995
JUN	TFAM	0.447
JUN	TGFB1	0.722
JUN	TH	0.418
JUN	TLR2	0.611
JUN	TLR4	0.741
JUN	TNF	0.989
JUN	TP53	0.997
JUN	TRAF6	0.714
JUN	XDH	0.466
KEAP1	MAP1LC3B	0.93
KEAP1	MAPK3	0.504
KEAP1	MAPK8	0.434
KEAP1	MMP9	0.405
KEAP1	MTOR	0.531
KEAP1	NFE2L2	0.999
KEAP1	NFKB1	0.733
KEAP1	NFKBIA	0.527
KEAP1	NLRP3	0.476
KEAP1	NOS3	0.579
KEAP1	NOX1	0.487
KEAP1	NOX4	0.593
KEAP1	NQO1	0.953
KEAP1	PARK7	0.915
KEAP1	PINK1	0.654
KEAP1	PPARA	0.466
KEAP1	PPARG	0.566
KEAP1	PPARGC1A	0.53
KEAP1	PRKN	0.615
KEAP1	PTEN	0.59
KEAP1	PTGS2	0.539
KEAP1	PXDN	0.559
KEAP1	PXDNL	0.558
KEAP1	RELA	0.956
KEAP1	SIRT1	0.611
KEAP1	SNCA	0.55
KEAP1	SOD1	0.63
KEAP1	SOD2	0.602
KEAP1	SQSTM1	0.999
KEAP1	SRC	0.406
KEAP1	SREBF1	0.412
KEAP1	STAT3	0.659
KEAP1	TFAM	0.429
KEAP1	TGFB1	0.446
KEAP1	TLR4	0.514
KEAP1	TNF	0.591
KEAP1	TP53	0.81
KEAP1	TRAF6	0.443
KEAP1	XDH	0.544
LAMP1	MAP1A	0.65
LAMP1	MAP1B	0.582
LAMP1	MAP1LC3B	0.869
LAMP1	MAPK3	0.424
LAMP1	MBP	0.463
LAMP1	MFN2	0.422
LAMP1	MRC1	0.657
LAMP1	MTOR	0.997
LAMP1	NCSTN	0.747
LAMP1	PINK1	0.596
LAMP1	PRKN	0.477
LAMP1	PSEN1	0.532
LAMP1	PSENEN	0.48
LAMP1	PTPRC	0.631
LAMP1	PXDN	0.623
LAMP1	PXDNL	0.623
LAMP1	RAB5A	0.854
LAMP1	RBFOX3	0.423
LAMP1	RPS6KB1	0.53
LAMP1	SCARB1	0.459
LAMP1	SCARB2	0.647
LAMP1	SNCA	0.519
LAMP1	SOD1	0.479
LAMP1	SOD2	0.494
LAMP1	SQSTM1	0.782
LAMP1	SRC	0.425
LAMP1	SYP	0.491
LAMP1	TFEB	0.769
LAMP1	TLR2	0.43
LAMP1	TLR4	0.461
LAMP1	TNF	0.725
LAMP1	TP53	0.476
LAMP1	TYROBP	0.405
LAMP1	VDAC1	0.429
LAMP1	VPS35	0.788
LDLR	PICALM	0.509
LDLR	PON1	0.563
LDLR	SCARB2	0.517
LDLR	SLC18A3	0.499
LDLR	SYT1	0.547
LEP	LRP1	0.735
LEP	MAPK3	0.691
LEP	MAPK8	0.418
LEP	MMP9	0.649
LEP	MPO	0.431
LEP	MTOR	0.731
LEP	NFE2L2	0.406
LEP	NFKB1	0.525
LEP	NGF	0.48
LEP	NOS3	0.545
LEP	NPY	0.996
LEP	NTRK2	0.411
LEP	PON1	0.657
LEP	PPARA	0.839
LEP	PPARG	0.948
LEP	PPARGC1A	0.903
LEP	PRKACA	0.642
LEP	PRKACB	0.642
LEP	PRKACG	0.643
LEP	PTEN	0.509
LEP	PTGS2	0.52
LEP	PTPRC	0.407
LEP	PXDN	0.742
LEP	PXDNL	0.742
LEP	RPS6KB1	0.494
LEP	SCARB1	0.622
LEP	SCARB2	0.612
LEP	SIRT1	0.624
LEP	SLC2A1	0.583
LEP	SLC2A4	0.839
LEP	SRC	0.539
LEP	SREBF1	0.836
LEP	STAT1	0.586
LEP	STAT3	0.933
LEP	TGFB1	0.721
LEP	TH	0.644
LEP	TLR2	0.443
LEP	TLR4	0.692
LEP	TNF	0.892
LEP	TP53	0.545
LEP	UCP2	0.885
LRP1	MAPT	0.632
LRP1	MBP	0.541
LRP1	MME	0.652
LRP1	MMEL1	0.713
LRP1	MMP9	0.889
LRP1	NGF	0.45
LRP1	NOX4	0.435
LRP1	PICALM	0.403
LRP1	PRNP	0.806
LRP1	PSEN1	0.462
LRP1	SCARB1	0.745
LRP1	SCARB2	0.735
LRP1	SLC2A4	0.515
LRP1	SRC	0.517
LRP1	TLR2	0.697
LRP1	TLR4	0.774
LRP1	TNF	0.477
MAOB	MAPT	0.528
MAOB	MFN2	0.453
MAOB	NGF	0.45
MAOB	NTRK2	0.472
MAOB	PARK7	0.583
MAOB	PINK1	0.743
MAOB	PRKN	0.97
MAOB	PSEN1	0.411
MAOB	PTGS2	0.496
MAOB	PXDN	0.478
MAOB	PXDNL	0.478
MAOB	SIGMAR1	0.447
MAOB	SIRT1	0.415
MAOB	SLC1A2	0.438
MAOB	SLC6A3	0.882
MAOB	SNCA	0.815
MAOB	SOD1	0.415
MAOB	STAT3	0.482
MAOB	SYP	0.407
MAOB	TH	0.792
MAOB	TNF	0.422
MAOB	VDAC1	0.459
MAOB	XDH	0.602
MAP1A	MAP1LC3B	0.968
MAP1A	MAP2	0.661
MAP1A	MAPT	0.522
MAP1A	MFN2	0.483
MAP1A	MTOR	0.728
MAP1A	NFE2L2	0.416
MAP1A	PINK1	0.636
MAP1A	PPARGC1A	0.466
MAP1A	PRKN	0.571
MAP1A	PXDN	0.537
MAP1A	PXDNL	0.537
MAP1A	RPS6KB1	0.545
MAP1A	SIRT1	0.448
MAP1A	SNCA	0.482
MAP1A	SQSTM1	0.994
MAP1A	SYT1	0.49
MAP1A	TFEB	0.602
MAP1A	TP53	0.476
MAP1B	MAP1LC3B	0.971
MAP1B	MAP2	0.724
MAP1B	MAPK8	0.404
MAP1B	MAPT	0.752
MAP1B	MFN2	0.419
MAP1B	MTOR	0.696
MAP1B	NEFL	0.478
MAP1B	PARK7	0.469
MAP1B	PINK1	0.686
MAP1B	PRKN	0.479
MAP1B	PXDN	0.515
MAP1B	PXDNL	0.482
MAP1B	RPS6KB1	0.506
MAP1B	SNAP25	0.57
MAP1B	SNCA	0.639
MAP1B	SQSTM1	0.97
MAP1B	SYN1	0.677
MAP1B	SYN2	0.675
MAP1B	SYN3	0.703
MAP1B	SYP	0.552
MAP1B	SYT1	0.434
MAP1B	TFEB	0.519
MAP1B	TNF	0.405
MAP1B	TP53	0.74
MAP1LC3B	MAPK3	0.518
MAP1LC3B	MAPK8	0.416
MAP1LC3B	MCL1	0.501
MAP1LC3B	MFN2	0.875
MAP1LC3B	MTOR	0.76
MAP1LC3B	NFE2L2	0.48
MAP1LC3B	NFKB1	0.516
MAP1LC3B	NFKBIA	0.426
MAP1LC3B	NLRP3	0.418
MAP1LC3B	PINK1	0.913
MAP1LC3B	PPARGC1A	0.533
MAP1LC3B	PRKAA1	0.402
MAP1LC3B	PRKN	0.701
MAP1LC3B	PTEN	0.462
MAP1LC3B	PXDN	0.707
MAP1LC3B	PXDNL	0.701
MAP1LC3B	RAB5A	0.551
MAP1LC3B	RBFOX3	0.412
MAP1LC3B	RPS6KB1	0.708
MAP1LC3B	SIRT1	0.768
MAP1LC3B	SNCA	0.725
MAP1LC3B	SOD1	0.442
MAP1LC3B	SOD2	0.479
MAP1LC3B	SQSTM1	0.999
MAP1LC3B	SRC	0.691
MAP1LC3B	STAT1	0.561
MAP1LC3B	STAT3	0.474
MAP1LC3B	TFAM	0.464
MAP1LC3B	TFEB	0.717
MAP1LC3B	TNF	0.502
MAP1LC3B	TP53	0.657
MAP1LC3B	TRAF6	0.696
MAP1LC3B	VDAC1	0.764
MAP2	MAPK8	0.474
MAP2	MAPT	0.661
MAP2	MBP	0.79
MAP2	NEFL	0.848
MAP2	NGF	0.62
MAP2	NTRK2	0.519
MAP2	PRKACA	0.792
MAP2	PRKACB	0.615
MAP2	PRKACG	0.631
MAP2	PRKN	0.462
MAP2	PRNP	0.532
MAP2	PSEN1	0.495
MAP2	PXDN	0.556
MAP2	PXDNL	0.558
MAP2	RBFOX3	0.813
MAP2	S100B	0.577
MAP2	SLC17A7	0.688
MAP2	SLC1A2	0.464
MAP2	SNAP25	0.609
MAP2	SNCA	0.514
MAP2	SRC	0.426
MAP2	SYN1	0.78
MAP2	SYN2	0.661
MAP2	SYN3	0.645
MAP2	SYP	0.874
MAP2	SYT1	0.462
MAP2	TH	0.666
MAP2	VDAC1	0.689
MAPK14	MAPK3	0.989
MAPK14	MAPK8	0.955
MAPK14	MAPT	0.444
MAPK14	MBP	0.82
MAPK14	MCL1	0.598
MAPK14	MMP9	0.532
MAPK14	MTOR	0.554
MAPK14	NEFL	0.91
MAPK14	NFE2L2	0.459
MAPK14	NFKB1	0.864
MAPK14	NFKBIA	0.829
MAPK14	NGF	0.408
MAPK14	NOS2	0.409
MAPK14	PPARG	0.484
MAPK14	PPARGC1A	0.95
MAPK14	PRKCA	0.517
MAPK14	PTEN	0.531
MAPK14	PTGS2	0.774
MAPK14	PTPRC	0.56
MAPK14	PXDN	0.513
MAPK14	PXDNL	0.476
MAPK14	RELA	0.798
MAPK14	S100B	0.444
MAPK14	SIRT1	0.437
MAPK14	SOD1	0.584
MAPK14	SQSTM1	0.672
MAPK14	SRC	0.818
MAPK14	STAT1	0.783
MAPK14	STAT3	0.718
MAPK14	TGFB1	0.632
MAPK14	TLR2	0.693
MAPK14	TLR4	0.762
MAPK14	TNF	0.839
MAPK14	TP53	0.994
MAPK14	TRAF6	0.664
MAPK3	MAPK8	0.505
MAPK3	MAPT	0.968
MAPK3	MBP	0.864
MAPK3	MCL1	0.633
MAPK3	MMP9	0.741
MAPK3	MPO	0.435
MAPK3	MTOR	0.762
MAPK3	NFE2L2	0.563
MAPK3	NFKB1	0.881
MAPK3	NFKBIA	0.732
MAPK3	NGF	0.743
MAPK3	NGFR	0.418
MAPK3	NLRP3	0.421
MAPK3	NOS1	0.936
MAPK3	NOS2	0.461
MAPK3	NOS3	0.603
MAPK3	NOX1	0.52
MAPK3	NOX4	0.577
MAPK3	NQO1	0.412
MAPK3	PARK7	0.549
MAPK3	PPARA	0.51
MAPK3	PPARG	0.67
MAPK3	PPARGC1A	0.519
MAPK3	PPP2CA	0.971
MAPK3	PRKACA	0.959
MAPK3	PRKACB	0.958
MAPK3	PRKACG	0.957
MAPK3	PRKCA	0.956
MAPK3	PTEN	0.756
MAPK3	PTGS2	0.855
MAPK3	PTPRC	0.692
MAPK3	PXDN	0.848
MAPK3	PXDNL	0.847
MAPK3	RAB5A	0.421
MAPK3	RBFOX3	0.477
MAPK3	RELA	0.684
MAPK3	RPS6KB1	0.935
MAPK3	S100B	0.676
MAPK3	SCARB1	0.487
MAPK3	SCARB2	0.451
MAPK3	SIRT1	0.58
MAPK3	SLC2A1	0.598
MAPK3	SLC2A4	0.533
MAPK3	SNCA	0.526
MAPK3	SOD1	0.465
MAPK3	SOD2	0.454
MAPK3	SQSTM1	0.632
MAPK3	SRC	0.944
MAPK3	SREBF1	0.629
MAPK3	STAT1	0.964
MAPK3	STAT3	0.87
MAPK3	SYN1	0.602
MAPK3	SYN2	0.515
MAPK3	SYN3	0.513
MAPK3	TGFB1	0.721
MAPK3	TH	0.576
MAPK3	TLR2	0.607
MAPK3	TLR4	0.824
MAPK3	TNF	0.922
MAPK3	TP53	0.994
MAPK3	TRAF6	0.57
MAPK3	VDAC1	0.534
MAPK3	XDH	0.418
MAPK8	MAPT	0.757
MAPK8	MBP	0.449
MAPK8	MCL1	0.517
MAPK8	MMP9	0.735
MAPK8	MTOR	0.702
MAPK8	NFE2L2	0.727
MAPK8	NFKB1	0.987
MAPK8	NFKBIA	0.782
MAPK8	NGF	0.685
MAPK8	NGFR	0.592
MAPK8	NLRP3	0.403
MAPK8	NOS2	0.545
MAPK8	NOS3	0.412
MAPK8	PPARA	0.42
MAPK8	PPARG	0.505
MAPK8	PTEN	0.699
MAPK8	PTGS2	0.602
MAPK8	PXDN	0.596
MAPK8	PXDNL	0.588
MAPK8	RELA	0.975
MAPK8	RPS6KB1	0.517
MAPK8	SIRT1	0.727
MAPK8	SLC2A4	0.412
MAPK8	SNCA	0.488
MAPK8	SOD2	0.715
MAPK8	SQSTM1	0.425
MAPK8	SRC	0.959
MAPK8	STAT1	0.496
MAPK8	STAT3	0.9
MAPK8	TGFB1	0.534
MAPK8	TLR2	0.507
MAPK8	TLR4	0.615
MAPK8	TNF	0.89
MAPK8	TP53	0.997
MAPK8	TRAF6	0.972
MAPT	MARK4	0.659
MAPT	MBP	0.5
MAPT	MME	0.545
MAPT	MMEL1	0.617
MAPT	NCSTN	0.646
MAPT	NDUFS1	0.66
MAPT	NEFL	0.797
MAPT	NGF	0.494
MAPT	NRGN	0.543
MAPT	NTRK2	0.464
MAPT	PARK7	0.772
MAPT	PICALM	0.744
MAPT	PIN1	0.716
MAPT	PINK1	0.756
MAPT	PPP2CA	0.684
MAPT	PRKAA1	0.552
MAPT	PRKACA	0.915
MAPT	PRKACB	0.666
MAPT	PRKACG	0.466
MAPT	PRKCA	0.448
MAPT	PRKN	0.92
MAPT	PRNP	0.884
MAPT	PSEN1	0.95
MAPT	PSEN2	0.883
MAPT	PSENEN	0.624
MAPT	PXDN	0.502
MAPT	PXDNL	0.502
MAPT	RBFOX3	0.644
MAPT	RPS6KB1	0.637
MAPT	S100B	0.906
MAPT	SIRT1	0.721
MAPT	SLC17A7	0.476
MAPT	SLC1A2	0.624
MAPT	SLC6A3	0.517
MAPT	SNAP25	0.619
MAPT	SNCA	0.994
MAPT	SOD1	0.642
MAPT	SORL1	0.6
MAPT	SQSTM1	0.838
MAPT	SRC	0.897
MAPT	SYN1	0.893
MAPT	SYN2	0.504
MAPT	SYN3	0.45
MAPT	SYP	0.855
MAPT	SYT1	0.694
MAPT	TFEB	0.457
MAPT	TH	0.673
MAPT	TNF	0.479
MAPT	TP53	0.442
MAPT	TREM2	0.733
MAPT	VDAC1	0.975
MAPT	VPS35	0.571
MARK4	NLRP3	0.645
MBP	MMP9	0.463
MBP	NEFL	0.754
MBP	NGF	0.603
MBP	NGFR	0.412
MBP	NRGN	0.418
MBP	NTRK2	0.429
MBP	PRKCA	0.417
MBP	PRNP	0.524
MBP	PTPRC	0.5
MBP	PXDN	0.72
MBP	PXDNL	0.72
MBP	RBFOX3	0.739
MBP	S100B	0.759
MBP	SLC17A7	0.414
MBP	SLC1A2	0.428
MBP	SNCA	0.674
MBP	SRC	0.715
MBP	SYN1	0.51
MBP	SYN2	0.414
MBP	SYP	0.63
MBP	TH	0.518
MBP	TLR4	0.426
MBP	TNF	0.606
MCL1	MFN2	0.442
MCL1	MMP9	0.529
MCL1	MTOR	0.583
MCL1	NFE2L2	0.435
MCL1	NFKB1	0.613
MCL1	NFKBIA	0.576
MCL1	NOS2	0.484
MCL1	PIN1	0.434
MCL1	PINK1	0.745
MCL1	PRKAA1	0.75
MCL1	PRKN	0.538
MCL1	PTEN	0.763
MCL1	PTGS2	0.542
MCL1	PTPRC	0.448
MCL1	PXDN	0.614
MCL1	PXDNL	0.614
MCL1	RELA	0.47
MCL1	RPS6KB1	0.552
MCL1	SIRT1	0.589
MCL1	SQSTM1	0.55
MCL1	SRC	0.607
MCL1	STAT1	0.714
MCL1	STAT3	0.883
MCL1	TLR4	0.456
MCL1	TNF	0.636
MCL1	TP53	0.918
MCL1	TRAF6	0.554
MCL1	VDAC1	0.971
MFN2	MTOR	0.492
MFN2	NEFL	0.549
MFN2	NFE2L2	0.423
MFN2	NLRP3	0.895
MFN2	PARK7	0.724
MFN2	PINK1	0.999
MFN2	PPARA	0.43
MFN2	PPARG	0.459
MFN2	PPARGC1A	0.791
MFN2	PRKACA	0.488
MFN2	PRKACB	0.466
MFN2	PRKACG	0.464
MFN2	PRKN	0.999
MFN2	PSEN1	0.414
MFN2	PSEN2	0.578
MFN2	PTEN	0.44
MFN2	PXDN	0.53
MFN2	PXDNL	0.526
MFN2	S100B	0.412
MFN2	SIGMAR1	0.694
MFN2	SIRT1	0.773
MFN2	SNCA	0.49
MFN2	SOD1	0.51
MFN2	SOD2	0.619
MFN2	SQSTM1	0.941
MFN2	TFAM	0.812
MFN2	TFEB	0.408
MFN2	TP53	0.435
MFN2	UCP2	0.519
MFN2	VDAC1	0.989
MFN2	VPS35	0.52
MME	MMP9	0.468
MME	MPO	0.67
MME	NCSTN	0.674
MME	PSEN1	0.762
MME	PSEN2	0.688
MME	PSENEN	0.613
MME	PTEN	0.675
MME	PTPRC	0.775
MME	PXDN	0.474
MME	PXDNL	0.462
MME	SCARB1	0.433
MME	SCARB2	0.435
MME	SYP	0.667
MME	TLR4	0.505
MME	TNF	0.456
MME	TP53	0.596
MME	TREM2	0.474
MMEL1	MMP9	0.488
MMEL1	NCSTN	0.766
MMEL1	PSEN1	0.791
MMEL1	PSEN2	0.732
MMEL1	PSENEN	0.685
MMEL1	SYP	0.419
MMEL1	TREM2	0.475
MMP9	MPO	0.969
MMP9	MTOR	0.588
MMP9	NFE2L2	0.536
MMP9	NFKB1	0.802
MMP9	NFKBIA	0.704
MMP9	NGF	0.545
MMP9	NLRP3	0.479
MMP9	NOS1	0.577
MMP9	NOS2	0.681
MMP9	NOS3	0.73
MMP9	NOX1	0.525
MMP9	NOX4	0.538
MMP9	NQO1	0.426
MMP9	PPARA	0.47
MMP9	PPARG	0.765
MMP9	PRKACA	0.421
MMP9	PRKACB	0.422
MMP9	PRKACG	0.412
MMP9	PRKCA	0.458
MMP9	PTEN	0.766
MMP9	PTGS2	0.815
MMP9	PTPRC	0.711
MMP9	PXDN	0.755
MMP9	PXDNL	0.755
MMP9	RELA	0.658
MMP9	RPS6KB1	0.49
MMP9	S100B	0.48
MMP9	SCARB1	0.557
MMP9	SCARB2	0.534
MMP9	SIRT1	0.597
MMP9	SLC2A1	0.406
MMP9	SLC2A4	0.492
MMP9	SOD1	0.43
MMP9	SOD2	0.448
MMP9	SRC	0.97
MMP9	STAT1	0.727
MMP9	STAT3	0.89
MMP9	TGFB1	0.968
MMP9	TLR2	0.802
MMP9	TLR4	0.934
MMP9	TNF	0.93
MMP9	TP53	0.838
MMP9	TRAF6	0.562
MMP9	TREM2	0.42
MMP9	TYROBP	0.626
MMP9	XDH	0.564
MPO	MRC1	0.436
MPO	NFE2L2	0.525
MPO	NFKB1	0.518
MPO	NFKBIA	0.575
MPO	NGFR	0.426
MPO	NLRP3	0.544
MPO	NOS1	0.436
MPO	NOS2	0.515
MPO	NOS3	0.536
MPO	NOX1	0.428
MPO	NOX4	0.435
MPO	NQO1	0.666
MPO	PON1	0.774
MPO	PPARG	0.486
MPO	PTGS2	0.641
MPO	PTPRC	0.685
MPO	RAB5A	0.428
MPO	SCARB1	0.51
MPO	SCARB2	0.481
MPO	SOD2	0.407
MPO	STAT3	0.53
MPO	TGFB1	0.519
MPO	TLR2	0.611
MPO	TLR4	0.728
MPO	TNF	0.832
MPO	TP53	0.46
MPO	XDH	0.647
MRC1	MS4A4A	0.511
MRC1	NFKB1	0.467
MRC1	NFKBIA	0.428
MRC1	NLRP3	0.443
MRC1	NOS2	0.656
MRC1	PPARG	0.73
MRC1	PTGS2	0.514
MRC1	PTPRC	0.802
MRC1	PXDN	0.514
MRC1	PXDNL	0.511
MRC1	SCARB1	0.646
MRC1	SCARB2	0.647
MRC1	STAT1	0.573
MRC1	STAT3	0.582
MRC1	TGFB1	0.6
MRC1	TLR2	0.638
MRC1	TLR4	0.79
MRC1	TMEM119	0.522
MRC1	TNF	0.79
MRC1	TREM2	0.655
MRC1	TYROBP	0.509
MS4A4A	MS4A6A	0.711
MS4A4A	MS4A6E	0.98
MS4A4A	PICALM	0.676
MS4A4A	PSEN1	0.409
MS4A4A	PSEN2	0.426
MS4A4A	PTGS2	0.434
MS4A4A	SORL1	0.642
MS4A4A	TREM2	0.666
MS4A4A	TYROBP	0.663
MS4A4E	MS4A6A	0.987
MS4A4E	MS4A6E	0.978
MS4A4E	PICALM	0.774
MS4A4E	PSEN1	0.44
MS4A4E	PSEN2	0.455
MS4A4E	SORL1	0.65
MS4A4E	TREM2	0.513
MS4A6A	PICALM	0.79
MS4A6A	PSEN1	0.487
MS4A6A	PSEN2	0.506
MS4A6A	SORL1	0.682
MS4A6A	TREM2	0.699
MS4A6A	TYROBP	0.79
MS4A6E	PICALM	0.696
MS4A6E	PSEN1	0.42
MS4A6E	PSEN2	0.447
MS4A6E	SORL1	0.627
MS4A6E	TREM2	0.527
MTOR	NFE2L2	0.637
MTOR	NFKB1	0.76
MTOR	NFKBIA	0.647
MTOR	NGF	0.425
MTOR	NLRP3	0.472
MTOR	NOS3	0.677
MTOR	NOX4	0.451
MTOR	NPY	0.425
MTOR	NTRK2	0.513
MTOR	PINK1	0.584
MTOR	PPARA	0.68
MTOR	PPARG	0.964
MTOR	PPARGC1A	0.703
MTOR	PPP2CA	0.428
MTOR	PRKAA1	0.972
MTOR	PRKACA	0.674
MTOR	PRKACB	0.671
MTOR	PRKACG	0.671
MTOR	PRKCA	0.969
MTOR	PRKN	0.781
MTOR	PTEN	0.942
MTOR	PTGS2	0.575
MTOR	PTPRC	0.422
MTOR	PXDN	0.674
MTOR	PXDNL	0.671
MTOR	RAB5A	0.428
MTOR	RELA	0.408
MTOR	RPS6KB1	0.999
MTOR	SCARB1	0.429
MTOR	SCARB2	0.415
MTOR	SIRT1	0.937
MTOR	SLC2A1	0.634
MTOR	SLC2A4	0.623
MTOR	SNCA	0.483
MTOR	SOD1	0.44
MTOR	SOD2	0.493
MTOR	SQSTM1	0.953
MTOR	SRC	0.793
MTOR	SREBF1	0.656
MTOR	STAT1	0.827
MTOR	STAT3	0.926
MTOR	TFAM	0.503
MTOR	TFEB	0.983
MTOR	TGFB1	0.582
MTOR	TLR2	0.444
MTOR	TLR4	0.59
MTOR	TNF	0.671
MTOR	TP53	0.874
MTOR	TRAF6	0.608
MTOR	TREM2	0.508
MTOR	UCP2	0.404
MTOR	VDAC1	0.403
NCSTN	NGF	0.478
NCSTN	NGFR	0.464
NCSTN	PICALM	0.43
NCSTN	PSEN1	0.999
NCSTN	PSEN2	0.999
NCSTN	PSENEN	0.999
NCSTN	SORL1	0.453
NCSTN	TNF	0.78
NCSTN	TRAF6	0.4
NDUFS1	PINK1	0.742
NDUFS1	PRKACA	0.667
NDUFS1	PRKACB	0.665
NDUFS1	PRKACG	0.658
NDUFS1	SNCA	0.695
NDUFS1	SOD1	0.446
NDUFS1	SOD2	0.688
NDUFS1	TFAM	0.655
NDUFS1	VDAC1	0.663
NEFL	NGF	0.493
NEFL	NOS1	0.483
NEFL	NOX1	0.4
NEFL	NRGN	0.779
NEFL	NTRK2	0.436
NEFL	PRNP	0.412
NEFL	PSEN1	0.47
NEFL	RBFOX3	0.588
NEFL	S100B	0.729
NEFL	SLC17A7	0.411
NEFL	SLC1A2	0.414
NEFL	SNAP25	0.808
NEFL	SNCA	0.663
NEFL	SOD1	0.976
NEFL	SRC	0.49
NEFL	SYN1	0.697
NEFL	SYN2	0.676
NEFL	SYN3	0.588
NEFL	SYP	0.566
NEFL	SYT1	0.711
NEFL	TNF	0.452
NEFL	TREM2	0.538
NFE2L2	NFKB1	0.659
NFE2L2	NFKBIA	0.747
NFE2L2	NLRP3	0.544
NFE2L2	NOS2	0.475
NFE2L2	NOS3	0.571
NFE2L2	NOX1	0.57
NFE2L2	NOX4	0.644
NFE2L2	NQO1	0.978
NFE2L2	PARK7	0.969
NFE2L2	PINK1	0.519
NFE2L2	PPARA	0.59
NFE2L2	PPARG	0.831
NFE2L2	PPARGC1A	0.942
NFE2L2	PRKCA	0.633
NFE2L2	PRKN	0.447
NFE2L2	PTEN	0.707
NFE2L2	PTGS2	0.698
NFE2L2	PXDN	0.618
NFE2L2	PXDNL	0.618
NFE2L2	RELA	0.611
NFE2L2	RPS6KB1	0.479
NFE2L2	SCARB1	0.436
NFE2L2	SCARB2	0.439
NFE2L2	SIRT1	0.737
NFE2L2	SLC1A2	0.493
NFE2L2	SNCA	0.531
NFE2L2	SOD1	0.708
NFE2L2	SOD2	0.701
NFE2L2	SQSTM1	0.95
NFE2L2	SRC	0.432
NFE2L2	SREBF1	0.5
NFE2L2	STAT1	0.453
NFE2L2	STAT3	0.742
NFE2L2	TFAM	0.625
NFE2L2	TFEB	0.442
NFE2L2	TGFB1	0.556
NFE2L2	TLR2	0.408
NFE2L2	TLR4	0.626
NFE2L2	TNF	0.701
NFE2L2	TP53	0.78
NFE2L2	TRAF6	0.4
NFE2L2	UCP2	0.414
NFE2L2	XDH	0.602
NFKB1	NFKBIA	0.999
NFKB1	NGF	0.711
NFKB1	NGFR	0.647
NFKB1	NLRP3	0.981
NFKB1	NOS2	0.696
NFKB1	NOS3	0.528
NFKB1	NOX1	0.445
NFKB1	NOX4	0.494
NFKB1	NQO1	0.482
NFKB1	PON1	0.511
NFKB1	PPARA	0.581
NFKB1	PPARG	0.972
NFKB1	PPARGC1A	0.77
NFKB1	PPP2CA	0.931
NFKB1	PRKACA	0.944
NFKB1	PRKACB	0.944
NFKB1	PRKACG	0.944
NFKB1	PRKCA	0.716
NFKB1	PTEN	0.652
NFKB1	PTGS2	0.842
NFKB1	PTPRC	0.577
NFKB1	PXDN	0.631
NFKB1	PXDNL	0.625
NFKB1	RELA	0.999
NFKB1	RPS6KB1	0.513
NFKB1	S100B	0.575
NFKB1	SCARB1	0.697
NFKB1	SCARB2	0.681
NFKB1	SIRT1	0.983
NFKB1	SLC2A1	0.452
NFKB1	SLC2A4	0.434
NFKB1	SOD1	0.503
NFKB1	SOD2	0.56
NFKB1	SQSTM1	0.747
NFKB1	SRC	0.756
NFKB1	SREBF1	0.444
NFKB1	STAT1	0.926
NFKB1	STAT3	0.962
NFKB1	TFAM	0.419
NFKB1	TGFB1	0.711
NFKB1	TLR2	0.992
NFKB1	TLR4	0.993
NFKB1	TNF	0.999
NFKB1	TP53	0.989
NFKB1	TRAF6	0.951
NFKB1	XDH	0.436
NFKBIA	NGF	0.66
NFKBIA	NGFR	0.585
NFKBIA	NLRP3	0.626
NFKBIA	NOS2	0.641
NFKBIA	NOS3	0.47
NFKBIA	NOX4	0.437
NFKBIA	NQO1	0.477
NFKBIA	PIN1	0.414
NFKBIA	PPARA	0.511
NFKBIA	PPARG	0.618
NFKBIA	PRKACA	0.965
NFKBIA	PRKACB	0.965
NFKBIA	PRKACG	0.965
NFKBIA	PRKCA	0.713
NFKBIA	PTEN	0.536
NFKBIA	PTGS2	0.856
NFKBIA	PTPRC	0.509
NFKBIA	PXDN	0.734
NFKBIA	PXDNL	0.734
NFKBIA	RELA	0.999
NFKBIA	RPS6KB1	0.49
NFKBIA	SCARB1	0.435
NFKBIA	SCARB2	0.428
NFKBIA	SIRT1	0.541
NFKBIA	SOD2	0.705
NFKBIA	SQSTM1	0.809
NFKBIA	SRC	0.797
NFKBIA	STAT1	0.917
NFKBIA	STAT3	0.741
NFKBIA	TGFB1	0.648
NFKBIA	TLR2	0.749
NFKBIA	TLR4	0.872
NFKBIA	TNF	0.967
NFKBIA	TP53	0.915
NFKBIA	TRAF6	0.966
NGF	NGFR	0.999
NGF	NOS1	0.437
NGF	NPY	0.621
NGF	NTRK2	0.999
NGF	PPARG	0.403
NGF	PRKACA	0.584
NGF	PRKACB	0.584
NGF	PRKACG	0.59
NGF	PSEN1	0.654
NGF	PSEN2	0.567
NGF	PSENEN	0.466
NGF	PTEN	0.426
NGF	PTGS2	0.526
NGF	PTPRC	0.432
NGF	PXDN	0.698
NGF	PXDNL	0.683
NGF	RBFOX3	0.601
NGF	RELA	0.607
NGF	S100B	0.571
NGF	SLC18A3	0.525
NGF	SLC1A2	0.405
NGF	SLC2A1	0.491
NGF	SLC6A3	0.43
NGF	SNAP25	0.404
NGF	SNCA	0.538
NGF	SOD1	0.46
NGF	SQSTM1	0.582
NGF	SRC	0.541
NGF	STAT3	0.867
NGF	SYN1	0.543
NGF	SYP	0.649
NGF	TGFB1	0.753
NGF	TH	0.791
NGF	TLR4	0.463
NGF	TNF	0.714
NGF	TP53	0.532
NGF	TRAF6	0.647
NGFR	NTRK2	0.99
NGFR	PRKACB	0.447
NGFR	PRNP	0.514
NGFR	PSEN1	0.565
NGFR	PSEN2	0.512
NGFR	PSENEN	0.469
NGFR	PTPRC	0.612
NGFR	PXDN	0.429
NGFR	PXDNL	0.427
NGFR	RELA	0.581
NGFR	S100B	0.497
NGFR	SORL1	0.421
NGFR	SQSTM1	0.762
NGFR	TNF	0.531
NGFR	TP53	0.58
NGFR	TRAF6	0.988
NLRP3	NOX4	0.457
NLRP3	NQO1	0.418
NLRP3	PINK1	0.457
NLRP3	PPARG	0.494
NLRP3	PPARGC1A	0.476
NLRP3	PRKN	0.541
NLRP3	PTGS2	0.707
NLRP3	PTPRC	0.479
NLRP3	PXDN	0.447
NLRP3	PXDNL	0.447
NLRP3	RELA	0.937
NLRP3	SCARB1	0.507
NLRP3	SCARB2	0.506
NLRP3	SIRT1	0.532
NLRP3	SOD2	0.426
NLRP3	SQSTM1	0.593
NLRP3	SRC	0.53
NLRP3	STAT1	0.53
NLRP3	STAT3	0.558
NLRP3	TGFB1	0.472
NLRP3	TLR2	0.849
NLRP3	TLR4	0.874
NLRP3	TNF	0.869
NLRP3	TP53	0.633
NLRP3	TRAF6	0.567
NLRP3	TREM2	0.404
NLRP3	XDH	0.4
NOS1	NOS2	0.939
NOS1	NOS3	0.906
NOS1	NOX1	0.622
NOS1	NOX4	0.452
NOS1	NPY	0.548
NOS1	NTRK2	0.564
NOS1	PRKACA	0.463
NOS1	PRKACB	0.461
NOS1	PRKACG	0.472
NOS1	PTEN	0.538
NOS1	PTGS2	0.515
NOS1	PXDN	0.51
NOS1	PXDNL	0.51
NOS1	RBFOX3	0.474
NOS1	RYR2	0.958
NOS1	SLC18A3	0.481
NOS1	SOD1	0.667
NOS1	SYN1	0.471
NOS1	TFAM	0.523
NOS1	TH	0.55
NOS1	TNF	0.53
NOS1	VDAC1	0.517
NOS1	XDH	0.923
NOS2	NOS3	0.912
NOS2	NOX1	0.405
NOS2	PARK7	0.43
NOS2	PPARG	0.699
NOS2	PTGS2	0.908
NOS2	PTPRC	0.473
NOS2	PXDN	0.525
NOS2	PXDNL	0.525
NOS2	RELA	0.464
NOS2	SOD1	0.468
NOS2	STAT1	0.738
NOS2	STAT3	0.749
NOS2	TGFB1	0.495
NOS2	TLR2	0.692
NOS2	TLR4	0.754
NOS2	TNF	0.858
NOS2	TP53	0.418
NOS2	XDH	0.493
NOS3	NOX1	0.611
NOS3	NOX4	0.697
NOS3	PON1	0.527
NOS3	PPARA	0.529
NOS3	PPARG	0.627
NOS3	PPARGC1A	0.583
NOS3	PRKACA	0.598
NOS3	PRKACB	0.597
NOS3	PRKACG	0.599
NOS3	PTEN	0.422
NOS3	PTGS2	0.642
NOS3	PXDN	0.615
NOS3	PXDNL	0.614
NOS3	RYR2	0.561
NOS3	SCARB1	0.509
NOS3	SCARB2	0.433
NOS3	SIRT1	0.841
NOS3	SLC2A4	0.519
NOS3	SOD1	0.436
NOS3	SOD2	0.518
NOS3	SRC	0.586
NOS3	STAT3	0.489
NOS3	TGFB1	0.587
NOS3	TLR4	0.522
NOS3	TNF	0.693
NOS3	TP53	0.506
NOS3	UCP2	0.416
NOS3	VDAC1	0.495
NOS3	XDH	0.828
NOX1	NOX4	0.998
NOX1	NQO1	0.664
NOX1	PPARG	0.411
NOX1	PTGS2	0.502
NOX1	PXDN	0.554
NOX1	PXDNL	0.532
NOX1	SIRT1	0.458
NOX1	SOD1	0.734
NOX1	SOD2	0.518
NOX1	SRC	0.679
NOX1	TGFB1	0.492
NOX1	TLR4	0.476
NOX1	TNF	0.63
NOX1	TP53	0.665
NOX1	XDH	0.82
NOX4	NQO1	0.534
NOX4	PPARA	0.463
NOX4	PPARG	0.542
NOX4	PPARGC1A	0.524
NOX4	PTEN	0.482
NOX4	PTGS2	0.508
NOX4	PXDN	0.591
NOX4	PXDNL	0.586
NOX4	SIRT1	0.667
NOX4	SOD1	0.602
NOX4	SOD2	0.637
NOX4	SRC	0.699
NOX4	SREBF1	0.512
NOX4	STAT3	0.465
NOX4	TGFB1	0.675
NOX4	TLR4	0.996
NOX4	TNF	0.609
NOX4	TP53	0.519
NOX4	UCP2	0.58
NOX4	XDH	0.726
NPY	NTRK2	0.539
NPY	PPARG	0.479
NPY	PPARGC1A	0.435
NPY	PRKACA	0.492
NPY	PRKACB	0.491
NPY	PRKACG	0.492
NPY	PXDN	0.626
NPY	PXDNL	0.624
NPY	RBFOX3	0.529
NPY	RYR2	0.47
NPY	SIRT1	0.441
NPY	SLC17A7	0.525
NPY	SLC18A3	0.615
NPY	SLC2A4	0.4
NPY	SLC6A3	0.476
NPY	SNAP25	0.43
NPY	SRC	0.607
NPY	STAT3	0.649
NPY	SYN1	0.452
NPY	SYN2	0.406
NPY	SYP	0.527
NPY	SYT1	0.434
NPY	TH	0.83
NPY	TNF	0.677
NPY	UCP2	0.764
NQO1	PARK7	0.685
NQO1	PPARG	0.475
NQO1	PPARGC1A	0.675
NQO1	PRKN	0.461
NQO1	PTGS2	0.578
NQO1	PXDN	0.6
NQO1	PXDNL	0.591
NQO1	SIRT1	0.537
NQO1	SOD1	0.673
NQO1	SOD2	0.692
NQO1	SQSTM1	0.592
NQO1	STAT3	0.427
NQO1	TGFB1	0.406
NQO1	TLR4	0.433
NQO1	TNF	0.712
NQO1	TP53	0.946
NQO1	XDH	0.477
NRGN	SNAP25	0.644
NRGN	SNCA	0.783
NRGN	SYP	0.417
NRGN	SYT1	0.466
NRGN	TREM2	0.432
NTRK2	PPARGC1A	0.408
NTRK2	PTEN	0.435
NTRK2	RBFOX3	0.627
NTRK2	S100B	0.435
NTRK2	SLC17A7	0.679
NTRK2	SLC1A2	0.465
NTRK2	SLC6A3	0.424
NTRK2	SNAP25	0.691
NTRK2	SNCA	0.592
NTRK2	SQSTM1	0.61
NTRK2	SRC	0.786
NTRK2	STAT3	0.422
NTRK2	SYN1	0.644
NTRK2	SYN2	0.507
NTRK2	SYN3	0.418
NTRK2	SYP	0.658
NTRK2	SYT1	0.425
NTRK2	TGFB1	0.581
NTRK2	TH	0.58
NTRK2	TNF	0.641
NTRK2	TP53	0.467
NTRK2	TRAF6	0.444
PARK7	PINK1	0.999
PARK7	PPARGC1A	0.551
PARK7	PRKACA	0.456
PARK7	PRKN	0.999
PARK7	PRNP	0.609
PARK7	PSEN1	0.54
PARK7	PSEN2	0.476
PARK7	PTEN	0.92
PARK7	PXDN	0.411
PARK7	SLC6A3	0.634
PARK7	SNCA	0.994
PARK7	SOD1	0.997
PARK7	SOD2	0.923
PARK7	SORL1	0.508
PARK7	SQSTM1	0.737
PARK7	SYP	0.729
PARK7	TFAM	0.452
PARK7	TH	0.659
PARK7	TP53	0.814
PARK7	TRAF6	0.747
PARK7	VDAC1	0.934
PARK7	VPS35	0.843
PICALM	PSEN1	0.765
PICALM	PSEN2	0.732
PICALM	RAB5A	0.529
PICALM	SCARB2	0.608
PICALM	SIRT1	0.417
PICALM	SLC18A3	0.571
PICALM	SORL1	0.838
PICALM	SYT1	0.601
PICALM	TREM2	0.696
PIN1	PPP2CA	0.443
PIN1	PRKCA	0.428
PIN1	TP53	0.946
PINK1	PPARG	0.401
PINK1	PPARGC1A	0.76
PINK1	PRKACA	0.581
PINK1	PRKACB	0.42
PINK1	PRKACG	0.421
PINK1	PRKN	0.999
PINK1	PRNP	0.414
PINK1	PSEN1	0.665
PINK1	PSEN2	0.568
PINK1	PTEN	0.735
PINK1	PXDN	0.438
PINK1	PXDNL	0.436
PINK1	SIRT1	0.7
PINK1	SLC6A3	0.697
PINK1	SNCA	0.975
PINK1	SOD1	0.651
PINK1	SOD2	0.61
PINK1	SQSTM1	0.979
PINK1	STAT3	0.449
PINK1	TFAM	0.81
PINK1	TFEB	0.609
PINK1	TH	0.631
PINK1	TNF	0.401
PINK1	TP53	0.507
PINK1	TRAF6	0.853
PINK1	UCP2	0.505
PINK1	VDAC1	0.963
PINK1	VPS35	0.854
PON1	PPARA	0.42
PON1	PPARG	0.454
PON1	PSEN1	0.408
PON1	SCARB1	0.541
PON1	SOD2	0.721
PON1	TGFB1	0.428
PON1	TNF	0.477
PON1	XDH	0.48
PPARA	PPARG	0.647
PPARA	PPARGC1A	0.999
PPARA	PRKACA	0.946
PPARA	PRKACB	0.945
PPARA	PRKACG	0.945
PPARA	PRKCA	0.524
PPARA	PTEN	0.464
PPARA	PTGS2	0.729
PPARA	PXDN	0.568
PPARA	PXDNL	0.568
PPARA	RELA	0.535
PPARA	RPS6KB1	0.449
PPARA	SCARB1	0.896
PPARA	SCARB2	0.909
PPARA	SIRT1	0.906
PPARA	SLC2A1	0.693
PPARA	SLC2A4	0.745
PPARA	SOD1	0.479
PPARA	SOD2	0.494
PPARA	SRC	0.608
PPARA	SREBF1	0.885
PPARA	STAT1	0.565
PPARA	STAT3	0.573
PPARA	TFAM	0.635
PPARA	TFEB	0.603
PPARA	TGFB1	0.565
PPARA	TH	0.494
PPARA	TLR2	0.465
PPARA	TLR4	0.634
PPARA	TNF	0.81
PPARA	TP53	0.541
PPARA	UCP2	0.821
PPARA	XDH	0.612
PPARG	PPARGC1A	0.999
PPARG	PRKAA1	0.532
PPARG	PRKACA	0.577
PPARG	PRKACB	0.577
PPARG	PRKACG	0.577
PPARG	PRKCA	0.808
PPARG	PTEN	0.83
PPARG	PTGS2	0.735
PPARG	PTPRC	0.58
PPARG	PXDN	0.661
PPARG	PXDNL	0.661
PPARG	RELA	0.998
PPARG	RPS6KB1	0.565
PPARG	SCARB1	0.821
PPARG	SCARB2	0.862
PPARG	SIGMAR1	0.527
PPARG	SIRT1	0.998
PPARG	SLC2A1	0.575
PPARG	SLC2A4	0.934
PPARG	SOD1	0.511
PPARG	SOD2	0.541
PPARG	SRC	0.736
PPARG	SREBF1	0.982
PPARG	STAT1	0.817
PPARG	STAT3	0.826
PPARG	SYN2	0.467
PPARG	TFAM	0.684
PPARG	TFEB	0.475
PPARG	TGFB1	0.922
PPARG	TH	0.428
PPARG	TLR2	0.59
PPARG	TLR4	0.738
PPARG	TNF	0.807
PPARG	TP53	0.949
PPARG	UCP2	0.859
PPARG	VDAC1	0.41
PPARG	XDH	0.481
PPARGC1A	PRKAA1	0.962
PPARGC1A	PRKACA	0.708
PPARGC1A	PRKACB	0.707
PPARGC1A	PRKACG	0.705
PPARGC1A	PRKN	0.681
PPARGC1A	PTEN	0.491
PPARGC1A	PTGS2	0.521
PPARGC1A	PXDN	0.615
PPARGC1A	PXDNL	0.615
PPARGC1A	RBFOX3	0.405
PPARGC1A	RELA	0.629
PPARGC1A	RPS6KB1	0.601
PPARGC1A	SCARB1	0.671
PPARGC1A	SCARB2	0.674
PPARGC1A	SIRT1	0.999
PPARGC1A	SLC2A1	0.724
PPARGC1A	SLC2A4	0.884
PPARGC1A	SNCA	0.562
PPARGC1A	SOD1	0.958
PPARGC1A	SOD2	0.973
PPARGC1A	SQSTM1	0.508
PPARGC1A	SRC	0.549
PPARGC1A	SREBF1	0.862
PPARGC1A	STAT1	0.623
PPARGC1A	STAT3	0.538
PPARGC1A	TFAM	0.988
PPARGC1A	TFEB	0.609
PPARGC1A	TGFB1	0.484
PPARGC1A	TH	0.433
PPARGC1A	TLR4	0.531
PPARGC1A	TNF	0.646
PPARGC1A	TP53	0.887
PPARGC1A	UCP2	0.928
PPARGC1A	VDAC1	0.623
PPARGC1A	XDH	0.425
PPP2CA	PRKAA1	0.633
PPP2CA	PRKACA	0.421
PPP2CA	PRKACB	0.42
PPP2CA	PRKACG	0.408
PPP2CA	PRKCA	0.928
PPP2CA	PTEN	0.558
PPP2CA	RELA	0.949
PPP2CA	RPS6KB1	0.979
PPP2CA	RYR2	0.944
PPP2CA	SRC	0.822
PPP2CA	STAT1	0.486
PPP2CA	TP53	0.833
PPP2CA	TRAF6	0.437
PPP2CA	VDAC1	0.526
PRKAA1	PRKACA	0.923
PRKAA1	PRKACB	0.925
PRKAA1	PRKACG	0.923
PRKAA1	PTEN	0.457
PRKAA1	SIRT1	0.553
PRKAA1	SLC2A4	0.453
PRKAA1	SQSTM1	0.417
PRKAA1	SREBF1	0.46
PRKAA1	TP53	0.764
PRKACA	PRKACB	0.987
PRKACA	PRKACG	0.965
PRKACA	PRKCA	0.423
PRKACA	PSEN1	0.936
PRKACA	PTEN	0.482
PRKACA	PTGS2	0.585
PRKACA	PXDN	0.574
PRKACA	PXDNL	0.572
PRKACA	RELA	0.992
PRKACA	RPS6KB1	0.934
PRKACA	RYR2	0.994
PRKACA	SIGMAR1	0.582
PRKACA	SIRT1	0.54
PRKACA	SLC2A4	0.475
PRKACA	SLC6A3	0.401
PRKACA	SREBF1	0.453
PRKACA	STAT3	0.497
PRKACA	SYN1	0.489
PRKACA	TGFB1	0.5
PRKACA	TH	0.565
PRKACA	TLR4	0.448
PRKACA	TNF	0.587
PRKACA	TP53	0.524
PRKACA	VDAC1	0.607
PRKACB	PRKACG	0.968
PRKACB	PRKCA	0.432
PRKACB	PSEN1	0.936
PRKACB	PTEN	0.517
PRKACB	PTGS2	0.584
PRKACB	PXDN	0.555
PRKACB	PXDNL	0.554
PRKACB	RELA	0.956
PRKACB	RPS6KB1	0.932
PRKACB	RYR2	0.993
PRKACB	SIGMAR1	0.555
PRKACB	SIRT1	0.542
PRKACB	SLC2A4	0.473
PRKACB	SLC6A3	0.4
PRKACB	SREBF1	0.447
PRKACB	STAT3	0.49
PRKACB	SYN1	0.488
PRKACB	TGFB1	0.474
PRKACB	TH	0.562
PRKACB	TLR4	0.443
PRKACB	TNF	0.587
PRKACB	TP53	0.542
PRKACB	TRAF6	0.705
PRKACB	VDAC1	0.523
PRKACG	PRKCA	0.441
PRKACG	PSEN1	0.935
PRKACG	PTEN	0.482
PRKACG	PTGS2	0.584
PRKACG	PXDN	0.556
PRKACG	PXDNL	0.554
PRKACG	RELA	0.956
PRKACG	RPS6KB1	0.931
PRKACG	RYR2	0.993
PRKACG	SIGMAR1	0.556
PRKACG	SIRT1	0.54
PRKACG	SLC2A4	0.474
PRKACG	SLC6A3	0.401
PRKACG	SREBF1	0.448
PRKACG	STAT3	0.488
PRKACG	SYN1	0.476
PRKACG	TGFB1	0.463
PRKACG	TH	0.564
PRKACG	TLR4	0.434
PRKACG	TNF	0.587
PRKACG	TP53	0.512
PRKACG	VDAC1	0.522
PRKCA	PTEN	0.486
PRKCA	PTGS2	0.626
PRKCA	PTPRC	0.558
PRKCA	PXDN	0.475
PRKCA	PXDNL	0.472
PRKCA	RELA	0.488
PRKCA	SCARB1	0.585
PRKCA	SCARB2	0.579
PRKCA	SLC1A2	0.485
PRKCA	SLC6A3	0.913
PRKCA	SRC	0.867
PRKCA	STAT1	0.553
PRKCA	STAT3	0.644
PRKCA	TGFB1	0.422
PRKCA	TLR4	0.445
PRKCA	TNF	0.676
PRKCA	TP53	0.7
PRKN	PRNP	0.412
PRKN	PSEN1	0.759
PRKN	PSEN2	0.565
PRKN	PTEN	0.641
PRKN	SIRT1	0.519
PRKN	SLC6A3	0.839
PRKN	SNCA	0.999
PRKN	SOD1	0.62
PRKN	SOD2	0.543
PRKN	SQSTM1	0.987
PRKN	SRC	0.541
PRKN	SYN1	0.466
PRKN	TFAM	0.823
PRKN	TFEB	0.538
PRKN	TH	0.764
PRKN	TP53	0.76
PRKN	TRAF6	0.705
PRKN	VDAC1	0.979
PRKN	VPS35	0.932
PRNP	PSEN1	0.822
PRNP	PSEN2	0.771
PRNP	PXDN	0.454
PRNP	PXDNL	0.449
PRNP	RBFOX3	0.401
PRNP	SNCA	0.984
PRNP	SOD1	0.74
PRNP	SORL1	0.43
PRNP	SYN1	0.559
PRNP	SYP	0.588
PRNP	TNF	0.644
PRNP	TREM2	0.416
PSEN1	PSEN2	0.999
PSEN1	PSENEN	0.999
PSEN1	PXDN	0.462
PSEN1	PXDNL	0.454
PSEN1	RBFOX3	0.479
PSEN1	RYR2	0.453
PSEN1	SIRT1	0.446
PSEN1	SLC1A2	0.591
PSEN1	SNCA	0.865
PSEN1	SOD1	0.572
PSEN1	SORL1	0.784
PSEN1	SQSTM1	0.479
PSEN1	SYN1	0.427
PSEN1	SYP	0.62
PSEN1	SYT1	0.846
PSEN1	TNF	0.489
PSEN1	TRAF6	0.866
PSEN1	TREM2	0.853
PSEN1	TYROBP	0.455
PSEN1	VDAC1	0.449
PSEN1	VPS35	0.485
PSEN2	PSENEN	0.999
PSEN2	RYR2	0.415
PSEN2	SNCA	0.602
PSEN2	SOD1	0.477
PSEN2	SORL1	0.778
PSEN2	TRAF6	0.721
PSEN2	TREM2	0.752
PSEN2	VPS35	0.416
PSENEN	TNF	0.874
PSENEN	TRAF6	0.4
PTEN	PTGS2	0.682
PTEN	PTPRC	0.544
PTEN	PXDN	0.691
PTEN	PXDNL	0.682
PTEN	RELA	0.642
PTEN	RPS6KB1	0.914
PTEN	SIRT1	0.757
PTEN	SLC2A1	0.692
PTEN	SLC2A4	0.462
PTEN	SNCA	0.427
PTEN	SOD2	0.439
PTEN	SQSTM1	0.466
PTEN	SRC	0.837
PTEN	SREBF1	0.495
PTEN	STAT1	0.541
PTEN	STAT3	0.794
PTEN	SYP	0.414
PTEN	TGFB1	0.664
PTEN	TLR4	0.535
PTEN	TNF	0.638
PTEN	TP53	0.999
PTEN	TRAF6	0.484
PTGS2	PTPRC	0.473
PTGS2	RELA	0.737
PTGS2	SCARB1	0.486
PTGS2	SCARB2	0.479
PTGS2	SIRT1	0.592
PTGS2	SLC2A1	0.422
PTGS2	SLC2A4	0.59
PTGS2	SNCA	0.428
PTGS2	SOD1	0.523
PTGS2	SOD2	0.547
PTGS2	SQSTM1	0.509
PTGS2	SRC	0.778
PTGS2	SREBF1	0.415
PTGS2	STAT1	0.604
PTGS2	STAT3	0.93
PTGS2	TGFB1	0.688
PTGS2	TH	0.413
PTGS2	TLR2	0.756
PTGS2	TLR4	0.787
PTGS2	TNF	0.916
PTGS2	TP53	0.974
PTGS2	TRAF6	0.493
PTGS2	XDH	0.704
PTPRC	PXDN	0.713
PTPRC	PXDNL	0.712
PTPRC	RBFOX3	0.516
PTPRC	RELA	0.439
PTPRC	S100B	0.411
PTPRC	SCARB1	0.746
PTPRC	SCARB2	0.746
PTPRC	SLC17A7	0.401
PTPRC	SRC	0.683
PTPRC	STAT1	0.764
PTPRC	STAT3	0.662
PTPRC	SYP	0.59
PTPRC	TGFB1	0.701
PTPRC	TLR2	0.712
PTPRC	TLR4	0.768
PTPRC	TMEM119	0.556
PTPRC	TNF	0.833
PTPRC	TP53	0.624
PTPRC	TREM2	0.527
PTPRC	TYROBP	0.828
PXDN	PXDNL	0.981
PXDN	RAB5A	0.608
PXDN	RBFOX3	0.737
PXDN	RELA	0.526
PXDN	RPS6KB1	0.682
PXDN	S100B	0.447
PXDN	SCARB1	0.532
PXDN	SCARB2	0.51
PXDN	SIRT1	0.639
PXDN	SLC17A7	0.433
PXDN	SLC2A1	0.482
PXDN	SLC2A4	0.575
PXDN	SLC6A3	0.409
PXDN	SNCA	0.57
PXDN	SOD1	0.614
PXDN	SOD2	0.598
PXDN	SQSTM1	0.612
PXDN	SRC	0.675
PXDN	SREBF1	0.52
PXDN	STAT1	0.613
PXDN	STAT3	0.824
PXDN	SYN1	0.491
PXDN	SYN3	0.533
PXDN	SYP	0.681
PXDN	TFAM	0.474
PXDN	TGFB1	0.725
PXDN	TH	0.743
PXDN	TNF	0.8
PXDN	TP53	0.821
PXDN	TRAF6	0.486
PXDN	UCP2	0.416
PXDN	VDAC1	0.588
PXDN	XDH	0.723
PXDNL	RAB5A	0.606
PXDNL	RBFOX3	0.737
PXDNL	RELA	0.525
PXDNL	RPS6KB1	0.68
PXDNL	S100B	0.447
PXDNL	SCARB1	0.526
PXDNL	SCARB2	0.485
PXDNL	SIRT1	0.639
PXDNL	SLC17A7	0.433
PXDNL	SLC2A1	0.481
PXDNL	SLC2A4	0.575
PXDNL	SLC6A3	0.409
PXDNL	SNCA	0.569
PXDNL	SOD1	0.608
PXDNL	SOD2	0.598
PXDNL	SQSTM1	0.611
PXDNL	SRC	0.675
PXDNL	SREBF1	0.52
PXDNL	STAT1	0.613
PXDNL	STAT3	0.824
PXDNL	SYN1	0.491
PXDNL	SYN3	0.535
PXDNL	SYP	0.681
PXDNL	TFAM	0.47
PXDNL	TGFB1	0.724
PXDNL	TH	0.743
PXDNL	TNF	0.8
PXDNL	TP53	0.821
PXDNL	TRAF6	0.487
PXDNL	UCP2	0.415
PXDNL	VDAC1	0.585
PXDNL	XDH	0.723
RAB5A	SLC6A3	0.522
RAB5A	SNCA	0.557
RAB5A	SORL1	0.469
RAB5A	SQSTM1	0.509
RAB5A	SRC	0.497
RAB5A	TFEB	0.417
RAB5A	TNF	0.524
RAB5A	VPS35	0.764
RBFOX3	S100B	0.778
RBFOX3	SLC17A7	0.759
RBFOX3	SLC18A3	0.421
RBFOX3	SLC1A2	0.637
RBFOX3	SLC6A3	0.438
RBFOX3	SNAP25	0.576
RBFOX3	SNCA	0.699
RBFOX3	SOD1	0.469
RBFOX3	SYN1	0.759
RBFOX3	SYN2	0.648
RBFOX3	SYN3	0.623
RBFOX3	SYP	0.801
RBFOX3	SYT1	0.462
RBFOX3	TH	0.713
RBFOX3	TLR4	0.569
RBFOX3	TMEM119	0.478
RBFOX3	TNF	0.554
RBFOX3	TP53	0.42
RBFOX3	TREM2	0.401
RELA	S100B	0.505
RELA	SCARB1	0.523
RELA	SIRT1	0.995
RELA	SQSTM1	0.912
RELA	SRC	0.535
RELA	STAT1	0.864
RELA	STAT3	0.992
RELA	TGFB1	0.484
RELA	TLR2	0.956
RELA	TLR4	0.966
RELA	TNF	0.997
RELA	TP53	0.955
RELA	TRAF6	0.867
RPS6KB1	SIRT1	0.712
RPS6KB1	SLC2A1	0.47
RPS6KB1	SLC2A4	0.593
RPS6KB1	SOD2	0.455
RPS6KB1	SQSTM1	0.834
RPS6KB1	SRC	0.502
RPS6KB1	SREBF1	0.627
RPS6KB1	STAT1	0.529
RPS6KB1	STAT3	0.631
RPS6KB1	TFAM	0.433
RPS6KB1	TFEB	0.617
RPS6KB1	TGFB1	0.451
RPS6KB1	TLR4	0.405
RPS6KB1	TNF	0.555
RPS6KB1	TP53	0.7
RYR2	VDAC1	0.529
S100B	SLC17A7	0.488
S100B	SLC1A2	0.691
S100B	SNAP25	0.401
S100B	SNCA	0.513
S100B	SOD1	0.407
S100B	SRC	0.477
S100B	STAT3	0.424
S100B	SYN1	0.492
S100B	SYP	0.528
S100B	TH	0.479
S100B	TLR4	0.844
S100B	TNF	0.58
S100B	TP53	0.995
S100B	TREM2	0.428
SCARB1	SIRT1	0.678
SCARB1	SLC2A1	0.516
SCARB1	SLC2A4	0.693
SCARB1	SNCA	0.578
SCARB1	SRC	0.834
SCARB1	SREBF1	0.773
SCARB1	STAT1	0.411
SCARB1	STAT3	0.483
SCARB1	TGFB1	0.529
SCARB1	TLR2	0.996
SCARB1	TLR4	0.996
SCARB1	TNF	0.708
SCARB1	TP53	0.439
SCARB1	TREM2	0.513
SCARB1	UCP2	0.564
SCARB2	SIRT1	0.661
SCARB2	SLC18A3	0.4
SCARB2	SLC2A1	0.508
SCARB2	SLC2A4	0.698
SCARB2	SNCA	0.682
SCARB2	SRC	0.703
SCARB2	SREBF1	0.72
SCARB2	STAT1	0.469
SCARB2	STAT3	0.508
SCARB2	TGFB1	0.527
SCARB2	TLR2	0.996
SCARB2	TLR4	0.996
SCARB2	TNF	0.68
SCARB2	TP53	0.416
SCARB2	TREM2	0.525
SCARB2	UCP2	0.564
SIGMAR1	SLC18A3	0.678
SIGMAR1	SLC6A3	0.687
SIGMAR1	SOD1	0.566
SIGMAR1	VDAC1	0.848
SIRT1	SLC2A1	0.456
SIRT1	SLC2A4	0.616
SIRT1	SNCA	0.518
SIRT1	SOD1	0.638
SIRT1	SOD2	0.773
SIRT1	SQSTM1	0.707
SIRT1	SRC	0.454
SIRT1	SREBF1	0.87
SIRT1	STAT1	0.635
SIRT1	STAT3	0.817
SIRT1	TFAM	0.903
SIRT1	TFEB	0.543
SIRT1	TGFB1	0.594
SIRT1	TLR4	0.609
SIRT1	TNF	0.706
SIRT1	TP53	0.999
SIRT1	TRAF6	0.455
SIRT1	UCP2	0.668
SIRT1	VDAC1	0.431
SIRT1	XDH	0.477
SLC17A7	SLC18A3	0.979
SLC17A7	SLC1A2	0.833
SLC17A7	SLC6A3	0.641
SLC17A7	SNAP25	0.85
SLC17A7	SNCA	0.41
SLC17A7	SYN1	0.895
SLC17A7	SYN2	0.851
SLC17A7	SYN3	0.809
SLC17A7	SYP	0.88
SLC17A7	SYT1	0.946
SLC17A7	TH	0.626
SLC18A3	SLC5A7	0.872
SLC18A3	SLC6A3	0.491
SLC18A3	SNAP25	0.701
SLC18A3	SYN1	0.509
SLC18A3	SYN2	0.438
SLC18A3	SYN3	0.418
SLC18A3	SYP	0.59
SLC18A3	SYT1	0.886
SLC18A3	TH	0.785
SLC1A2	SLC2A1	0.564
SLC1A2	SLC6A3	0.54
SLC1A2	SNAP25	0.602
SLC1A2	SNCA	0.812
SLC1A2	SOD1	0.731
SLC1A2	SYN1	0.511
SLC1A2	SYP	0.515
SLC1A2	SYT1	0.454
SLC1A2	TH	0.475
SLC1A2	TNF	0.451
SLC2A1	SLC2A4	0.909
SLC2A1	SOD2	0.41
SLC2A1	SRC	0.414
SLC2A1	SREBF1	0.5
SLC2A1	STAT3	0.489
SLC2A1	TNF	0.816
SLC2A1	TP53	0.967
SLC2A4	SORL1	0.585
SLC2A4	SRC	0.415
SLC2A4	SREBF1	0.729
SLC2A4	STAT3	0.41
SLC2A4	TFAM	0.518
SLC2A4	TLR4	0.442
SLC2A4	TNF	0.621
SLC2A4	TP53	0.482
SLC2A4	UCP2	0.603
SLC5A7	SLC6A3	0.431
SLC6A3	SNAP25	0.588
SLC6A3	SNCA	0.996
SLC6A3	SYN1	0.475
SLC6A3	SYN2	0.416
SLC6A3	SYN3	0.471
SLC6A3	SYP	0.482
SLC6A3	TH	0.95
SLC6A3	VPS35	0.418
SNAP25	SNCA	0.779
SNAP25	SYN1	0.97
SNAP25	SYN2	0.921
SNAP25	SYN3	0.892
SNAP25	SYP	0.98
SNAP25	SYT1	0.999
SNAP25	TH	0.422
SNAP25	TNF	0.546
SNAP25	TP53	0.463
SNCA	SOD1	0.897
SNCA	SORL1	0.435
SNCA	SQSTM1	0.889
SNCA	SRC	0.508
SNCA	SYN1	0.814
SNCA	SYN2	0.487
SNCA	SYN3	0.703
SNCA	SYP	0.686
SNCA	SYT1	0.627
SNCA	TFAM	0.411
SNCA	TFEB	0.587
SNCA	TH	0.997
SNCA	TLR2	0.906
SNCA	TLR4	0.752
SNCA	TNF	0.594
SNCA	TP53	0.681
SNCA	TRAF6	0.633
SNCA	TREM2	0.553
SNCA	VDAC1	0.979
SNCA	VPS35	0.778
SOD1	SOD2	0.994
SOD1	SQSTM1	0.91
SOD1	SREBF1	0.582
SOD1	SYP	0.407
SOD1	TFAM	0.448
SOD1	TLR2	0.567
SOD1	TLR4	0.631
SOD1	TNF	0.574
SOD1	TP53	0.514
SOD1	TREM2	0.418
SOD1	UCP2	0.404
SOD1	VDAC1	0.996
SOD1	XDH	0.612
SOD2	SREBF1	0.598
SOD2	STAT3	0.518
SOD2	TFAM	0.805
SOD2	TGFB1	0.438
SOD2	TLR4	0.474
SOD2	TNF	0.611
SOD2	TP53	0.644
SOD2	UCP2	0.614
SOD2	VDAC1	0.777
SOD2	XDH	0.519
SORL1	TLR2	0.437
SORL1	TREM2	0.727
SORL1	VPS35	0.877
SQSTM1	SRC	0.624
SQSTM1	STAT1	0.526
SQSTM1	STAT3	0.68
SQSTM1	TFAM	0.431
SQSTM1	TFEB	0.747
SQSTM1	TGFB1	0.618
SQSTM1	TLR4	0.577
SQSTM1	TNF	0.675
SQSTM1	TP53	0.901
SQSTM1	TRAF6	0.999
SQSTM1	VDAC1	0.994
SRC	STAT1	0.936
SRC	STAT3	0.999
SRC	SYN1	0.668
SRC	SYN2	0.434
SRC	TGFB1	0.787
SRC	TH	0.518
SRC	TLR2	0.697
SRC	TLR4	0.88
SRC	TNF	0.904
SRC	TP53	0.884
SRC	TRAF6	0.996
SRC	TYROBP	0.843
SREBF1	STAT3	0.521
SREBF1	TFAM	0.431
SREBF1	TGFB1	0.435
SREBF1	TLR4	0.487
SREBF1	TNF	0.608
SREBF1	TP53	0.801
SREBF1	UCP2	0.848
STAT1	STAT3	0.999
STAT1	TGFB1	0.647
STAT1	TLR2	0.681
STAT1	TLR4	0.867
STAT1	TNF	0.875
STAT1	TP53	0.781
STAT1	TRAF6	0.902
STAT1	TYROBP	0.508
STAT3	TFAM	0.577
STAT3	TGFB1	0.87
STAT3	TLR2	0.656
STAT3	TLR4	0.846
STAT3	TNF	0.939
STAT3	TP53	0.994
STAT3	TRAF6	0.887
SYN1	SYN2	0.726
SYN1	SYN3	0.545
SYN1	SYP	0.984
SYN1	SYT1	0.945
SYN1	TH	0.626
SYN2	SYN3	0.854
SYN2	SYP	0.798
SYN2	SYT1	0.888
SYN2	TH	0.523
SYN3	SYP	0.765
SYN3	SYT1	0.864
SYN3	TH	0.523
SYP	SYT1	0.942
SYP	TH	0.761
SYP	TP53	0.628
TFAM	TFEB	0.451
TFAM	TNF	0.411
TFAM	TP53	0.959
TFAM	UCP2	0.652
TFAM	VDAC1	0.808
TFEB	TP53	0.454
TGFB1	TLR2	0.676
TGFB1	TLR4	0.721
TGFB1	TNF	0.941
TGFB1	TP53	0.809
TGFB1	TRAF6	0.455
TGFB1	XDH	0.409
TH	TLR4	0.555
TH	TNF	0.496
TH	UCP2	0.617
TLR2	TLR4	0.999
TLR2	TMEM119	0.406
TLR2	TNF	0.951
TLR2	TP53	0.435
TLR2	TRAF6	0.909
TLR2	TREM2	0.525
TLR2	TYROBP	0.681
TLR2	VDAC1	0.788
TLR4	TNF	0.969
TLR4	TP53	0.592
TLR4	TRAF6	0.999
TLR4	TREM2	0.762
TLR4	TYROBP	0.736
TLR4	XDH	0.82
TMEM119	TREM2	0.814
TMEM119	TYROBP	0.655
TNF	TP53	0.865
TNF	TRAF6	0.998
TNF	TREM2	0.59
TNF	TYROBP	0.7
TNF	UCP2	0.649
TNF	XDH	0.598
TP53	TRAF6	0.954
TP53	UCP2	0.411
TP53	VDAC1	0.772
TP53	XDH	0.431
TRAF6	TYROBP	0.408
TREM2	TYROBP	0.999
UCP2	VDAC1	0.46
VDAC1	VPS35	0.467
